InnerTube ответ (https://www.youtube.com/youtubei/v1/search) содержит consent — возможна заглушка YouTube. Проверьте debug_yt_response.json
--- Logging error ---
Traceback (most recent call last):
  File "C:\Users\dayta\AppData\Local\Programs\Python\Python311\Lib\logging\__init__.py", line 1113, in emit
    stream.write(msg + self.terminator)
  File "C:\Users\dayta\AppData\Local\Programs\Python\Python311\Lib\encodings\cp1251.py", line 19, in encode
    return codecs.charmap_encode(input,self.errors,encoding_table)[0]
           ^^^^^^^^^^^^^^^^^^^^^^^^^^^^^^^^^^^^^^^^^^^^^^^^^^^^^^^
UnicodeEncodeError: 'charmap' codec can't encode characters in position 117-120: character maps to <undefined>
Call stack:
  File "C:\Projects\Сайт анализ ниш1\scripts\run_discovery_worker.py", line 117, in <module>
    raise SystemExit(main())
  File "C:\Projects\Сайт анализ ниш1\scripts\run_discovery_worker.py", line 99, in main
    run_discovery_worker(
  File "C:\Projects\Сайт анализ ниш1\app\services\discovery_worker_runtime.py", line 118, in run_discovery_worker
    summary = run_discovery_cycle(
  File "C:\Projects\Сайт анализ ниш1\app\services\discovery_cycle.py", line 491, in run_discovery_cycle
    return asyncio.run(
  File "C:\Users\dayta\AppData\Local\Programs\Python\Python311\Lib\asyncio\runners.py", line 190, in run
    return runner.run(main)
  File "C:\Users\dayta\AppData\Local\Programs\Python\Python311\Lib\asyncio\runners.py", line 118, in run
    return self._loop.run_until_complete(task)
  File "C:\Users\dayta\AppData\Local\Programs\Python\Python311\Lib\asyncio\base_events.py", line 640, in run_until_complete
    self.run_forever()
  File "C:\Users\dayta\AppData\Local\Programs\Python\Python311\Lib\asyncio\windows_events.py", line 321, in run_forever
    super().run_forever()
  File "C:\Users\dayta\AppData\Local\Programs\Python\Python311\Lib\asyncio\base_events.py", line 607, in run_forever
    self._run_once()
  File "C:\Users\dayta\AppData\Local\Programs\Python\Python311\Lib\asyncio\base_events.py", line 1922, in _run_once
    handle._run()
  File "C:\Users\dayta\AppData\Local\Programs\Python\Python311\Lib\asyncio\events.py", line 80, in _run
    self._context.run(self._callback, *self._args)
  File "C:\Projects\Сайт анализ ниш1\app\services\discovery_cycle.py", line 322, in run_discovery_cycle_async
    persist_results, kw_duplicates_from_batch = batch_persist_discovered_videos(
  File "C:\Projects\Сайт анализ ниш1\app\services\discovered_video_batch.py", line 63, in batch_persist_discovered_videos
    outcome = persist_discovered_video(
  File "C:\Projects\Сайт анализ ниш1\app\services\discovered_video_persistence.py", line 202, in persist_discovered_video
    _upsert_discovered_channel(
  File "C:\Projects\Сайт анализ ниш1\app\services\discovered_video_persistence.py", line 150, in _upsert_discovered_channel
    session.execute(
  File "C:\Users\dayta\AppData\Local\Programs\Python\Python311\Lib\site-packages\sqlalchemy\orm\session.py", line 2373, in execute
    return self._execute_internal(
  File "C:\Users\dayta\AppData\Local\Programs\Python\Python311\Lib\site-packages\sqlalchemy\orm\session.py", line 2271, in _execute_internal
    result: Result[Any] = compile_state_cls.orm_execute_statement(
  File "C:\Users\dayta\AppData\Local\Programs\Python\Python311\Lib\site-packages\sqlalchemy\orm\bulk_persistence.py", line 1306, in orm_execute_statement
    result = conn.execute(
  File "C:\Users\dayta\AppData\Local\Programs\Python\Python311\Lib\site-packages\sqlalchemy\engine\base.py", line 1421, in execute
    return meth(
  File "C:\Users\dayta\AppData\Local\Programs\Python\Python311\Lib\site-packages\sqlalchemy\sql\elements.py", line 526, in _execute_on_connection
    return connection._execute_clauseelement(
  File "C:\Users\dayta\AppData\Local\Programs\Python\Python311\Lib\site-packages\sqlalchemy\engine\base.py", line 1643, in _execute_clauseelement
    ret = self._execute_context(
  File "C:\Users\dayta\AppData\Local\Programs\Python\Python311\Lib\site-packages\sqlalchemy\engine\base.py", line 1848, in _execute_context
    return self._exec_single_context(
  File "C:\Users\dayta\AppData\Local\Programs\Python\Python311\Lib\site-packages\sqlalchemy\engine\base.py", line 1906, in _exec_single_context
    self._log_info(
  File "C:\Users\dayta\AppData\Local\Programs\Python\Python311\Lib\site-packages\sqlalchemy\engine\base.py", line 188, in _log_info
    self.engine.logger.info(message, *arg, **kw)
  File "C:\Users\dayta\AppData\Local\Programs\Python\Python311\Lib\site-packages\sqlalchemy\log.py", line 159, in info
    self.log(logging.INFO, msg, *args, **kwargs)
  File "C:\Users\dayta\AppData\Local\Programs\Python\Python311\Lib\site-packages\sqlalchemy\log.py", line 210, in log
    self.logger._log(level, msg, args, **kwargs)
Message: '[%s] %r'
Arguments: ('no key 0.00030s', {'id': 'UCxP6SWS7WbCHpX9DVlWJeAw', 'title': '\u064a\u0642\u064a\u0646 \u0644\u0644\u062d\u0642\u0627\u0626\u0628 \u0627\u0644\u062a\u062f\u0631\u064a\u0628\u064a\u0629', 'subscribers_count': 0, 'topic': None, 'custom_url': None, 'created_at': datetime.datetime(2026, 10, 6, 15, 35, 10, 164886, tzinfo=datetime.timezone.utc), 'param_1': '\u064a\u0642\u064a\u0646 \u0644\u0644\u062d\u0642\u0627\u0626\u0628 \u0627\u0644\u062a\u062f\u0631\u064a\u0628\u064a\u0629', 'param_2': datetime.datetime(2026, 10, 6, 15, 35, 10, 164886, tzinfo=datetime.timezone.utc)})
--- Logging error ---
Traceback (most recent call last):
  File "C:\Users\dayta\AppData\Local\Programs\Python\Python311\Lib\logging\__init__.py", line 1113, in emit
    stream.write(msg + self.terminator)
  File "C:\Users\dayta\AppData\Local\Programs\Python\Python311\Lib\encodings\cp1251.py", line 19, in encode
    return codecs.charmap_encode(input,self.errors,encoding_table)[0]
           ^^^^^^^^^^^^^^^^^^^^^^^^^^^^^^^^^^^^^^^^^^^^^^^^^^^^^^^
UnicodeEncodeError: 'charmap' codec can't encode character '\xe3' in position 120: character maps to <undefined>
Call stack:
  File "C:\Projects\Сайт анализ ниш1\scripts\run_discovery_worker.py", line 117, in <module>
    raise SystemExit(main())
  File "C:\Projects\Сайт анализ ниш1\scripts\run_discovery_worker.py", line 99, in main
    run_discovery_worker(
  File "C:\Projects\Сайт анализ ниш1\app\services\discovery_worker_runtime.py", line 118, in run_discovery_worker
    summary = run_discovery_cycle(
  File "C:\Projects\Сайт анализ ниш1\app\services\discovery_cycle.py", line 491, in run_discovery_cycle
    return asyncio.run(
  File "C:\Users\dayta\AppData\Local\Programs\Python\Python311\Lib\asyncio\runners.py", line 190, in run
    return runner.run(main)
  File "C:\Users\dayta\AppData\Local\Programs\Python\Python311\Lib\asyncio\runners.py", line 118, in run
    return self._loop.run_until_complete(task)
  File "C:\Users\dayta\AppData\Local\Programs\Python\Python311\Lib\asyncio\base_events.py", line 640, in run_until_complete
    self.run_forever()
  File "C:\Users\dayta\AppData\Local\Programs\Python\Python311\Lib\asyncio\windows_events.py", line 321, in run_forever
    super().run_forever()
  File "C:\Users\dayta\AppData\Local\Programs\Python\Python311\Lib\asyncio\base_events.py", line 607, in run_forever
    self._run_once()
  File "C:\Users\dayta\AppData\Local\Programs\Python\Python311\Lib\asyncio\base_events.py", line 1922, in _run_once
    handle._run()
  File "C:\Users\dayta\AppData\Local\Programs\Python\Python311\Lib\asyncio\events.py", line 80, in _run
    self._context.run(self._callback, *self._args)
  File "C:\Projects\Сайт анализ ниш1\app\services\discovery_cycle.py", line 322, in run_discovery_cycle_async
    persist_results, kw_duplicates_from_batch = batch_persist_discovered_videos(
  File "C:\Projects\Сайт анализ ниш1\app\services\discovered_video_batch.py", line 63, in batch_persist_discovered_videos
    outcome = persist_discovered_video(
  File "C:\Projects\Сайт анализ ниш1\app\services\discovered_video_persistence.py", line 202, in persist_discovered_video
    _upsert_discovered_channel(
  File "C:\Projects\Сайт анализ ниш1\app\services\discovered_video_persistence.py", line 150, in _upsert_discovered_channel
    session.execute(
  File "C:\Users\dayta\AppData\Local\Programs\Python\Python311\Lib\site-packages\sqlalchemy\orm\session.py", line 2373, in execute
    return self._execute_internal(
  File "C:\Users\dayta\AppData\Local\Programs\Python\Python311\Lib\site-packages\sqlalchemy\orm\session.py", line 2271, in _execute_internal
    result: Result[Any] = compile_state_cls.orm_execute_statement(
  File "C:\Users\dayta\AppData\Local\Programs\Python\Python311\Lib\site-packages\sqlalchemy\orm\bulk_persistence.py", line 1306, in orm_execute_statement
    result = conn.execute(
  File "C:\Users\dayta\AppData\Local\Programs\Python\Python311\Lib\site-packages\sqlalchemy\engine\base.py", line 1421, in execute
    return meth(
  File "C:\Users\dayta\AppData\Local\Programs\Python\Python311\Lib\site-packages\sqlalchemy\sql\elements.py", line 526, in _execute_on_connection
    return connection._execute_clauseelement(
  File "C:\Users\dayta\AppData\Local\Programs\Python\Python311\Lib\site-packages\sqlalchemy\engine\base.py", line 1643, in _execute_clauseelement
    ret = self._execute_context(
  File "C:\Users\dayta\AppData\Local\Programs\Python\Python311\Lib\site-packages\sqlalchemy\engine\base.py", line 1848, in _execute_context
    return self._exec_single_context(
  File "C:\Users\dayta\AppData\Local\Programs\Python\Python311\Lib\site-packages\sqlalchemy\engine\base.py", line 1906, in _exec_single_context
    self._log_info(
  File "C:\Users\dayta\AppData\Local\Programs\Python\Python311\Lib\site-packages\sqlalchemy\engine\base.py", line 188, in _log_info
    self.engine.logger.info(message, *arg, **kw)
  File "C:\Users\dayta\AppData\Local\Programs\Python\Python311\Lib\site-packages\sqlalchemy\log.py", line 159, in info
    self.log(logging.INFO, msg, *args, **kwargs)
  File "C:\Users\dayta\AppData\Local\Programs\Python\Python311\Lib\site-packages\sqlalchemy\log.py", line 210, in log
    self.logger._log(level, msg, args, **kwargs)
Message: '[%s] %r'
Arguments: ('no key 0.00037s', {'id': 'UCxApagv0su_tnTd4GC6X0Yg', 'title': 'Cay\xe3n Vanderlinde', 'subscribers_count': 0, 'topic': None, 'custom_url': None, 'created_at': datetime.datetime(2026, 10, 6, 15, 35, 10, 464675, tzinfo=datetime.timezone.utc), 'param_1': 'Cay\xe3n Vanderlinde', 'param_2': datetime.datetime(2026, 10, 6, 15, 35, 10, 464675, tzinfo=datetime.timezone.utc)})
--- Logging error ---
Traceback (most recent call last):
  File "C:\Users\dayta\AppData\Local\Programs\Python\Python311\Lib\logging\__init__.py", line 1113, in emit
    stream.write(msg + self.terminator)
  File "C:\Users\dayta\AppData\Local\Programs\Python\Python311\Lib\encodings\cp1251.py", line 19, in encode
    return codecs.charmap_encode(input,self.errors,encoding_table)[0]
           ^^^^^^^^^^^^^^^^^^^^^^^^^^^^^^^^^^^^^^^^^^^^^^^^^^^^^^^
UnicodeEncodeError: 'charmap' codec can't encode character '\U0001f43e' in position 123: character maps to <undefined>
Call stack:
  File "C:\Projects\Сайт анализ ниш1\scripts\run_discovery_worker.py", line 117, in <module>
    raise SystemExit(main())
  File "C:\Projects\Сайт анализ ниш1\scripts\run_discovery_worker.py", line 99, in main
    run_discovery_worker(
  File "C:\Projects\Сайт анализ ниш1\app\services\discovery_worker_runtime.py", line 118, in run_discovery_worker
    summary = run_discovery_cycle(
  File "C:\Projects\Сайт анализ ниш1\app\services\discovery_cycle.py", line 491, in run_discovery_cycle
    return asyncio.run(
  File "C:\Users\dayta\AppData\Local\Programs\Python\Python311\Lib\asyncio\runners.py", line 190, in run
    return runner.run(main)
  File "C:\Users\dayta\AppData\Local\Programs\Python\Python311\Lib\asyncio\runners.py", line 118, in run
    return self._loop.run_until_complete(task)
  File "C:\Users\dayta\AppData\Local\Programs\Python\Python311\Lib\asyncio\base_events.py", line 640, in run_until_complete
    self.run_forever()
  File "C:\Users\dayta\AppData\Local\Programs\Python\Python311\Lib\asyncio\windows_events.py", line 321, in run_forever
    super().run_forever()
  File "C:\Users\dayta\AppData\Local\Programs\Python\Python311\Lib\asyncio\base_events.py", line 607, in run_forever
    self._run_once()
  File "C:\Users\dayta\AppData\Local\Programs\Python\Python311\Lib\asyncio\base_events.py", line 1922, in _run_once
    handle._run()
  File "C:\Users\dayta\AppData\Local\Programs\Python\Python311\Lib\asyncio\events.py", line 80, in _run
    self._context.run(self._callback, *self._args)
  File "C:\Projects\Сайт анализ ниш1\app\services\discovery_cycle.py", line 322, in run_discovery_cycle_async
    persist_results, kw_duplicates_from_batch = batch_persist_discovered_videos(
  File "C:\Projects\Сайт анализ ниш1\app\services\discovered_video_batch.py", line 63, in batch_persist_discovered_videos
    outcome = persist_discovered_video(
  File "C:\Projects\Сайт анализ ниш1\app\services\discovered_video_persistence.py", line 202, in persist_discovered_video
    _upsert_discovered_channel(
  File "C:\Projects\Сайт анализ ниш1\app\services\discovered_video_persistence.py", line 150, in _upsert_discovered_channel
    session.execute(
  File "C:\Users\dayta\AppData\Local\Programs\Python\Python311\Lib\site-packages\sqlalchemy\orm\session.py", line 2373, in execute
    return self._execute_internal(
  File "C:\Users\dayta\AppData\Local\Programs\Python\Python311\Lib\site-packages\sqlalchemy\orm\session.py", line 2271, in _execute_internal
    result: Result[Any] = compile_state_cls.orm_execute_statement(
  File "C:\Users\dayta\AppData\Local\Programs\Python\Python311\Lib\site-packages\sqlalchemy\orm\bulk_persistence.py", line 1306, in orm_execute_statement
    result = conn.execute(
  File "C:\Users\dayta\AppData\Local\Programs\Python\Python311\Lib\site-packages\sqlalchemy\engine\base.py", line 1421, in execute
    return meth(
  File "C:\Users\dayta\AppData\Local\Programs\Python\Python311\Lib\site-packages\sqlalchemy\sql\elements.py", line 526, in _execute_on_connection
    return connection._execute_clauseelement(
  File "C:\Users\dayta\AppData\Local\Programs\Python\Python311\Lib\site-packages\sqlalchemy\engine\base.py", line 1643, in _execute_clauseelement
    ret = self._execute_context(
  File "C:\Users\dayta\AppData\Local\Programs\Python\Python311\Lib\site-packages\sqlalchemy\engine\base.py", line 1848, in _execute_context
    return self._exec_single_context(
  File "C:\Users\dayta\AppData\Local\Programs\Python\Python311\Lib\site-packages\sqlalchemy\engine\base.py", line 1906, in _exec_single_context
    self._log_info(
  File "C:\Users\dayta\AppData\Local\Programs\Python\Python311\Lib\site-packages\sqlalchemy\engine\base.py", line 188, in _log_info
    self.engine.logger.info(message, *arg, **kw)
  File "C:\Users\dayta\AppData\Local\Programs\Python\Python311\Lib\site-packages\sqlalchemy\log.py", line 159, in info
    self.log(logging.INFO, msg, *args, **kwargs)
  File "C:\Users\dayta\AppData\Local\Programs\Python\Python311\Lib\site-packages\sqlalchemy\log.py", line 210, in log
    self.logger._log(level, msg, args, **kwargs)
Message: '[%s] %r'
Arguments: ('no key 0.00046s', {'id': 'UCSg-p_6-5OGJCgdc6u8QeCg', 'title': 'Amanda\U0001f43eMarie\U0001f43eBrinkley', 'subscribers_count': 0, 'topic': None, 'custom_url': None, 'created_at': datetime.datetime(2026, 10, 6, 15, 35, 10, 641942, tzinfo=datetime.timezone.utc), 'param_1': 'Amanda\U0001f43eMarie\U0001f43eBrinkley', 'param_2': datetime.datetime(2026, 10, 6, 15, 35, 10, 641942, tzinfo=datetime.timezone.utc)})
--- Logging error ---
Traceback (most recent call last):
  File "C:\Users\dayta\AppData\Local\Programs\Python\Python311\Lib\logging\__init__.py", line 1113, in emit
    stream.write(msg + self.terminator)
  File "C:\Users\dayta\AppData\Local\Programs\Python\Python311\Lib\encodings\cp1251.py", line 19, in encode
    return codecs.charmap_encode(input,self.errors,encoding_table)[0]
           ^^^^^^^^^^^^^^^^^^^^^^^^^^^^^^^^^^^^^^^^^^^^^^^^^^^^^^^
UnicodeEncodeError: 'charmap' codec can't encode character '\xd4' in position 119: character maps to <undefined>
Call stack:
  File "C:\Projects\Сайт анализ ниш1\scripts\run_discovery_worker.py", line 117, in <module>
    raise SystemExit(main())
  File "C:\Projects\Сайт анализ ниш1\scripts\run_discovery_worker.py", line 99, in main
    run_discovery_worker(
  File "C:\Projects\Сайт анализ ниш1\app\services\discovery_worker_runtime.py", line 118, in run_discovery_worker
    summary = run_discovery_cycle(
  File "C:\Projects\Сайт анализ ниш1\app\services\discovery_cycle.py", line 491, in run_discovery_cycle
    return asyncio.run(
  File "C:\Users\dayta\AppData\Local\Programs\Python\Python311\Lib\asyncio\runners.py", line 190, in run
    return runner.run(main)
  File "C:\Users\dayta\AppData\Local\Programs\Python\Python311\Lib\asyncio\runners.py", line 118, in run
    return self._loop.run_until_complete(task)
  File "C:\Users\dayta\AppData\Local\Programs\Python\Python311\Lib\asyncio\base_events.py", line 640, in run_until_complete
    self.run_forever()
  File "C:\Users\dayta\AppData\Local\Programs\Python\Python311\Lib\asyncio\windows_events.py", line 321, in run_forever
    super().run_forever()
  File "C:\Users\dayta\AppData\Local\Programs\Python\Python311\Lib\asyncio\base_events.py", line 607, in run_forever
    self._run_once()
  File "C:\Users\dayta\AppData\Local\Programs\Python\Python311\Lib\asyncio\base_events.py", line 1922, in _run_once
    handle._run()
  File "C:\Users\dayta\AppData\Local\Programs\Python\Python311\Lib\asyncio\events.py", line 80, in _run
    self._context.run(self._callback, *self._args)
  File "C:\Projects\Сайт анализ ниш1\app\services\discovery_cycle.py", line 322, in run_discovery_cycle_async
    persist_results, kw_duplicates_from_batch = batch_persist_discovered_videos(
  File "C:\Projects\Сайт анализ ниш1\app\services\discovered_video_batch.py", line 63, in batch_persist_discovered_videos
    outcome = persist_discovered_video(
  File "C:\Projects\Сайт анализ ниш1\app\services\discovered_video_persistence.py", line 202, in persist_discovered_video
    _upsert_discovered_channel(
  File "C:\Projects\Сайт анализ ниш1\app\services\discovered_video_persistence.py", line 150, in _upsert_discovered_channel
    session.execute(
  File "C:\Users\dayta\AppData\Local\Programs\Python\Python311\Lib\site-packages\sqlalchemy\orm\session.py", line 2373, in execute
    return self._execute_internal(
  File "C:\Users\dayta\AppData\Local\Programs\Python\Python311\Lib\site-packages\sqlalchemy\orm\session.py", line 2271, in _execute_internal
    result: Result[Any] = compile_state_cls.orm_execute_statement(
  File "C:\Users\dayta\AppData\Local\Programs\Python\Python311\Lib\site-packages\sqlalchemy\orm\bulk_persistence.py", line 1306, in orm_execute_statement
    result = conn.execute(
  File "C:\Users\dayta\AppData\Local\Programs\Python\Python311\Lib\site-packages\sqlalchemy\engine\base.py", line 1421, in execute
    return meth(
  File "C:\Users\dayta\AppData\Local\Programs\Python\Python311\Lib\site-packages\sqlalchemy\sql\elements.py", line 526, in _execute_on_connection
    return connection._execute_clauseelement(
  File "C:\Users\dayta\AppData\Local\Programs\Python\Python311\Lib\site-packages\sqlalchemy\engine\base.py", line 1643, in _execute_clauseelement
    ret = self._execute_context(
  File "C:\Users\dayta\AppData\Local\Programs\Python\Python311\Lib\site-packages\sqlalchemy\engine\base.py", line 1848, in _execute_context
    return self._exec_single_context(
  File "C:\Users\dayta\AppData\Local\Programs\Python\Python311\Lib\site-packages\sqlalchemy\engine\base.py", line 1906, in _exec_single_context
    self._log_info(
  File "C:\Users\dayta\AppData\Local\Programs\Python\Python311\Lib\site-packages\sqlalchemy\engine\base.py", line 188, in _log_info
    self.engine.logger.info(message, *arg, **kw)
  File "C:\Users\dayta\AppData\Local\Programs\Python\Python311\Lib\site-packages\sqlalchemy\log.py", line 159, in info
    self.log(logging.INFO, msg, *args, **kwargs)
  File "C:\Users\dayta\AppData\Local\Programs\Python\Python311\Lib\site-packages\sqlalchemy\log.py", line 210, in log
    self.logger._log(level, msg, args, **kwargs)
Message: '[%s] %r'
Arguments: ('no key 0.00030s', {'id': 'UCIzzJrfUwrMwgKs_rObvN_w', 'title': 'NG\xd4N TINH 104', 'subscribers_count': 0, 'topic': None, 'custom_url': None, 'created_at': datetime.datetime(2026, 10, 6, 15, 35, 10, 656996, tzinfo=datetime.timezone.utc), 'param_1': 'NG\xd4N TINH 104', 'param_2': datetime.datetime(2026, 10, 6, 15, 35, 10, 656996, tzinfo=datetime.timezone.utc)})
--- Logging error ---
Traceback (most recent call last):
  File "C:\Users\dayta\AppData\Local\Programs\Python\Python311\Lib\logging\__init__.py", line 1113, in emit
    stream.write(msg + self.terminator)
  File "C:\Users\dayta\AppData\Local\Programs\Python\Python311\Lib\encodings\cp1251.py", line 19, in encode
    return codecs.charmap_encode(input,self.errors,encoding_table)[0]
           ^^^^^^^^^^^^^^^^^^^^^^^^^^^^^^^^^^^^^^^^^^^^^^^^^^^^^^^
UnicodeEncodeError: 'charmap' codec can't encode character '\xd4' in position 119: character maps to <undefined>
Call stack:
  File "C:\Projects\Сайт анализ ниш1\scripts\run_discovery_worker.py", line 117, in <module>
    raise SystemExit(main())
  File "C:\Projects\Сайт анализ ниш1\scripts\run_discovery_worker.py", line 99, in main
    run_discovery_worker(
  File "C:\Projects\Сайт анализ ниш1\app\services\discovery_worker_runtime.py", line 118, in run_discovery_worker
    summary = run_discovery_cycle(
  File "C:\Projects\Сайт анализ ниш1\app\services\discovery_cycle.py", line 491, in run_discovery_cycle
    return asyncio.run(
  File "C:\Users\dayta\AppData\Local\Programs\Python\Python311\Lib\asyncio\runners.py", line 190, in run
    return runner.run(main)
  File "C:\Users\dayta\AppData\Local\Programs\Python\Python311\Lib\asyncio\runners.py", line 118, in run
    return self._loop.run_until_complete(task)
  File "C:\Users\dayta\AppData\Local\Programs\Python\Python311\Lib\asyncio\base_events.py", line 640, in run_until_complete
    self.run_forever()
  File "C:\Users\dayta\AppData\Local\Programs\Python\Python311\Lib\asyncio\windows_events.py", line 321, in run_forever
    super().run_forever()
  File "C:\Users\dayta\AppData\Local\Programs\Python\Python311\Lib\asyncio\base_events.py", line 607, in run_forever
    self._run_once()
  File "C:\Users\dayta\AppData\Local\Programs\Python\Python311\Lib\asyncio\base_events.py", line 1922, in _run_once
    handle._run()
  File "C:\Users\dayta\AppData\Local\Programs\Python\Python311\Lib\asyncio\events.py", line 80, in _run
    self._context.run(self._callback, *self._args)
  File "C:\Projects\Сайт анализ ниш1\app\services\discovery_cycle.py", line 322, in run_discovery_cycle_async
    persist_results, kw_duplicates_from_batch = batch_persist_discovered_videos(
  File "C:\Projects\Сайт анализ ниш1\app\services\discovered_video_batch.py", line 63, in batch_persist_discovered_videos
    outcome = persist_discovered_video(
  File "C:\Projects\Сайт анализ ниш1\app\services\discovered_video_persistence.py", line 202, in persist_discovered_video
    _upsert_discovered_channel(
  File "C:\Projects\Сайт анализ ниш1\app\services\discovered_video_persistence.py", line 150, in _upsert_discovered_channel
    session.execute(
  File "C:\Users\dayta\AppData\Local\Programs\Python\Python311\Lib\site-packages\sqlalchemy\orm\session.py", line 2373, in execute
    return self._execute_internal(
  File "C:\Users\dayta\AppData\Local\Programs\Python\Python311\Lib\site-packages\sqlalchemy\orm\session.py", line 2271, in _execute_internal
    result: Result[Any] = compile_state_cls.orm_execute_statement(
  File "C:\Users\dayta\AppData\Local\Programs\Python\Python311\Lib\site-packages\sqlalchemy\orm\bulk_persistence.py", line 1306, in orm_execute_statement
    result = conn.execute(
  File "C:\Users\dayta\AppData\Local\Programs\Python\Python311\Lib\site-packages\sqlalchemy\engine\base.py", line 1421, in execute
    return meth(
  File "C:\Users\dayta\AppData\Local\Programs\Python\Python311\Lib\site-packages\sqlalchemy\sql\elements.py", line 526, in _execute_on_connection
    return connection._execute_clauseelement(
  File "C:\Users\dayta\AppData\Local\Programs\Python\Python311\Lib\site-packages\sqlalchemy\engine\base.py", line 1643, in _execute_clauseelement
    ret = self._execute_context(
  File "C:\Users\dayta\AppData\Local\Programs\Python\Python311\Lib\site-packages\sqlalchemy\engine\base.py", line 1848, in _execute_context
    return self._exec_single_context(
  File "C:\Users\dayta\AppData\Local\Programs\Python\Python311\Lib\site-packages\sqlalchemy\engine\base.py", line 1906, in _exec_single_context
    self._log_info(
  File "C:\Users\dayta\AppData\Local\Programs\Python\Python311\Lib\site-packages\sqlalchemy\engine\base.py", line 188, in _log_info
    self.engine.logger.info(message, *arg, **kw)
  File "C:\Users\dayta\AppData\Local\Programs\Python\Python311\Lib\site-packages\sqlalchemy\log.py", line 159, in info
    self.log(logging.INFO, msg, *args, **kwargs)
  File "C:\Users\dayta\AppData\Local\Programs\Python\Python311\Lib\site-packages\sqlalchemy\log.py", line 210, in log
    self.logger._log(level, msg, args, **kwargs)
Message: '[%s] %r'
Arguments: ('no key 0.00058s', {'id': 'UCIzzJrfUwrMwgKs_rObvN_w', 'title': 'NG\xd4N TINH 104', 'subscribers_count': 0, 'topic': None, 'custom_url': None, 'created_at': datetime.datetime(2026, 10, 6, 15, 35, 10, 667104, tzinfo=datetime.timezone.utc), 'param_1': 'NG\xd4N TINH 104', 'param_2': datetime.datetime(2026, 10, 6, 15, 35, 10, 667104, tzinfo=datetime.timezone.utc)})
--- Logging error ---
Traceback (most recent call last):
  File "C:\Users\dayta\AppData\Local\Programs\Python\Python311\Lib\logging\__init__.py", line 1113, in emit
    stream.write(msg + self.terminator)
  File "C:\Users\dayta\AppData\Local\Programs\Python\Python311\Lib\encodings\cp1251.py", line 19, in encode
    return codecs.charmap_encode(input,self.errors,encoding_table)[0]
           ^^^^^^^^^^^^^^^^^^^^^^^^^^^^^^^^^^^^^^^^^^^^^^^^^^^^^^^
UnicodeEncodeError: 'charmap' codec can't encode character '\xd4' in position 119: character maps to <undefined>
Call stack:
  File "C:\Projects\Сайт анализ ниш1\scripts\run_discovery_worker.py", line 117, in <module>
    raise SystemExit(main())
  File "C:\Projects\Сайт анализ ниш1\scripts\run_discovery_worker.py", line 99, in main
    run_discovery_worker(
  File "C:\Projects\Сайт анализ ниш1\app\services\discovery_worker_runtime.py", line 118, in run_discovery_worker
    summary = run_discovery_cycle(
  File "C:\Projects\Сайт анализ ниш1\app\services\discovery_cycle.py", line 491, in run_discovery_cycle
    return asyncio.run(
  File "C:\Users\dayta\AppData\Local\Programs\Python\Python311\Lib\asyncio\runners.py", line 190, in run
    return runner.run(main)
  File "C:\Users\dayta\AppData\Local\Programs\Python\Python311\Lib\asyncio\runners.py", line 118, in run
    return self._loop.run_until_complete(task)
  File "C:\Users\dayta\AppData\Local\Programs\Python\Python311\Lib\asyncio\base_events.py", line 640, in run_until_complete
    self.run_forever()
  File "C:\Users\dayta\AppData\Local\Programs\Python\Python311\Lib\asyncio\windows_events.py", line 321, in run_forever
    super().run_forever()
  File "C:\Users\dayta\AppData\Local\Programs\Python\Python311\Lib\asyncio\base_events.py", line 607, in run_forever
    self._run_once()
  File "C:\Users\dayta\AppData\Local\Programs\Python\Python311\Lib\asyncio\base_events.py", line 1922, in _run_once
    handle._run()
  File "C:\Users\dayta\AppData\Local\Programs\Python\Python311\Lib\asyncio\events.py", line 80, in _run
    self._context.run(self._callback, *self._args)
  File "C:\Projects\Сайт анализ ниш1\app\services\discovery_cycle.py", line 322, in run_discovery_cycle_async
    persist_results, kw_duplicates_from_batch = batch_persist_discovered_videos(
  File "C:\Projects\Сайт анализ ниш1\app\services\discovered_video_batch.py", line 63, in batch_persist_discovered_videos
    outcome = persist_discovered_video(
  File "C:\Projects\Сайт анализ ниш1\app\services\discovered_video_persistence.py", line 202, in persist_discovered_video
    _upsert_discovered_channel(
  File "C:\Projects\Сайт анализ ниш1\app\services\discovered_video_persistence.py", line 150, in _upsert_discovered_channel
    session.execute(
  File "C:\Users\dayta\AppData\Local\Programs\Python\Python311\Lib\site-packages\sqlalchemy\orm\session.py", line 2373, in execute
    return self._execute_internal(
  File "C:\Users\dayta\AppData\Local\Programs\Python\Python311\Lib\site-packages\sqlalchemy\orm\session.py", line 2271, in _execute_internal
    result: Result[Any] = compile_state_cls.orm_execute_statement(
  File "C:\Users\dayta\AppData\Local\Programs\Python\Python311\Lib\site-packages\sqlalchemy\orm\bulk_persistence.py", line 1306, in orm_execute_statement
    result = conn.execute(
  File "C:\Users\dayta\AppData\Local\Programs\Python\Python311\Lib\site-packages\sqlalchemy\engine\base.py", line 1421, in execute
    return meth(
  File "C:\Users\dayta\AppData\Local\Programs\Python\Python311\Lib\site-packages\sqlalchemy\sql\elements.py", line 526, in _execute_on_connection
    return connection._execute_clauseelement(
  File "C:\Users\dayta\AppData\Local\Programs\Python\Python311\Lib\site-packages\sqlalchemy\engine\base.py", line 1643, in _execute_clauseelement
    ret = self._execute_context(
  File "C:\Users\dayta\AppData\Local\Programs\Python\Python311\Lib\site-packages\sqlalchemy\engine\base.py", line 1848, in _execute_context
    return self._exec_single_context(
  File "C:\Users\dayta\AppData\Local\Programs\Python\Python311\Lib\site-packages\sqlalchemy\engine\base.py", line 1906, in _exec_single_context
    self._log_info(
  File "C:\Users\dayta\AppData\Local\Programs\Python\Python311\Lib\site-packages\sqlalchemy\engine\base.py", line 188, in _log_info
    self.engine.logger.info(message, *arg, **kw)
  File "C:\Users\dayta\AppData\Local\Programs\Python\Python311\Lib\site-packages\sqlalchemy\log.py", line 159, in info
    self.log(logging.INFO, msg, *args, **kwargs)
  File "C:\Users\dayta\AppData\Local\Programs\Python\Python311\Lib\site-packages\sqlalchemy\log.py", line 210, in log
    self.logger._log(level, msg, args, **kwargs)
Message: '[%s] %r'
Arguments: ('no key 0.00047s', {'id': 'UCIzzJrfUwrMwgKs_rObvN_w', 'title': 'NG\xd4N TINH 104', 'subscribers_count': 0, 'topic': None, 'custom_url': None, 'created_at': datetime.datetime(2026, 10, 6, 15, 35, 10, 676565, tzinfo=datetime.timezone.utc), 'param_1': 'NG\xd4N TINH 104', 'param_2': datetime.datetime(2026, 10, 6, 15, 35, 10, 676565, tzinfo=datetime.timezone.utc)})
--- Logging error ---
Traceback (most recent call last):
  File "C:\Users\dayta\AppData\Local\Programs\Python\Python311\Lib\logging\__init__.py", line 1113, in emit
    stream.write(msg + self.terminator)
  File "C:\Users\dayta\AppData\Local\Programs\Python\Python311\Lib\encodings\cp1251.py", line 19, in encode
    return codecs.charmap_encode(input,self.errors,encoding_table)[0]
           ^^^^^^^^^^^^^^^^^^^^^^^^^^^^^^^^^^^^^^^^^^^^^^^^^^^^^^^
UnicodeEncodeError: 'charmap' codec can't encode characters in position 117-124: character maps to <undefined>
Call stack:
  File "C:\Projects\Сайт анализ ниш1\scripts\run_discovery_worker.py", line 117, in <module>
    raise SystemExit(main())
  File "C:\Projects\Сайт анализ ниш1\scripts\run_discovery_worker.py", line 99, in main
    run_discovery_worker(
  File "C:\Projects\Сайт анализ ниш1\app\services\discovery_worker_runtime.py", line 118, in run_discovery_worker
    summary = run_discovery_cycle(
  File "C:\Projects\Сайт анализ ниш1\app\services\discovery_cycle.py", line 491, in run_discovery_cycle
    return asyncio.run(
  File "C:\Users\dayta\AppData\Local\Programs\Python\Python311\Lib\asyncio\runners.py", line 190, in run
    return runner.run(main)
  File "C:\Users\dayta\AppData\Local\Programs\Python\Python311\Lib\asyncio\runners.py", line 118, in run
    return self._loop.run_until_complete(task)
  File "C:\Users\dayta\AppData\Local\Programs\Python\Python311\Lib\asyncio\base_events.py", line 640, in run_until_complete
    self.run_forever()
  File "C:\Users\dayta\AppData\Local\Programs\Python\Python311\Lib\asyncio\windows_events.py", line 321, in run_forever
    super().run_forever()
  File "C:\Users\dayta\AppData\Local\Programs\Python\Python311\Lib\asyncio\base_events.py", line 607, in run_forever
    self._run_once()
  File "C:\Users\dayta\AppData\Local\Programs\Python\Python311\Lib\asyncio\base_events.py", line 1922, in _run_once
    handle._run()
  File "C:\Users\dayta\AppData\Local\Programs\Python\Python311\Lib\asyncio\events.py", line 80, in _run
    self._context.run(self._callback, *self._args)
  File "C:\Projects\Сайт анализ ниш1\app\services\discovery_cycle.py", line 322, in run_discovery_cycle_async
    persist_results, kw_duplicates_from_batch = batch_persist_discovered_videos(
  File "C:\Projects\Сайт анализ ниш1\app\services\discovered_video_batch.py", line 63, in batch_persist_discovered_videos
    outcome = persist_discovered_video(
  File "C:\Projects\Сайт анализ ниш1\app\services\discovered_video_persistence.py", line 202, in persist_discovered_video
    _upsert_discovered_channel(
  File "C:\Projects\Сайт анализ ниш1\app\services\discovered_video_persistence.py", line 150, in _upsert_discovered_channel
    session.execute(
  File "C:\Users\dayta\AppData\Local\Programs\Python\Python311\Lib\site-packages\sqlalchemy\orm\session.py", line 2373, in execute
    return self._execute_internal(
  File "C:\Users\dayta\AppData\Local\Programs\Python\Python311\Lib\site-packages\sqlalchemy\orm\session.py", line 2271, in _execute_internal
    result: Result[Any] = compile_state_cls.orm_execute_statement(
  File "C:\Users\dayta\AppData\Local\Programs\Python\Python311\Lib\site-packages\sqlalchemy\orm\bulk_persistence.py", line 1306, in orm_execute_statement
    result = conn.execute(
  File "C:\Users\dayta\AppData\Local\Programs\Python\Python311\Lib\site-packages\sqlalchemy\engine\base.py", line 1421, in execute
    return meth(
  File "C:\Users\dayta\AppData\Local\Programs\Python\Python311\Lib\site-packages\sqlalchemy\sql\elements.py", line 526, in _execute_on_connection
    return connection._execute_clauseelement(
  File "C:\Users\dayta\AppData\Local\Programs\Python\Python311\Lib\site-packages\sqlalchemy\engine\base.py", line 1643, in _execute_clauseelement
    ret = self._execute_context(
  File "C:\Users\dayta\AppData\Local\Programs\Python\Python311\Lib\site-packages\sqlalchemy\engine\base.py", line 1848, in _execute_context
    return self._exec_single_context(
  File "C:\Users\dayta\AppData\Local\Programs\Python\Python311\Lib\site-packages\sqlalchemy\engine\base.py", line 1906, in _exec_single_context
    self._log_info(
  File "C:\Users\dayta\AppData\Local\Programs\Python\Python311\Lib\site-packages\sqlalchemy\engine\base.py", line 188, in _log_info
    self.engine.logger.info(message, *arg, **kw)
  File "C:\Users\dayta\AppData\Local\Programs\Python\Python311\Lib\site-packages\sqlalchemy\log.py", line 159, in info
    self.log(logging.INFO, msg, *args, **kwargs)
  File "C:\Users\dayta\AppData\Local\Programs\Python\Python311\Lib\site-packages\sqlalchemy\log.py", line 210, in log
    self.logger._log(level, msg, args, **kwargs)
Message: '[%s] %r'
Arguments: ('no key 0.00033s', {'id': 'UChuvnykc8FpKWyIbkuXpjHg', 'title': '\u099c\u09be\u09a8\u09cd\u09a8\u09be\u09a4\u09c0 \u09b9\u09be\u0993\u09df\u09be', 'subscribers_count': 0, 'topic': None, 'custom_url': None, 'created_at': datetime.datetime(2026, 10, 6, 15, 35, 10, 693951, tzinfo=datetime.timezone.utc), 'param_1': '\u099c\u09be\u09a8\u09cd\u09a8\u09be\u09a4\u09c0 \u09b9\u09be\u0993\u09df\u09be', 'param_2': datetime.datetime(2026, 10, 6, 15, 35, 10, 693951, tzinfo=datetime.timezone.utc)})
--- Logging error ---
Traceback (most recent call last):
  File "C:\Users\dayta\AppData\Local\Programs\Python\Python311\Lib\logging\__init__.py", line 1113, in emit
    stream.write(msg + self.terminator)
  File "C:\Users\dayta\AppData\Local\Programs\Python\Python311\Lib\encodings\cp1251.py", line 19, in encode
    return codecs.charmap_encode(input,self.errors,encoding_table)[0]
           ^^^^^^^^^^^^^^^^^^^^^^^^^^^^^^^^^^^^^^^^^^^^^^^^^^^^^^^
UnicodeEncodeError: 'charmap' codec can't encode character '\xc6' in position 118: character maps to <undefined>
Call stack:
  File "C:\Projects\Сайт анализ ниш1\scripts\run_discovery_worker.py", line 117, in <module>
    raise SystemExit(main())
  File "C:\Projects\Сайт анализ ниш1\scripts\run_discovery_worker.py", line 99, in main
    run_discovery_worker(
  File "C:\Projects\Сайт анализ ниш1\app\services\discovery_worker_runtime.py", line 118, in run_discovery_worker
    summary = run_discovery_cycle(
  File "C:\Projects\Сайт анализ ниш1\app\services\discovery_cycle.py", line 491, in run_discovery_cycle
    return asyncio.run(
  File "C:\Users\dayta\AppData\Local\Programs\Python\Python311\Lib\asyncio\runners.py", line 190, in run
    return runner.run(main)
  File "C:\Users\dayta\AppData\Local\Programs\Python\Python311\Lib\asyncio\runners.py", line 118, in run
    return self._loop.run_until_complete(task)
  File "C:\Users\dayta\AppData\Local\Programs\Python\Python311\Lib\asyncio\base_events.py", line 640, in run_until_complete
    self.run_forever()
  File "C:\Users\dayta\AppData\Local\Programs\Python\Python311\Lib\asyncio\windows_events.py", line 321, in run_forever
    super().run_forever()
  File "C:\Users\dayta\AppData\Local\Programs\Python\Python311\Lib\asyncio\base_events.py", line 607, in run_forever
    self._run_once()
  File "C:\Users\dayta\AppData\Local\Programs\Python\Python311\Lib\asyncio\base_events.py", line 1922, in _run_once
    handle._run()
  File "C:\Users\dayta\AppData\Local\Programs\Python\Python311\Lib\asyncio\events.py", line 80, in _run
    self._context.run(self._callback, *self._args)
  File "C:\Projects\Сайт анализ ниш1\app\services\discovery_cycle.py", line 322, in run_discovery_cycle_async
    persist_results, kw_duplicates_from_batch = batch_persist_discovered_videos(
  File "C:\Projects\Сайт анализ ниш1\app\services\discovered_video_batch.py", line 63, in batch_persist_discovered_videos
    outcome = persist_discovered_video(
  File "C:\Projects\Сайт анализ ниш1\app\services\discovered_video_persistence.py", line 202, in persist_discovered_video
    _upsert_discovered_channel(
  File "C:\Projects\Сайт анализ ниш1\app\services\discovered_video_persistence.py", line 150, in _upsert_discovered_channel
    session.execute(
  File "C:\Users\dayta\AppData\Local\Programs\Python\Python311\Lib\site-packages\sqlalchemy\orm\session.py", line 2373, in execute
    return self._execute_internal(
  File "C:\Users\dayta\AppData\Local\Programs\Python\Python311\Lib\site-packages\sqlalchemy\orm\session.py", line 2271, in _execute_internal
    result: Result[Any] = compile_state_cls.orm_execute_statement(
  File "C:\Users\dayta\AppData\Local\Programs\Python\Python311\Lib\site-packages\sqlalchemy\orm\bulk_persistence.py", line 1306, in orm_execute_statement
    result = conn.execute(
  File "C:\Users\dayta\AppData\Local\Programs\Python\Python311\Lib\site-packages\sqlalchemy\engine\base.py", line 1421, in execute
    return meth(
  File "C:\Users\dayta\AppData\Local\Programs\Python\Python311\Lib\site-packages\sqlalchemy\sql\elements.py", line 526, in _execute_on_connection
    return connection._execute_clauseelement(
  File "C:\Users\dayta\AppData\Local\Programs\Python\Python311\Lib\site-packages\sqlalchemy\engine\base.py", line 1643, in _execute_clauseelement
    ret = self._execute_context(
  File "C:\Users\dayta\AppData\Local\Programs\Python\Python311\Lib\site-packages\sqlalchemy\engine\base.py", line 1848, in _execute_context
    return self._exec_single_context(
  File "C:\Users\dayta\AppData\Local\Programs\Python\Python311\Lib\site-packages\sqlalchemy\engine\base.py", line 1906, in _exec_single_context
    self._log_info(
  File "C:\Users\dayta\AppData\Local\Programs\Python\Python311\Lib\site-packages\sqlalchemy\engine\base.py", line 188, in _log_info
    self.engine.logger.info(message, *arg, **kw)
  File "C:\Users\dayta\AppData\Local\Programs\Python\Python311\Lib\site-packages\sqlalchemy\log.py", line 159, in info
    self.log(logging.INFO, msg, *args, **kwargs)
  File "C:\Users\dayta\AppData\Local\Programs\Python\Python311\Lib\site-packages\sqlalchemy\log.py", line 210, in log
    self.logger._log(level, msg, args, **kwargs)
Message: '[%s] %r'
Arguments: ('no key 0.00032s', {'id': 'UCLYTtA6bh5h7kUsYfWYa8Ow', 'title': 'C\xc6LIX', 'subscribers_count': 0, 'topic': None, 'custom_url': None, 'created_at': datetime.datetime(2026, 10, 6, 15, 35, 10, 711332, tzinfo=datetime.timezone.utc), 'param_1': 'C\xc6LIX', 'param_2': datetime.datetime(2026, 10, 6, 15, 35, 10, 711332, tzinfo=datetime.timezone.utc)})
--- Logging error ---
Traceback (most recent call last):
  File "C:\Users\dayta\AppData\Local\Programs\Python\Python311\Lib\logging\__init__.py", line 1113, in emit
    stream.write(msg + self.terminator)
  File "C:\Users\dayta\AppData\Local\Programs\Python\Python311\Lib\encodings\cp1251.py", line 19, in encode
    return codecs.charmap_encode(input,self.errors,encoding_table)[0]
           ^^^^^^^^^^^^^^^^^^^^^^^^^^^^^^^^^^^^^^^^^^^^^^^^^^^^^^^
UnicodeEncodeError: 'charmap' codec can't encode character '\U0001f341' in position 134: character maps to <undefined>
Call stack:
  File "C:\Projects\Сайт анализ ниш1\scripts\run_discovery_worker.py", line 117, in <module>
    raise SystemExit(main())
  File "C:\Projects\Сайт анализ ниш1\scripts\run_discovery_worker.py", line 99, in main
    run_discovery_worker(
  File "C:\Projects\Сайт анализ ниш1\app\services\discovery_worker_runtime.py", line 118, in run_discovery_worker
    summary = run_discovery_cycle(
  File "C:\Projects\Сайт анализ ниш1\app\services\discovery_cycle.py", line 491, in run_discovery_cycle
    return asyncio.run(
  File "C:\Users\dayta\AppData\Local\Programs\Python\Python311\Lib\asyncio\runners.py", line 190, in run
    return runner.run(main)
  File "C:\Users\dayta\AppData\Local\Programs\Python\Python311\Lib\asyncio\runners.py", line 118, in run
    return self._loop.run_until_complete(task)
  File "C:\Users\dayta\AppData\Local\Programs\Python\Python311\Lib\asyncio\base_events.py", line 640, in run_until_complete
    self.run_forever()
  File "C:\Users\dayta\AppData\Local\Programs\Python\Python311\Lib\asyncio\windows_events.py", line 321, in run_forever
    super().run_forever()
  File "C:\Users\dayta\AppData\Local\Programs\Python\Python311\Lib\asyncio\base_events.py", line 607, in run_forever
    self._run_once()
  File "C:\Users\dayta\AppData\Local\Programs\Python\Python311\Lib\asyncio\base_events.py", line 1922, in _run_once
    handle._run()
  File "C:\Users\dayta\AppData\Local\Programs\Python\Python311\Lib\asyncio\events.py", line 80, in _run
    self._context.run(self._callback, *self._args)
  File "C:\Projects\Сайт анализ ниш1\app\services\discovery_cycle.py", line 322, in run_discovery_cycle_async
    persist_results, kw_duplicates_from_batch = batch_persist_discovered_videos(
  File "C:\Projects\Сайт анализ ниш1\app\services\discovered_video_batch.py", line 63, in batch_persist_discovered_videos
    outcome = persist_discovered_video(
  File "C:\Projects\Сайт анализ ниш1\app\services\discovered_video_persistence.py", line 202, in persist_discovered_video
    _upsert_discovered_channel(
  File "C:\Projects\Сайт анализ ниш1\app\services\discovered_video_persistence.py", line 150, in _upsert_discovered_channel
    session.execute(
  File "C:\Users\dayta\AppData\Local\Programs\Python\Python311\Lib\site-packages\sqlalchemy\orm\session.py", line 2373, in execute
    return self._execute_internal(
  File "C:\Users\dayta\AppData\Local\Programs\Python\Python311\Lib\site-packages\sqlalchemy\orm\session.py", line 2271, in _execute_internal
    result: Result[Any] = compile_state_cls.orm_execute_statement(
  File "C:\Users\dayta\AppData\Local\Programs\Python\Python311\Lib\site-packages\sqlalchemy\orm\bulk_persistence.py", line 1306, in orm_execute_statement
    result = conn.execute(
  File "C:\Users\dayta\AppData\Local\Programs\Python\Python311\Lib\site-packages\sqlalchemy\engine\base.py", line 1421, in execute
    return meth(
  File "C:\Users\dayta\AppData\Local\Programs\Python\Python311\Lib\site-packages\sqlalchemy\sql\elements.py", line 526, in _execute_on_connection
    return connection._execute_clauseelement(
  File "C:\Users\dayta\AppData\Local\Programs\Python\Python311\Lib\site-packages\sqlalchemy\engine\base.py", line 1643, in _execute_clauseelement
    ret = self._execute_context(
  File "C:\Users\dayta\AppData\Local\Programs\Python\Python311\Lib\site-packages\sqlalchemy\engine\base.py", line 1848, in _execute_context
    return self._exec_single_context(
  File "C:\Users\dayta\AppData\Local\Programs\Python\Python311\Lib\site-packages\sqlalchemy\engine\base.py", line 1906, in _exec_single_context
    self._log_info(
  File "C:\Users\dayta\AppData\Local\Programs\Python\Python311\Lib\site-packages\sqlalchemy\engine\base.py", line 188, in _log_info
    self.engine.logger.info(message, *arg, **kw)
  File "C:\Users\dayta\AppData\Local\Programs\Python\Python311\Lib\site-packages\sqlalchemy\log.py", line 159, in info
    self.log(logging.INFO, msg, *args, **kwargs)
  File "C:\Users\dayta\AppData\Local\Programs\Python\Python311\Lib\site-packages\sqlalchemy\log.py", line 210, in log
    self.logger._log(level, msg, args, **kwargs)
Message: '[%s] %r'
Arguments: ('no key 0.00058s', {'id': 'UCBCn735qeWHweab4Mmetjeg', 'title': 'Nepali Experiment\U0001f341', 'subscribers_count': 0, 'topic': None, 'custom_url': None, 'created_at': datetime.datetime(2026, 10, 6, 15, 35, 10, 843421, tzinfo=datetime.timezone.utc), 'param_1': 'Nepali Experiment\U0001f341', 'param_2': datetime.datetime(2026, 10, 6, 15, 35, 10, 843421, tzinfo=datetime.timezone.utc)})
--- Logging error ---
Traceback (most recent call last):
  File "C:\Users\dayta\AppData\Local\Programs\Python\Python311\Lib\logging\__init__.py", line 1113, in emit
    stream.write(msg + self.terminator)
  File "C:\Users\dayta\AppData\Local\Programs\Python\Python311\Lib\encodings\cp1251.py", line 19, in encode
    return codecs.charmap_encode(input,self.errors,encoding_table)[0]
           ^^^^^^^^^^^^^^^^^^^^^^^^^^^^^^^^^^^^^^^^^^^^^^^^^^^^^^^
UnicodeEncodeError: 'charmap' codec can't encode characters in position 117-126: character maps to <undefined>
Call stack:
  File "C:\Projects\Сайт анализ ниш1\scripts\run_discovery_worker.py", line 117, in <module>
    raise SystemExit(main())
  File "C:\Projects\Сайт анализ ниш1\scripts\run_discovery_worker.py", line 99, in main
    run_discovery_worker(
  File "C:\Projects\Сайт анализ ниш1\app\services\discovery_worker_runtime.py", line 118, in run_discovery_worker
    summary = run_discovery_cycle(
  File "C:\Projects\Сайт анализ ниш1\app\services\discovery_cycle.py", line 491, in run_discovery_cycle
    return asyncio.run(
  File "C:\Users\dayta\AppData\Local\Programs\Python\Python311\Lib\asyncio\runners.py", line 190, in run
    return runner.run(main)
  File "C:\Users\dayta\AppData\Local\Programs\Python\Python311\Lib\asyncio\runners.py", line 118, in run
    return self._loop.run_until_complete(task)
  File "C:\Users\dayta\AppData\Local\Programs\Python\Python311\Lib\asyncio\base_events.py", line 640, in run_until_complete
    self.run_forever()
  File "C:\Users\dayta\AppData\Local\Programs\Python\Python311\Lib\asyncio\windows_events.py", line 321, in run_forever
    super().run_forever()
  File "C:\Users\dayta\AppData\Local\Programs\Python\Python311\Lib\asyncio\base_events.py", line 607, in run_forever
    self._run_once()
  File "C:\Users\dayta\AppData\Local\Programs\Python\Python311\Lib\asyncio\base_events.py", line 1922, in _run_once
    handle._run()
  File "C:\Users\dayta\AppData\Local\Programs\Python\Python311\Lib\asyncio\events.py", line 80, in _run
    self._context.run(self._callback, *self._args)
  File "C:\Projects\Сайт анализ ниш1\app\services\discovery_cycle.py", line 322, in run_discovery_cycle_async
    persist_results, kw_duplicates_from_batch = batch_persist_discovered_videos(
  File "C:\Projects\Сайт анализ ниш1\app\services\discovered_video_batch.py", line 63, in batch_persist_discovered_videos
    outcome = persist_discovered_video(
  File "C:\Projects\Сайт анализ ниш1\app\services\discovered_video_persistence.py", line 202, in persist_discovered_video
    _upsert_discovered_channel(
  File "C:\Projects\Сайт анализ ниш1\app\services\discovered_video_persistence.py", line 150, in _upsert_discovered_channel
    session.execute(
  File "C:\Users\dayta\AppData\Local\Programs\Python\Python311\Lib\site-packages\sqlalchemy\orm\session.py", line 2373, in execute
    return self._execute_internal(
  File "C:\Users\dayta\AppData\Local\Programs\Python\Python311\Lib\site-packages\sqlalchemy\orm\session.py", line 2271, in _execute_internal
    result: Result[Any] = compile_state_cls.orm_execute_statement(
  File "C:\Users\dayta\AppData\Local\Programs\Python\Python311\Lib\site-packages\sqlalchemy\orm\bulk_persistence.py", line 1306, in orm_execute_statement
    result = conn.execute(
  File "C:\Users\dayta\AppData\Local\Programs\Python\Python311\Lib\site-packages\sqlalchemy\engine\base.py", line 1421, in execute
    return meth(
  File "C:\Users\dayta\AppData\Local\Programs\Python\Python311\Lib\site-packages\sqlalchemy\sql\elements.py", line 526, in _execute_on_connection
    return connection._execute_clauseelement(
  File "C:\Users\dayta\AppData\Local\Programs\Python\Python311\Lib\site-packages\sqlalchemy\engine\base.py", line 1643, in _execute_clauseelement
    ret = self._execute_context(
  File "C:\Users\dayta\AppData\Local\Programs\Python\Python311\Lib\site-packages\sqlalchemy\engine\base.py", line 1848, in _execute_context
    return self._exec_single_context(
  File "C:\Users\dayta\AppData\Local\Programs\Python\Python311\Lib\site-packages\sqlalchemy\engine\base.py", line 1906, in _exec_single_context
    self._log_info(
  File "C:\Users\dayta\AppData\Local\Programs\Python\Python311\Lib\site-packages\sqlalchemy\engine\base.py", line 188, in _log_info
    self.engine.logger.info(message, *arg, **kw)
  File "C:\Users\dayta\AppData\Local\Programs\Python\Python311\Lib\site-packages\sqlalchemy\log.py", line 159, in info
    self.log(logging.INFO, msg, *args, **kwargs)
  File "C:\Users\dayta\AppData\Local\Programs\Python\Python311\Lib\site-packages\sqlalchemy\log.py", line 210, in log
    self.logger._log(level, msg, args, **kwargs)
Message: '[%s] %r'
Arguments: ('no key 0.00050s', {'id': 'UC3s1tlscarx55wRLC_VwctA', 'title': '\U0001d53d\U0001d538\u211d\U0001d544\U0001d54a\u2102\u211d\U0001d540\U0001d539\U0001d53c', 'subscribers_count': 0, 'topic': None, 'custom_url': None, 'created_at': datetime.datetime(2026, 10, 6, 15, 35, 10, 900120, tzinfo=datetime.timezone.utc), 'param_1': '\U0001d53d\U0001d538\u211d\U0001d544\U0001d54a\u2102\u211d\U0001d540\U0001d539\U0001d53c', 'param_2': datetime.datetime(2026, 10, 6, 15, 35, 10, 900120, tzinfo=datetime.timezone.utc)})
--- Logging error ---
Traceback (most recent call last):
  File "C:\Users\dayta\AppData\Local\Programs\Python\Python311\Lib\logging\__init__.py", line 1113, in emit
    stream.write(msg + self.terminator)
  File "C:\Users\dayta\AppData\Local\Programs\Python\Python311\Lib\encodings\cp1251.py", line 19, in encode
    return codecs.charmap_encode(input,self.errors,encoding_table)[0]
           ^^^^^^^^^^^^^^^^^^^^^^^^^^^^^^^^^^^^^^^^^^^^^^^^^^^^^^^
UnicodeEncodeError: 'charmap' codec can't encode character '\U0001f30e' in position 163: character maps to <undefined>
Call stack:
  File "C:\Projects\Сайт анализ ниш1\scripts\run_discovery_worker.py", line 117, in <module>
    raise SystemExit(main())
  File "C:\Projects\Сайт анализ ниш1\scripts\run_discovery_worker.py", line 99, in main
    run_discovery_worker(
  File "C:\Projects\Сайт анализ ниш1\app\services\discovery_worker_runtime.py", line 118, in run_discovery_worker
    summary = run_discovery_cycle(
  File "C:\Projects\Сайт анализ ниш1\app\services\discovery_cycle.py", line 491, in run_discovery_cycle
    return asyncio.run(
  File "C:\Users\dayta\AppData\Local\Programs\Python\Python311\Lib\asyncio\runners.py", line 190, in run
    return runner.run(main)
  File "C:\Users\dayta\AppData\Local\Programs\Python\Python311\Lib\asyncio\runners.py", line 118, in run
    return self._loop.run_until_complete(task)
  File "C:\Users\dayta\AppData\Local\Programs\Python\Python311\Lib\asyncio\base_events.py", line 640, in run_until_complete
    self.run_forever()
  File "C:\Users\dayta\AppData\Local\Programs\Python\Python311\Lib\asyncio\windows_events.py", line 321, in run_forever
    super().run_forever()
  File "C:\Users\dayta\AppData\Local\Programs\Python\Python311\Lib\asyncio\base_events.py", line 607, in run_forever
    self._run_once()
  File "C:\Users\dayta\AppData\Local\Programs\Python\Python311\Lib\asyncio\base_events.py", line 1922, in _run_once
    handle._run()
  File "C:\Users\dayta\AppData\Local\Programs\Python\Python311\Lib\asyncio\events.py", line 80, in _run
    self._context.run(self._callback, *self._args)
  File "C:\Projects\Сайт анализ ниш1\app\services\discovery_cycle.py", line 322, in run_discovery_cycle_async
    persist_results, kw_duplicates_from_batch = batch_persist_discovered_videos(
  File "C:\Projects\Сайт анализ ниш1\app\services\discovered_video_batch.py", line 63, in batch_persist_discovered_videos
    outcome = persist_discovered_video(
  File "C:\Projects\Сайт анализ ниш1\app\services\discovered_video_persistence.py", line 202, in persist_discovered_video
    _upsert_discovered_channel(
  File "C:\Projects\Сайт анализ ниш1\app\services\discovered_video_persistence.py", line 150, in _upsert_discovered_channel
    session.execute(
  File "C:\Users\dayta\AppData\Local\Programs\Python\Python311\Lib\site-packages\sqlalchemy\orm\session.py", line 2373, in execute
    return self._execute_internal(
  File "C:\Users\dayta\AppData\Local\Programs\Python\Python311\Lib\site-packages\sqlalchemy\orm\session.py", line 2271, in _execute_internal
    result: Result[Any] = compile_state_cls.orm_execute_statement(
  File "C:\Users\dayta\AppData\Local\Programs\Python\Python311\Lib\site-packages\sqlalchemy\orm\bulk_persistence.py", line 1306, in orm_execute_statement
    result = conn.execute(
  File "C:\Users\dayta\AppData\Local\Programs\Python\Python311\Lib\site-packages\sqlalchemy\engine\base.py", line 1421, in execute
    return meth(
  File "C:\Users\dayta\AppData\Local\Programs\Python\Python311\Lib\site-packages\sqlalchemy\sql\elements.py", line 526, in _execute_on_connection
    return connection._execute_clauseelement(
  File "C:\Users\dayta\AppData\Local\Programs\Python\Python311\Lib\site-packages\sqlalchemy\engine\base.py", line 1643, in _execute_clauseelement
    ret = self._execute_context(
  File "C:\Users\dayta\AppData\Local\Programs\Python\Python311\Lib\site-packages\sqlalchemy\engine\base.py", line 1848, in _execute_context
    return self._exec_single_context(
  File "C:\Users\dayta\AppData\Local\Programs\Python\Python311\Lib\site-packages\sqlalchemy\engine\base.py", line 1906, in _exec_single_context
    self._log_info(
  File "C:\Users\dayta\AppData\Local\Programs\Python\Python311\Lib\site-packages\sqlalchemy\engine\base.py", line 188, in _log_info
    self.engine.logger.info(message, *arg, **kw)
  File "C:\Users\dayta\AppData\Local\Programs\Python\Python311\Lib\site-packages\sqlalchemy\log.py", line 159, in info
    self.log(logging.INFO, msg, *args, **kwargs)
  File "C:\Users\dayta\AppData\Local\Programs\Python\Python311\Lib\site-packages\sqlalchemy\log.py", line 210, in log
    self.logger._log(level, msg, args, **kwargs)
Message: '[%s] %r'
Arguments: ('no key 0.00041s', {'id': 'UCpbdhofjjERYmBhRivl8W_A', 'title': 'iRunTayReese - Best YT Automation Streamer in \U0001f30e', 'subscribers_count': 0, 'topic': None, 'custom_url': None, 'created_at': datetime.datetime(2026, 10, 6, 15, 35, 10, 979790, tzinfo=datetime.timezone.utc), 'param_1': 'iRunTayReese - Best YT Automation Streamer in \U0001f30e', 'param_2': datetime.datetime(2026, 10, 6, 15, 35, 10, 979790, tzinfo=datetime.timezone.utc)})
--- Logging error ---
Traceback (most recent call last):
  File "C:\Users\dayta\AppData\Local\Programs\Python\Python311\Lib\logging\__init__.py", line 1113, in emit
    stream.write(msg + self.terminator)
  File "C:\Users\dayta\AppData\Local\Programs\Python\Python311\Lib\encodings\cp1251.py", line 19, in encode
    return codecs.charmap_encode(input,self.errors,encoding_table)[0]
           ^^^^^^^^^^^^^^^^^^^^^^^^^^^^^^^^^^^^^^^^^^^^^^^^^^^^^^^
UnicodeEncodeError: 'charmap' codec can't encode characters in position 117-132: character maps to <undefined>
Call stack:
  File "C:\Projects\Сайт анализ ниш1\scripts\run_discovery_worker.py", line 117, in <module>
    raise SystemExit(main())
  File "C:\Projects\Сайт анализ ниш1\scripts\run_discovery_worker.py", line 99, in main
    run_discovery_worker(
  File "C:\Projects\Сайт анализ ниш1\app\services\discovery_worker_runtime.py", line 118, in run_discovery_worker
    summary = run_discovery_cycle(
  File "C:\Projects\Сайт анализ ниш1\app\services\discovery_cycle.py", line 491, in run_discovery_cycle
    return asyncio.run(
  File "C:\Users\dayta\AppData\Local\Programs\Python\Python311\Lib\asyncio\runners.py", line 190, in run
    return runner.run(main)
  File "C:\Users\dayta\AppData\Local\Programs\Python\Python311\Lib\asyncio\runners.py", line 118, in run
    return self._loop.run_until_complete(task)
  File "C:\Users\dayta\AppData\Local\Programs\Python\Python311\Lib\asyncio\base_events.py", line 640, in run_until_complete
    self.run_forever()
  File "C:\Users\dayta\AppData\Local\Programs\Python\Python311\Lib\asyncio\windows_events.py", line 321, in run_forever
    super().run_forever()
  File "C:\Users\dayta\AppData\Local\Programs\Python\Python311\Lib\asyncio\base_events.py", line 607, in run_forever
    self._run_once()
  File "C:\Users\dayta\AppData\Local\Programs\Python\Python311\Lib\asyncio\base_events.py", line 1922, in _run_once
    handle._run()
  File "C:\Users\dayta\AppData\Local\Programs\Python\Python311\Lib\asyncio\events.py", line 80, in _run
    self._context.run(self._callback, *self._args)
  File "C:\Projects\Сайт анализ ниш1\app\services\discovery_cycle.py", line 322, in run_discovery_cycle_async
    persist_results, kw_duplicates_from_batch = batch_persist_discovered_videos(
  File "C:\Projects\Сайт анализ ниш1\app\services\discovered_video_batch.py", line 63, in batch_persist_discovered_videos
    outcome = persist_discovered_video(
  File "C:\Projects\Сайт анализ ниш1\app\services\discovered_video_persistence.py", line 202, in persist_discovered_video
    _upsert_discovered_channel(
  File "C:\Projects\Сайт анализ ниш1\app\services\discovered_video_persistence.py", line 150, in _upsert_discovered_channel
    session.execute(
  File "C:\Users\dayta\AppData\Local\Programs\Python\Python311\Lib\site-packages\sqlalchemy\orm\session.py", line 2373, in execute
    return self._execute_internal(
  File "C:\Users\dayta\AppData\Local\Programs\Python\Python311\Lib\site-packages\sqlalchemy\orm\session.py", line 2271, in _execute_internal
    result: Result[Any] = compile_state_cls.orm_execute_statement(
  File "C:\Users\dayta\AppData\Local\Programs\Python\Python311\Lib\site-packages\sqlalchemy\orm\bulk_persistence.py", line 1306, in orm_execute_statement
    result = conn.execute(
  File "C:\Users\dayta\AppData\Local\Programs\Python\Python311\Lib\site-packages\sqlalchemy\engine\base.py", line 1421, in execute
    return meth(
  File "C:\Users\dayta\AppData\Local\Programs\Python\Python311\Lib\site-packages\sqlalchemy\sql\elements.py", line 526, in _execute_on_connection
    return connection._execute_clauseelement(
  File "C:\Users\dayta\AppData\Local\Programs\Python\Python311\Lib\site-packages\sqlalchemy\engine\base.py", line 1643, in _execute_clauseelement
    ret = self._execute_context(
  File "C:\Users\dayta\AppData\Local\Programs\Python\Python311\Lib\site-packages\sqlalchemy\engine\base.py", line 1848, in _execute_context
    return self._exec_single_context(
  File "C:\Users\dayta\AppData\Local\Programs\Python\Python311\Lib\site-packages\sqlalchemy\engine\base.py", line 1906, in _exec_single_context
    self._log_info(
  File "C:\Users\dayta\AppData\Local\Programs\Python\Python311\Lib\site-packages\sqlalchemy\engine\base.py", line 188, in _log_info
    self.engine.logger.info(message, *arg, **kw)
  File "C:\Users\dayta\AppData\Local\Programs\Python\Python311\Lib\site-packages\sqlalchemy\log.py", line 159, in info
    self.log(logging.INFO, msg, *args, **kwargs)
  File "C:\Users\dayta\AppData\Local\Programs\Python\Python311\Lib\site-packages\sqlalchemy\log.py", line 210, in log
    self.logger._log(level, msg, args, **kwargs)
Message: '[%s] %r'
Arguments: ('no key 0.00040s', {'id': 'UCKyOIMJ4ayoUJKVTWTnFhKQ', 'title': '\u1010\u101b\u102c\u1038\u1013\u1019\u1039\u1019\u101b\u102d\u1015\u103a\u1019\u103c\u102f\u1036', 'subscribers_count': 0, 'topic': None, 'custom_url': None, 'created_at': datetime.datetime(2026, 10, 6, 15, 35, 11, 145144, tzinfo=datetime.timezone.utc), 'param_1': '\u1010\u101b\u102c\u1038\u1013\u1019\u1039\u1019\u101b\u102d\u1015\u103a\u1019\u103c\u102f\u1036', 'param_2': datetime.datetime(2026, 10, 6, 15, 35, 11, 145144, tzinfo=datetime.timezone.utc)})
--- Logging error ---
Traceback (most recent call last):
  File "C:\Users\dayta\AppData\Local\Programs\Python\Python311\Lib\logging\__init__.py", line 1113, in emit
    stream.write(msg + self.terminator)
  File "C:\Users\dayta\AppData\Local\Programs\Python\Python311\Lib\encodings\cp1251.py", line 19, in encode
    return codecs.charmap_encode(input,self.errors,encoding_table)[0]
           ^^^^^^^^^^^^^^^^^^^^^^^^^^^^^^^^^^^^^^^^^^^^^^^^^^^^^^^
UnicodeEncodeError: 'charmap' codec can't encode character '\u0119' in position 118: character maps to <undefined>
Call stack:
  File "C:\Projects\Сайт анализ ниш1\scripts\run_discovery_worker.py", line 117, in <module>
    raise SystemExit(main())
  File "C:\Projects\Сайт анализ ниш1\scripts\run_discovery_worker.py", line 99, in main
    run_discovery_worker(
  File "C:\Projects\Сайт анализ ниш1\app\services\discovery_worker_runtime.py", line 118, in run_discovery_worker
    summary = run_discovery_cycle(
  File "C:\Projects\Сайт анализ ниш1\app\services\discovery_cycle.py", line 491, in run_discovery_cycle
    return asyncio.run(
  File "C:\Users\dayta\AppData\Local\Programs\Python\Python311\Lib\asyncio\runners.py", line 190, in run
    return runner.run(main)
  File "C:\Users\dayta\AppData\Local\Programs\Python\Python311\Lib\asyncio\runners.py", line 118, in run
    return self._loop.run_until_complete(task)
  File "C:\Users\dayta\AppData\Local\Programs\Python\Python311\Lib\asyncio\base_events.py", line 640, in run_until_complete
    self.run_forever()
  File "C:\Users\dayta\AppData\Local\Programs\Python\Python311\Lib\asyncio\windows_events.py", line 321, in run_forever
    super().run_forever()
  File "C:\Users\dayta\AppData\Local\Programs\Python\Python311\Lib\asyncio\base_events.py", line 607, in run_forever
    self._run_once()
  File "C:\Users\dayta\AppData\Local\Programs\Python\Python311\Lib\asyncio\base_events.py", line 1922, in _run_once
    handle._run()
  File "C:\Users\dayta\AppData\Local\Programs\Python\Python311\Lib\asyncio\events.py", line 80, in _run
    self._context.run(self._callback, *self._args)
  File "C:\Projects\Сайт анализ ниш1\app\services\discovery_cycle.py", line 322, in run_discovery_cycle_async
    persist_results, kw_duplicates_from_batch = batch_persist_discovered_videos(
  File "C:\Projects\Сайт анализ ниш1\app\services\discovered_video_batch.py", line 63, in batch_persist_discovered_videos
    outcome = persist_discovered_video(
  File "C:\Projects\Сайт анализ ниш1\app\services\discovered_video_persistence.py", line 202, in persist_discovered_video
    _upsert_discovered_channel(
  File "C:\Projects\Сайт анализ ниш1\app\services\discovered_video_persistence.py", line 150, in _upsert_discovered_channel
    session.execute(
  File "C:\Users\dayta\AppData\Local\Programs\Python\Python311\Lib\site-packages\sqlalchemy\orm\session.py", line 2373, in execute
    return self._execute_internal(
  File "C:\Users\dayta\AppData\Local\Programs\Python\Python311\Lib\site-packages\sqlalchemy\orm\session.py", line 2271, in _execute_internal
    result: Result[Any] = compile_state_cls.orm_execute_statement(
  File "C:\Users\dayta\AppData\Local\Programs\Python\Python311\Lib\site-packages\sqlalchemy\orm\bulk_persistence.py", line 1306, in orm_execute_statement
    result = conn.execute(
  File "C:\Users\dayta\AppData\Local\Programs\Python\Python311\Lib\site-packages\sqlalchemy\engine\base.py", line 1421, in execute
    return meth(
  File "C:\Users\dayta\AppData\Local\Programs\Python\Python311\Lib\site-packages\sqlalchemy\sql\elements.py", line 526, in _execute_on_connection
    return connection._execute_clauseelement(
  File "C:\Users\dayta\AppData\Local\Programs\Python\Python311\Lib\site-packages\sqlalchemy\engine\base.py", line 1643, in _execute_clauseelement
    ret = self._execute_context(
  File "C:\Users\dayta\AppData\Local\Programs\Python\Python311\Lib\site-packages\sqlalchemy\engine\base.py", line 1848, in _execute_context
    return self._exec_single_context(
  File "C:\Users\dayta\AppData\Local\Programs\Python\Python311\Lib\site-packages\sqlalchemy\engine\base.py", line 1906, in _exec_single_context
    self._log_info(
  File "C:\Users\dayta\AppData\Local\Programs\Python\Python311\Lib\site-packages\sqlalchemy\engine\base.py", line 188, in _log_info
    self.engine.logger.info(message, *arg, **kw)
  File "C:\Users\dayta\AppData\Local\Programs\Python\Python311\Lib\site-packages\sqlalchemy\log.py", line 159, in info
    self.log(logging.INFO, msg, *args, **kwargs)
  File "C:\Users\dayta\AppData\Local\Programs\Python\Python311\Lib\site-packages\sqlalchemy\log.py", line 210, in log
    self.logger._log(level, msg, args, **kwargs)
Message: '[%s] %r'
Arguments: ('no key 0.00039s', {'id': 'UCYo6o_IYoMhIU46N1lKH38g', 'title': 'D\u0119bowa Chatka', 'subscribers_count': 0, 'topic': None, 'custom_url': None, 'created_at': datetime.datetime(2026, 10, 6, 15, 35, 11, 166231, tzinfo=datetime.timezone.utc), 'param_1': 'D\u0119bowa Chatka', 'param_2': datetime.datetime(2026, 10, 6, 15, 35, 11, 166231, tzinfo=datetime.timezone.utc)})
--- Logging error ---
Traceback (most recent call last):
  File "C:\Users\dayta\AppData\Local\Programs\Python\Python311\Lib\logging\__init__.py", line 1113, in emit
    stream.write(msg + self.terminator)
  File "C:\Users\dayta\AppData\Local\Programs\Python\Python311\Lib\encodings\cp1251.py", line 19, in encode
    return codecs.charmap_encode(input,self.errors,encoding_table)[0]
           ^^^^^^^^^^^^^^^^^^^^^^^^^^^^^^^^^^^^^^^^^^^^^^^^^^^^^^^
UnicodeEncodeError: 'charmap' codec can't encode characters in position 251-255: character maps to <undefined>
Call stack:
  File "C:\Projects\Сайт анализ ниш1\scripts\run_discovery_worker.py", line 117, in <module>
    raise SystemExit(main())
  File "C:\Projects\Сайт анализ ниш1\scripts\run_discovery_worker.py", line 99, in main
    run_discovery_worker(
  File "C:\Projects\Сайт анализ ниш1\app\services\discovery_worker_runtime.py", line 118, in run_discovery_worker
    summary = run_discovery_cycle(
  File "C:\Projects\Сайт анализ ниш1\app\services\discovery_cycle.py", line 491, in run_discovery_cycle
    return asyncio.run(
  File "C:\Users\dayta\AppData\Local\Programs\Python\Python311\Lib\asyncio\runners.py", line 190, in run
    return runner.run(main)
  File "C:\Users\dayta\AppData\Local\Programs\Python\Python311\Lib\asyncio\runners.py", line 118, in run
    return self._loop.run_until_complete(task)
  File "C:\Users\dayta\AppData\Local\Programs\Python\Python311\Lib\asyncio\base_events.py", line 640, in run_until_complete
    self.run_forever()
  File "C:\Users\dayta\AppData\Local\Programs\Python\Python311\Lib\asyncio\windows_events.py", line 321, in run_forever
    super().run_forever()
  File "C:\Users\dayta\AppData\Local\Programs\Python\Python311\Lib\asyncio\base_events.py", line 607, in run_forever
    self._run_once()
  File "C:\Users\dayta\AppData\Local\Programs\Python\Python311\Lib\asyncio\base_events.py", line 1922, in _run_once
    handle._run()
  File "C:\Users\dayta\AppData\Local\Programs\Python\Python311\Lib\asyncio\events.py", line 80, in _run
    self._context.run(self._callback, *self._args)
  File "C:\Projects\Сайт анализ ниш1\app\services\discovery_cycle.py", line 348, in run_discovery_cycle_async
    mark_hits_persisted_for_monitoring(
  File "C:\Projects\Сайт анализ ниш1\app\services\keyword_discovery_metrics_storage.py", line 154, in mark_hits_persisted_for_monitoring
    session.flush()
  File "C:\Users\dayta\AppData\Local\Programs\Python\Python311\Lib\site-packages\sqlalchemy\orm\session.py", line 4353, in flush
    self._flush(objects)
  File "C:\Users\dayta\AppData\Local\Programs\Python\Python311\Lib\site-packages\sqlalchemy\orm\session.py", line 4449, in _flush
    flush_context.execute()
  File "C:\Users\dayta\AppData\Local\Programs\Python\Python311\Lib\site-packages\sqlalchemy\orm\unitofwork.py", line 465, in execute
    rec.execute(self)
  File "C:\Users\dayta\AppData\Local\Programs\Python\Python311\Lib\site-packages\sqlalchemy\orm\unitofwork.py", line 641, in execute
    util.preloaded.orm_persistence.save_obj(
  File "C:\Users\dayta\AppData\Local\Programs\Python\Python311\Lib\site-packages\sqlalchemy\orm\persistence.py", line 94, in save_obj
    _emit_insert_statements(
  File "C:\Users\dayta\AppData\Local\Programs\Python\Python311\Lib\site-packages\sqlalchemy\orm\persistence.py", line 1144, in _emit_insert_statements
    result = connection.execute(
  File "C:\Users\dayta\AppData\Local\Programs\Python\Python311\Lib\site-packages\sqlalchemy\engine\base.py", line 1421, in execute
    return meth(
  File "C:\Users\dayta\AppData\Local\Programs\Python\Python311\Lib\site-packages\sqlalchemy\sql\elements.py", line 526, in _execute_on_connection
    return connection._execute_clauseelement(
  File "C:\Users\dayta\AppData\Local\Programs\Python\Python311\Lib\site-packages\sqlalchemy\engine\base.py", line 1643, in _execute_clauseelement
    ret = self._execute_context(
  File "C:\Users\dayta\AppData\Local\Programs\Python\Python311\Lib\site-packages\sqlalchemy\engine\base.py", line 1846, in _execute_context
    return self._exec_insertmany_context(dialect, context)
  File "C:\Users\dayta\AppData\Local\Programs\Python\Python311\Lib\site-packages\sqlalchemy\engine\base.py", line 2101, in _exec_insertmany_context
    self._log_info(
  File "C:\Users\dayta\AppData\Local\Programs\Python\Python311\Lib\site-packages\sqlalchemy\engine\base.py", line 188, in _log_info
    self.engine.logger.info(message, *arg, **kw)
  File "C:\Users\dayta\AppData\Local\Programs\Python\Python311\Lib\site-packages\sqlalchemy\log.py", line 159, in info
    self.log(logging.INFO, msg, *args, **kwargs)
  File "C:\Users\dayta\AppData\Local\Programs\Python\Python311\Lib\site-packages\sqlalchemy\log.py", line 210, in log
    self.logger._log(level, msg, args, **kwargs)
Message: '[%s] %r'
Arguments: ('generated in 0.00171s (insertmanyvalues) 1/1 (ordered)', {'duration_seconds__0': 444, 'id__0': 'AQ4oKwu2OC4', 'content_format__0': 'MEDIUM', 'topic__0': 'ai tools for education', 'title__0': '2026 \u092e\u0927\u094d\u092f\u0947 \u0935\u093f\u0926\u094d\u092f\u093e\u0930\u094d\u0925\u094d\u092f\u093e\u0902\u0928\u0940 \u0935\u093e\u092a\u0930\u093e\u092f\u0932\u093e\u091a \u0939\u0935\u094d\u092f\u093e\u0924 5 AI Study Tools \U0001f92f | AI Tools for Students | Exam Orbit', 'published_at__0': datetime.datetime(2026, 10, 6, 14, 39, 10, 74840, tzinfo=datetime.timezone.utc), 'tags__0': '[]', 'views_count__0': 0, 'likes_count__0': 0, 'channel_id__0': 'UCWcpTmKhBeQDj5shnCal4LA', 'published_at_source__0': 'innertube_relative', 'comments_count__0': 0, 'duration_seconds__1': 429, 'id__1': 'dkUJnD7dSa8', 'content_format__1': 'MEDIUM', 'topic__1': 'ai tools for education', 'title__1': 'The Germane Load Paradox: Can AI Actually Make Us Learn?', 'published_at__1': datetime.datetime(2026, 10, 6, 14, 35, 10, 79591, tzinfo=datetime.timezone.utc), 'tags__1': '[]', 'views_count__1': 2, 'likes_count__1': 0, 'channel_id__1': 'UCzVDgq17T-0nDVuZMVCcoqg', 'published_at_source__1': 'innertube_relative', 'comments_count__1': 0, 'duration_seconds__2': 173, 'id__2': 'G1rN1rbAc5A', 'content_format__2': 'MEDIUM', 'topic__2': 'ai tools for education', 'title__2': 'Education Ministry urges teachers to embrace AI and professional development', 'published_at__2': datetime.datetime(2026, 10, 6, 3, 35, 10, 91367, tzinfo=datetime.timezone.utc), 'tags__2': '[]', 'views_count__2': 90, 'likes_count__2': 0, 'channel_id__2': 'UCvTflPL_YBQdrHcKFI5xdYg', 'published_at_source__2': 'innertube_relative', 'comments_count__2': 0, 'duration_seconds__3': 1012, 'id__3': 'Z4C1_YpX4go', 'content_format__3': 'MEDIUM', 'topic__3': 'ai tools for education', 'title__3': 'Introducing “Ask AI Elliot” Your 24/7 Virtual Coach on Creating Connected Colleges', 'published_at__3': datetime.datetime(2026, 10, 6, 5, 35, 10, 100991, tzinfo=datetime.timezone.utc), 'tags__3': '[]', 'views_count__3': 2, 'likes_count__3': 0, 'channel_id__3': 'UCcP8dIfoC28OJH7rgdCKmmA', 'published_at_source__3': 'innertube_relative', 'comments_count__3': 0, 'duration_seconds__4': 241, 'id__4': 'qzPIh3UCY2M' ... 3164 parameters truncated ... 'published_at_source__267': 'innertube_relative', 'comments_count__267': 0, 'duration_seconds__268': 3343, 'id__268': '66LHXbCQINM', 'content_format__268': 'MEDIUM', 'topic__268': 'ai tools for education', 'title__268': 'Terrifying Secrets of the Solomon Islands - #1 - Serpent Dragon, Giants, and Underwater UFO Bases', 'published_at__268': datetime.datetime(2026, 10, 5, 15, 35, 11, 166231, tzinfo=datetime.timezone.utc), 'tags__268': '[]', 'views_count__268': 10685, 'likes_count__268': 0, 'channel_id__268': 'UCYo6o_IYoMhIU46N1lKH38g', 'published_at_source__268': 'innertube_relative', 'comments_count__268': 0, 'duration_seconds__269': 688, 'id__269': 'GfAg3pQWuPw', 'content_format__269': 'MEDIUM', 'topic__269': 'ai tools for education', 'title__269': 'Is MS Genetic? The Surprising Truth', 'published_at__269': datetime.datetime(2026, 10, 5, 15, 35, 11, 176232, tzinfo=datetime.timezone.utc), 'tags__269': '[]', 'views_count__269': 41, 'likes_count__269': 0, 'channel_id__269': 'UCD2o5RwF9mO3QXvrk2vK6Ig', 'published_at_source__269': 'innertube_relative', 'comments_count__269': 0, 'duration_seconds__270': 553, 'id__270': '-RkB1UBTJIg', 'content_format__270': 'MEDIUM', 'topic__270': 'ai tools for education', 'title__270': 'Comment on cr\xe9e la m\xe9thode Douglas tir\xe9e du livre, ENTREZ DANS LA ZONE', 'published_at__270': datetime.datetime(2026, 10, 6, 6, 35, 11, 178233, tzinfo=datetime.timezone.utc), 'tags__270': '[]', 'views_count__270': 47, 'likes_count__270': 0, 'channel_id__270': 'UCyKyTZccOhYCiz4AGKCjWkA', 'published_at_source__270': 'innertube_relative', 'comments_count__270': 0, 'duration_seconds__271': 259, 'id__271': 'loe99_oaj7c', 'content_format__271': 'MEDIUM', 'topic__271': 'ai tools for education', 'title__271': 'The Bird Leaves the Cage \U0001f54a\ufe0f | Everything Stays Behind | Kabir Bhajan | Gano Ke Deewane', 'published_at__271': datetime.datetime(2026, 10, 5, 23, 35, 11, 180232, tzinfo=datetime.timezone.utc), 'tags__271': '[]', 'views_count__271': 36, 'likes_count__271': 0, 'channel_id__271': 'UCYaQgG2jofswv3mjh0j0V5g', 'published_at_source__271': 'innertube_relative', 'comments_count__271': 0})
InnerTube ответ (https://www.youtube.com/youtubei/v1/search) содержит consent — возможна заглушка YouTube. Проверьте debug_yt_response.json
--- Logging error ---
Traceback (most recent call last):
  File "C:\Users\dayta\AppData\Local\Programs\Python\Python311\Lib\logging\__init__.py", line 1113, in emit
    stream.write(msg + self.terminator)
  File "C:\Users\dayta\AppData\Local\Programs\Python\Python311\Lib\encodings\cp1251.py", line 19, in encode
    return codecs.charmap_encode(input,self.errors,encoding_table)[0]
           ^^^^^^^^^^^^^^^^^^^^^^^^^^^^^^^^^^^^^^^^^^^^^^^^^^^^^^^
UnicodeEncodeError: 'charmap' codec can't encode characters in position 117-118: character maps to <undefined>
Call stack:
  File "C:\Projects\Сайт анализ ниш1\scripts\run_discovery_worker.py", line 117, in <module>
    raise SystemExit(main())
  File "C:\Projects\Сайт анализ ниш1\scripts\run_discovery_worker.py", line 99, in main
    run_discovery_worker(
  File "C:\Projects\Сайт анализ ниш1\app\services\discovery_worker_runtime.py", line 118, in run_discovery_worker
    summary = run_discovery_cycle(
  File "C:\Projects\Сайт анализ ниш1\app\services\discovery_cycle.py", line 491, in run_discovery_cycle
    return asyncio.run(
  File "C:\Users\dayta\AppData\Local\Programs\Python\Python311\Lib\asyncio\runners.py", line 190, in run
    return runner.run(main)
  File "C:\Users\dayta\AppData\Local\Programs\Python\Python311\Lib\asyncio\runners.py", line 118, in run
    return self._loop.run_until_complete(task)
  File "C:\Users\dayta\AppData\Local\Programs\Python\Python311\Lib\asyncio\base_events.py", line 640, in run_until_complete
    self.run_forever()
  File "C:\Users\dayta\AppData\Local\Programs\Python\Python311\Lib\asyncio\windows_events.py", line 321, in run_forever
    super().run_forever()
  File "C:\Users\dayta\AppData\Local\Programs\Python\Python311\Lib\asyncio\base_events.py", line 607, in run_forever
    self._run_once()
  File "C:\Users\dayta\AppData\Local\Programs\Python\Python311\Lib\asyncio\base_events.py", line 1922, in _run_once
    handle._run()
  File "C:\Users\dayta\AppData\Local\Programs\Python\Python311\Lib\asyncio\events.py", line 80, in _run
    self._context.run(self._callback, *self._args)
  File "C:\Projects\Сайт анализ ниш1\app\services\discovery_cycle.py", line 322, in run_discovery_cycle_async
    persist_results, kw_duplicates_from_batch = batch_persist_discovered_videos(
  File "C:\Projects\Сайт анализ ниш1\app\services\discovered_video_batch.py", line 63, in batch_persist_discovered_videos
    outcome = persist_discovered_video(
  File "C:\Projects\Сайт анализ ниш1\app\services\discovered_video_persistence.py", line 202, in persist_discovered_video
    _upsert_discovered_channel(
  File "C:\Projects\Сайт анализ ниш1\app\services\discovered_video_persistence.py", line 150, in _upsert_discovered_channel
    session.execute(
  File "C:\Users\dayta\AppData\Local\Programs\Python\Python311\Lib\site-packages\sqlalchemy\orm\session.py", line 2373, in execute
    return self._execute_internal(
  File "C:\Users\dayta\AppData\Local\Programs\Python\Python311\Lib\site-packages\sqlalchemy\orm\session.py", line 2271, in _execute_internal
    result: Result[Any] = compile_state_cls.orm_execute_statement(
  File "C:\Users\dayta\AppData\Local\Programs\Python\Python311\Lib\site-packages\sqlalchemy\orm\bulk_persistence.py", line 1306, in orm_execute_statement
    result = conn.execute(
  File "C:\Users\dayta\AppData\Local\Programs\Python\Python311\Lib\site-packages\sqlalchemy\engine\base.py", line 1421, in execute
    return meth(
  File "C:\Users\dayta\AppData\Local\Programs\Python\Python311\Lib\site-packages\sqlalchemy\sql\elements.py", line 526, in _execute_on_connection
    return connection._execute_clauseelement(
  File "C:\Users\dayta\AppData\Local\Programs\Python\Python311\Lib\site-packages\sqlalchemy\engine\base.py", line 1643, in _execute_clauseelement
    ret = self._execute_context(
  File "C:\Users\dayta\AppData\Local\Programs\Python\Python311\Lib\site-packages\sqlalchemy\engine\base.py", line 1848, in _execute_context
    return self._exec_single_context(
  File "C:\Users\dayta\AppData\Local\Programs\Python\Python311\Lib\site-packages\sqlalchemy\engine\base.py", line 1906, in _exec_single_context
    self._log_info(
  File "C:\Users\dayta\AppData\Local\Programs\Python\Python311\Lib\site-packages\sqlalchemy\engine\base.py", line 188, in _log_info
    self.engine.logger.info(message, *arg, **kw)
  File "C:\Users\dayta\AppData\Local\Programs\Python\Python311\Lib\site-packages\sqlalchemy\log.py", line 159, in info
    self.log(logging.INFO, msg, *args, **kwargs)
  File "C:\Users\dayta\AppData\Local\Programs\Python\Python311\Lib\site-packages\sqlalchemy\log.py", line 210, in log
    self.logger._log(level, msg, args, **kwargs)
Message: '[%s] %r'
Arguments: ('no key 0.00052s', {'id': 'UC4nnzuniVjjbBa2yceRWYgw', 'title': '\u6700\u65b0AI\u30cb\u30e5\u30fc\u30b9', 'subscribers_count': 0, 'topic': None, 'custom_url': None, 'created_at': datetime.datetime(2026, 10, 6, 15, 37, 1, 802273, tzinfo=datetime.timezone.utc), 'param_1': '\u6700\u65b0AI\u30cb\u30e5\u30fc\u30b9', 'param_2': datetime.datetime(2026, 10, 6, 15, 37, 1, 802273, tzinfo=datetime.timezone.utc)})
--- Logging error ---
Traceback (most recent call last):
  File "C:\Users\dayta\AppData\Local\Programs\Python\Python311\Lib\logging\__init__.py", line 1113, in emit
    stream.write(msg + self.terminator)
  File "C:\Users\dayta\AppData\Local\Programs\Python\Python311\Lib\encodings\cp1251.py", line 19, in encode
    return codecs.charmap_encode(input,self.errors,encoding_table)[0]
           ^^^^^^^^^^^^^^^^^^^^^^^^^^^^^^^^^^^^^^^^^^^^^^^^^^^^^^^
UnicodeEncodeError: 'charmap' codec can't encode character '\u25b6' in position 132: character maps to <undefined>
Call stack:
  File "C:\Projects\Сайт анализ ниш1\scripts\run_discovery_worker.py", line 117, in <module>
    raise SystemExit(main())
  File "C:\Projects\Сайт анализ ниш1\scripts\run_discovery_worker.py", line 99, in main
    run_discovery_worker(
  File "C:\Projects\Сайт анализ ниш1\app\services\discovery_worker_runtime.py", line 118, in run_discovery_worker
    summary = run_discovery_cycle(
  File "C:\Projects\Сайт анализ ниш1\app\services\discovery_cycle.py", line 491, in run_discovery_cycle
    return asyncio.run(
  File "C:\Users\dayta\AppData\Local\Programs\Python\Python311\Lib\asyncio\runners.py", line 190, in run
    return runner.run(main)
  File "C:\Users\dayta\AppData\Local\Programs\Python\Python311\Lib\asyncio\runners.py", line 118, in run
    return self._loop.run_until_complete(task)
  File "C:\Users\dayta\AppData\Local\Programs\Python\Python311\Lib\asyncio\base_events.py", line 640, in run_until_complete
    self.run_forever()
  File "C:\Users\dayta\AppData\Local\Programs\Python\Python311\Lib\asyncio\windows_events.py", line 321, in run_forever
    super().run_forever()
  File "C:\Users\dayta\AppData\Local\Programs\Python\Python311\Lib\asyncio\base_events.py", line 607, in run_forever
    self._run_once()
  File "C:\Users\dayta\AppData\Local\Programs\Python\Python311\Lib\asyncio\base_events.py", line 1922, in _run_once
    handle._run()
  File "C:\Users\dayta\AppData\Local\Programs\Python\Python311\Lib\asyncio\events.py", line 80, in _run
    self._context.run(self._callback, *self._args)
  File "C:\Projects\Сайт анализ ниш1\app\services\discovery_cycle.py", line 322, in run_discovery_cycle_async
    persist_results, kw_duplicates_from_batch = batch_persist_discovered_videos(
  File "C:\Projects\Сайт анализ ниш1\app\services\discovered_video_batch.py", line 63, in batch_persist_discovered_videos
    outcome = persist_discovered_video(
  File "C:\Projects\Сайт анализ ниш1\app\services\discovered_video_persistence.py", line 202, in persist_discovered_video
    _upsert_discovered_channel(
  File "C:\Projects\Сайт анализ ниш1\app\services\discovered_video_persistence.py", line 150, in _upsert_discovered_channel
    session.execute(
  File "C:\Users\dayta\AppData\Local\Programs\Python\Python311\Lib\site-packages\sqlalchemy\orm\session.py", line 2373, in execute
    return self._execute_internal(
  File "C:\Users\dayta\AppData\Local\Programs\Python\Python311\Lib\site-packages\sqlalchemy\orm\session.py", line 2271, in _execute_internal
    result: Result[Any] = compile_state_cls.orm_execute_statement(
  File "C:\Users\dayta\AppData\Local\Programs\Python\Python311\Lib\site-packages\sqlalchemy\orm\bulk_persistence.py", line 1306, in orm_execute_statement
    result = conn.execute(
  File "C:\Users\dayta\AppData\Local\Programs\Python\Python311\Lib\site-packages\sqlalchemy\engine\base.py", line 1421, in execute
    return meth(
  File "C:\Users\dayta\AppData\Local\Programs\Python\Python311\Lib\site-packages\sqlalchemy\sql\elements.py", line 526, in _execute_on_connection
    return connection._execute_clauseelement(
  File "C:\Users\dayta\AppData\Local\Programs\Python\Python311\Lib\site-packages\sqlalchemy\engine\base.py", line 1643, in _execute_clauseelement
    ret = self._execute_context(
  File "C:\Users\dayta\AppData\Local\Programs\Python\Python311\Lib\site-packages\sqlalchemy\engine\base.py", line 1848, in _execute_context
    return self._exec_single_context(
  File "C:\Users\dayta\AppData\Local\Programs\Python\Python311\Lib\site-packages\sqlalchemy\engine\base.py", line 1906, in _exec_single_context
    self._log_info(
  File "C:\Users\dayta\AppData\Local\Programs\Python\Python311\Lib\site-packages\sqlalchemy\engine\base.py", line 188, in _log_info
    self.engine.logger.info(message, *arg, **kw)
  File "C:\Users\dayta\AppData\Local\Programs\Python\Python311\Lib\site-packages\sqlalchemy\log.py", line 159, in info
    self.log(logging.INFO, msg, *args, **kwargs)
  File "C:\Users\dayta\AppData\Local\Programs\Python\Python311\Lib\site-packages\sqlalchemy\log.py", line 210, in log
    self.logger._log(level, msg, args, **kwargs)
Message: '[%s] %r'
Arguments: ('no key 0.00055s', {'id': 'UCp6ypIU5E4gWW2BYJpv-ktQ', 'title': 'Chhotu Trends. \u25b6 2.1m 2 wk ago', 'subscribers_count': 0, 'topic': None, 'custom_url': None, 'created_at': datetime.datetime(2026, 10, 6, 15, 37, 1, 834328, tzinfo=datetime.timezone.utc), 'param_1': 'Chhotu Trends. \u25b6 2.1m 2 wk ago', 'param_2': datetime.datetime(2026, 10, 6, 15, 37, 1, 834328, tzinfo=datetime.timezone.utc)})
--- Logging error ---
Traceback (most recent call last):
  File "C:\Users\dayta\AppData\Local\Programs\Python\Python311\Lib\logging\__init__.py", line 1113, in emit
    stream.write(msg + self.terminator)
  File "C:\Users\dayta\AppData\Local\Programs\Python\Python311\Lib\encodings\cp1251.py", line 19, in encode
    return codecs.charmap_encode(input,self.errors,encoding_table)[0]
           ^^^^^^^^^^^^^^^^^^^^^^^^^^^^^^^^^^^^^^^^^^^^^^^^^^^^^^^
UnicodeEncodeError: 'charmap' codec can't encode characters in position 117-124: character maps to <undefined>
Call stack:
  File "C:\Projects\Сайт анализ ниш1\scripts\run_discovery_worker.py", line 117, in <module>
    raise SystemExit(main())
  File "C:\Projects\Сайт анализ ниш1\scripts\run_discovery_worker.py", line 99, in main
    run_discovery_worker(
  File "C:\Projects\Сайт анализ ниш1\app\services\discovery_worker_runtime.py", line 118, in run_discovery_worker
    summary = run_discovery_cycle(
  File "C:\Projects\Сайт анализ ниш1\app\services\discovery_cycle.py", line 491, in run_discovery_cycle
    return asyncio.run(
  File "C:\Users\dayta\AppData\Local\Programs\Python\Python311\Lib\asyncio\runners.py", line 190, in run
    return runner.run(main)
  File "C:\Users\dayta\AppData\Local\Programs\Python\Python311\Lib\asyncio\runners.py", line 118, in run
    return self._loop.run_until_complete(task)
  File "C:\Users\dayta\AppData\Local\Programs\Python\Python311\Lib\asyncio\base_events.py", line 640, in run_until_complete
    self.run_forever()
  File "C:\Users\dayta\AppData\Local\Programs\Python\Python311\Lib\asyncio\windows_events.py", line 321, in run_forever
    super().run_forever()
  File "C:\Users\dayta\AppData\Local\Programs\Python\Python311\Lib\asyncio\base_events.py", line 607, in run_forever
    self._run_once()
  File "C:\Users\dayta\AppData\Local\Programs\Python\Python311\Lib\asyncio\base_events.py", line 1922, in _run_once
    handle._run()
  File "C:\Users\dayta\AppData\Local\Programs\Python\Python311\Lib\asyncio\events.py", line 80, in _run
    self._context.run(self._callback, *self._args)
  File "C:\Projects\Сайт анализ ниш1\app\services\discovery_cycle.py", line 322, in run_discovery_cycle_async
    persist_results, kw_duplicates_from_batch = batch_persist_discovered_videos(
  File "C:\Projects\Сайт анализ ниш1\app\services\discovered_video_batch.py", line 63, in batch_persist_discovered_videos
    outcome = persist_discovered_video(
  File "C:\Projects\Сайт анализ ниш1\app\services\discovered_video_persistence.py", line 202, in persist_discovered_video
    _upsert_discovered_channel(
  File "C:\Projects\Сайт анализ ниш1\app\services\discovered_video_persistence.py", line 150, in _upsert_discovered_channel
    session.execute(
  File "C:\Users\dayta\AppData\Local\Programs\Python\Python311\Lib\site-packages\sqlalchemy\orm\session.py", line 2373, in execute
    return self._execute_internal(
  File "C:\Users\dayta\AppData\Local\Programs\Python\Python311\Lib\site-packages\sqlalchemy\orm\session.py", line 2271, in _execute_internal
    result: Result[Any] = compile_state_cls.orm_execute_statement(
  File "C:\Users\dayta\AppData\Local\Programs\Python\Python311\Lib\site-packages\sqlalchemy\orm\bulk_persistence.py", line 1306, in orm_execute_statement
    result = conn.execute(
  File "C:\Users\dayta\AppData\Local\Programs\Python\Python311\Lib\site-packages\sqlalchemy\engine\base.py", line 1421, in execute
    return meth(
  File "C:\Users\dayta\AppData\Local\Programs\Python\Python311\Lib\site-packages\sqlalchemy\sql\elements.py", line 526, in _execute_on_connection
    return connection._execute_clauseelement(
  File "C:\Users\dayta\AppData\Local\Programs\Python\Python311\Lib\site-packages\sqlalchemy\engine\base.py", line 1643, in _execute_clauseelement
    ret = self._execute_context(
  File "C:\Users\dayta\AppData\Local\Programs\Python\Python311\Lib\site-packages\sqlalchemy\engine\base.py", line 1848, in _execute_context
    return self._exec_single_context(
  File "C:\Users\dayta\AppData\Local\Programs\Python\Python311\Lib\site-packages\sqlalchemy\engine\base.py", line 1906, in _exec_single_context
    self._log_info(
  File "C:\Users\dayta\AppData\Local\Programs\Python\Python311\Lib\site-packages\sqlalchemy\engine\base.py", line 188, in _log_info
    self.engine.logger.info(message, *arg, **kw)
  File "C:\Users\dayta\AppData\Local\Programs\Python\Python311\Lib\site-packages\sqlalchemy\log.py", line 159, in info
    self.log(logging.INFO, msg, *args, **kwargs)
  File "C:\Users\dayta\AppData\Local\Programs\Python\Python311\Lib\site-packages\sqlalchemy\log.py", line 210, in log
    self.logger._log(level, msg, args, **kwargs)
Message: '[%s] %r'
Arguments: ('no key 0.00045s', {'id': 'UC2ePoeqQi0Gujg1Koksd_0A', 'title': '\ud55c\uad6d\ubc29\uc1a1\uc791\uac00\ud611\ud68c', 'subscribers_count': 0, 'topic': None, 'custom_url': None, 'created_at': datetime.datetime(2026, 10, 6, 15, 37, 1, 866071, tzinfo=datetime.timezone.utc), 'param_1': '\ud55c\uad6d\ubc29\uc1a1\uc791\uac00\ud611\ud68c', 'param_2': datetime.datetime(2026, 10, 6, 15, 37, 1, 866071, tzinfo=datetime.timezone.utc)})
--- Logging error ---
Traceback (most recent call last):
  File "C:\Users\dayta\AppData\Local\Programs\Python\Python311\Lib\logging\__init__.py", line 1113, in emit
    stream.write(msg + self.terminator)
  File "C:\Users\dayta\AppData\Local\Programs\Python\Python311\Lib\encodings\cp1251.py", line 19, in encode
    return codecs.charmap_encode(input,self.errors,encoding_table)[0]
           ^^^^^^^^^^^^^^^^^^^^^^^^^^^^^^^^^^^^^^^^^^^^^^^^^^^^^^^
UnicodeEncodeError: 'charmap' codec can't encode characters in position 117-128: character maps to <undefined>
Call stack:
  File "C:\Projects\Сайт анализ ниш1\scripts\run_discovery_worker.py", line 117, in <module>
    raise SystemExit(main())
  File "C:\Projects\Сайт анализ ниш1\scripts\run_discovery_worker.py", line 99, in main
    run_discovery_worker(
  File "C:\Projects\Сайт анализ ниш1\app\services\discovery_worker_runtime.py", line 118, in run_discovery_worker
    summary = run_discovery_cycle(
  File "C:\Projects\Сайт анализ ниш1\app\services\discovery_cycle.py", line 491, in run_discovery_cycle
    return asyncio.run(
  File "C:\Users\dayta\AppData\Local\Programs\Python\Python311\Lib\asyncio\runners.py", line 190, in run
    return runner.run(main)
  File "C:\Users\dayta\AppData\Local\Programs\Python\Python311\Lib\asyncio\runners.py", line 118, in run
    return self._loop.run_until_complete(task)
  File "C:\Users\dayta\AppData\Local\Programs\Python\Python311\Lib\asyncio\base_events.py", line 640, in run_until_complete
    self.run_forever()
  File "C:\Users\dayta\AppData\Local\Programs\Python\Python311\Lib\asyncio\windows_events.py", line 321, in run_forever
    super().run_forever()
  File "C:\Users\dayta\AppData\Local\Programs\Python\Python311\Lib\asyncio\base_events.py", line 607, in run_forever
    self._run_once()
  File "C:\Users\dayta\AppData\Local\Programs\Python\Python311\Lib\asyncio\base_events.py", line 1922, in _run_once
    handle._run()
  File "C:\Users\dayta\AppData\Local\Programs\Python\Python311\Lib\asyncio\events.py", line 80, in _run
    self._context.run(self._callback, *self._args)
  File "C:\Projects\Сайт анализ ниш1\app\services\discovery_cycle.py", line 322, in run_discovery_cycle_async
    persist_results, kw_duplicates_from_batch = batch_persist_discovered_videos(
  File "C:\Projects\Сайт анализ ниш1\app\services\discovered_video_batch.py", line 63, in batch_persist_discovered_videos
    outcome = persist_discovered_video(
  File "C:\Projects\Сайт анализ ниш1\app\services\discovered_video_persistence.py", line 202, in persist_discovered_video
    _upsert_discovered_channel(
  File "C:\Projects\Сайт анализ ниш1\app\services\discovered_video_persistence.py", line 150, in _upsert_discovered_channel
    session.execute(
  File "C:\Users\dayta\AppData\Local\Programs\Python\Python311\Lib\site-packages\sqlalchemy\orm\session.py", line 2373, in execute
    return self._execute_internal(
  File "C:\Users\dayta\AppData\Local\Programs\Python\Python311\Lib\site-packages\sqlalchemy\orm\session.py", line 2271, in _execute_internal
    result: Result[Any] = compile_state_cls.orm_execute_statement(
  File "C:\Users\dayta\AppData\Local\Programs\Python\Python311\Lib\site-packages\sqlalchemy\orm\bulk_persistence.py", line 1306, in orm_execute_statement
    result = conn.execute(
  File "C:\Users\dayta\AppData\Local\Programs\Python\Python311\Lib\site-packages\sqlalchemy\engine\base.py", line 1421, in execute
    return meth(
  File "C:\Users\dayta\AppData\Local\Programs\Python\Python311\Lib\site-packages\sqlalchemy\sql\elements.py", line 526, in _execute_on_connection
    return connection._execute_clauseelement(
  File "C:\Users\dayta\AppData\Local\Programs\Python\Python311\Lib\site-packages\sqlalchemy\engine\base.py", line 1643, in _execute_clauseelement
    ret = self._execute_context(
  File "C:\Users\dayta\AppData\Local\Programs\Python\Python311\Lib\site-packages\sqlalchemy\engine\base.py", line 1848, in _execute_context
    return self._exec_single_context(
  File "C:\Users\dayta\AppData\Local\Programs\Python\Python311\Lib\site-packages\sqlalchemy\engine\base.py", line 1906, in _exec_single_context
    self._log_info(
  File "C:\Users\dayta\AppData\Local\Programs\Python\Python311\Lib\site-packages\sqlalchemy\engine\base.py", line 188, in _log_info
    self.engine.logger.info(message, *arg, **kw)
  File "C:\Users\dayta\AppData\Local\Programs\Python\Python311\Lib\site-packages\sqlalchemy\log.py", line 159, in info
    self.log(logging.INFO, msg, *args, **kwargs)
  File "C:\Users\dayta\AppData\Local\Programs\Python\Python311\Lib\site-packages\sqlalchemy\log.py", line 210, in log
    self.logger._log(level, msg, args, **kwargs)
Message: '[%s] %r'
Arguments: ('no key 0.00035s', {'id': 'UCd6L39NoOE9AV_7IWlMQAKw', 'title': '\u30ea\u30cf\u30ed\u30b8\u6700\u65b0\u8ad6\u6587\u7814\u7a76\u6240\u3010365\u65e5\u6bce\u65e5\u30ec\u30d3\u30e5\u30fc\u3011', 'subscribers_count': 0, 'topic': None, 'custom_url': None, 'created_at': datetime.datetime(2026, 10, 6, 15, 37, 1, 879830, tzinfo=datetime.timezone.utc), 'param_1': '\u30ea\u30cf\u30ed\u30b8\u6700\u65b0\u8ad6\u6587\u7814\u7a76\u6240\u3010365\u65e5\u6bce\u65e5\u30ec\u30d3\u30e5\u30fc\u3011', 'param_2': datetime.datetime(2026, 10, 6, 15, 37, 1, 879830, tzinfo=datetime.timezone.utc)})
--- Logging error ---
Traceback (most recent call last):
  File "C:\Users\dayta\AppData\Local\Programs\Python\Python311\Lib\logging\__init__.py", line 1113, in emit
    stream.write(msg + self.terminator)
  File "C:\Users\dayta\AppData\Local\Programs\Python\Python311\Lib\encodings\cp1251.py", line 19, in encode
    return codecs.charmap_encode(input,self.errors,encoding_table)[0]
           ^^^^^^^^^^^^^^^^^^^^^^^^^^^^^^^^^^^^^^^^^^^^^^^^^^^^^^^
UnicodeEncodeError: 'charmap' codec can't encode characters in position 117-120: character maps to <undefined>
Call stack:
  File "C:\Projects\Сайт анализ ниш1\scripts\run_discovery_worker.py", line 117, in <module>
    raise SystemExit(main())
  File "C:\Projects\Сайт анализ ниш1\scripts\run_discovery_worker.py", line 99, in main
    run_discovery_worker(
  File "C:\Projects\Сайт анализ ниш1\app\services\discovery_worker_runtime.py", line 118, in run_discovery_worker
    summary = run_discovery_cycle(
  File "C:\Projects\Сайт анализ ниш1\app\services\discovery_cycle.py", line 491, in run_discovery_cycle
    return asyncio.run(
  File "C:\Users\dayta\AppData\Local\Programs\Python\Python311\Lib\asyncio\runners.py", line 190, in run
    return runner.run(main)
  File "C:\Users\dayta\AppData\Local\Programs\Python\Python311\Lib\asyncio\runners.py", line 118, in run
    return self._loop.run_until_complete(task)
  File "C:\Users\dayta\AppData\Local\Programs\Python\Python311\Lib\asyncio\base_events.py", line 640, in run_until_complete
    self.run_forever()
  File "C:\Users\dayta\AppData\Local\Programs\Python\Python311\Lib\asyncio\windows_events.py", line 321, in run_forever
    super().run_forever()
  File "C:\Users\dayta\AppData\Local\Programs\Python\Python311\Lib\asyncio\base_events.py", line 607, in run_forever
    self._run_once()
  File "C:\Users\dayta\AppData\Local\Programs\Python\Python311\Lib\asyncio\base_events.py", line 1922, in _run_once
    handle._run()
  File "C:\Users\dayta\AppData\Local\Programs\Python\Python311\Lib\asyncio\events.py", line 80, in _run
    self._context.run(self._callback, *self._args)
  File "C:\Projects\Сайт анализ ниш1\app\services\discovery_cycle.py", line 322, in run_discovery_cycle_async
    persist_results, kw_duplicates_from_batch = batch_persist_discovered_videos(
  File "C:\Projects\Сайт анализ ниш1\app\services\discovered_video_batch.py", line 63, in batch_persist_discovered_videos
    outcome = persist_discovered_video(
  File "C:\Projects\Сайт анализ ниш1\app\services\discovered_video_persistence.py", line 202, in persist_discovered_video
    _upsert_discovered_channel(
  File "C:\Projects\Сайт анализ ниш1\app\services\discovered_video_persistence.py", line 150, in _upsert_discovered_channel
    session.execute(
  File "C:\Users\dayta\AppData\Local\Programs\Python\Python311\Lib\site-packages\sqlalchemy\orm\session.py", line 2373, in execute
    return self._execute_internal(
  File "C:\Users\dayta\AppData\Local\Programs\Python\Python311\Lib\site-packages\sqlalchemy\orm\session.py", line 2271, in _execute_internal
    result: Result[Any] = compile_state_cls.orm_execute_statement(
  File "C:\Users\dayta\AppData\Local\Programs\Python\Python311\Lib\site-packages\sqlalchemy\orm\bulk_persistence.py", line 1306, in orm_execute_statement
    result = conn.execute(
  File "C:\Users\dayta\AppData\Local\Programs\Python\Python311\Lib\site-packages\sqlalchemy\engine\base.py", line 1421, in execute
    return meth(
  File "C:\Users\dayta\AppData\Local\Programs\Python\Python311\Lib\site-packages\sqlalchemy\sql\elements.py", line 526, in _execute_on_connection
    return connection._execute_clauseelement(
  File "C:\Users\dayta\AppData\Local\Programs\Python\Python311\Lib\site-packages\sqlalchemy\engine\base.py", line 1643, in _execute_clauseelement
    ret = self._execute_context(
  File "C:\Users\dayta\AppData\Local\Programs\Python\Python311\Lib\site-packages\sqlalchemy\engine\base.py", line 1848, in _execute_context
    return self._exec_single_context(
  File "C:\Users\dayta\AppData\Local\Programs\Python\Python311\Lib\site-packages\sqlalchemy\engine\base.py", line 1906, in _exec_single_context
    self._log_info(
  File "C:\Users\dayta\AppData\Local\Programs\Python\Python311\Lib\site-packages\sqlalchemy\engine\base.py", line 188, in _log_info
    self.engine.logger.info(message, *arg, **kw)
  File "C:\Users\dayta\AppData\Local\Programs\Python\Python311\Lib\site-packages\sqlalchemy\log.py", line 159, in info
    self.log(logging.INFO, msg, *args, **kwargs)
  File "C:\Users\dayta\AppData\Local\Programs\Python\Python311\Lib\site-packages\sqlalchemy\log.py", line 210, in log
    self.logger._log(level, msg, args, **kwargs)
Message: '[%s] %r'
Arguments: ('no key 0.00046s', {'id': 'UCJblwowG5YdZBVGqy0snTSw', 'title': '\ub808\ube44\uc624\uc0ac AI | Leviosa AI', 'subscribers_count': 0, 'topic': None, 'custom_url': None, 'created_at': datetime.datetime(2026, 10, 6, 15, 37, 2, 173457, tzinfo=datetime.timezone.utc), 'param_1': '\ub808\ube44\uc624\uc0ac AI | Leviosa AI', 'param_2': datetime.datetime(2026, 10, 6, 15, 37, 2, 173457, tzinfo=datetime.timezone.utc)})
--- Logging error ---
Traceback (most recent call last):
  File "C:\Users\dayta\AppData\Local\Programs\Python\Python311\Lib\logging\__init__.py", line 1113, in emit
    stream.write(msg + self.terminator)
  File "C:\Users\dayta\AppData\Local\Programs\Python\Python311\Lib\encodings\cp1251.py", line 19, in encode
    return codecs.charmap_encode(input,self.errors,encoding_table)[0]
           ^^^^^^^^^^^^^^^^^^^^^^^^^^^^^^^^^^^^^^^^^^^^^^^^^^^^^^^
UnicodeEncodeError: 'charmap' codec can't encode characters in position 117-121: character maps to <undefined>
Call stack:
  File "C:\Projects\Сайт анализ ниш1\scripts\run_discovery_worker.py", line 117, in <module>
    raise SystemExit(main())
  File "C:\Projects\Сайт анализ ниш1\scripts\run_discovery_worker.py", line 99, in main
    run_discovery_worker(
  File "C:\Projects\Сайт анализ ниш1\app\services\discovery_worker_runtime.py", line 118, in run_discovery_worker
    summary = run_discovery_cycle(
  File "C:\Projects\Сайт анализ ниш1\app\services\discovery_cycle.py", line 491, in run_discovery_cycle
    return asyncio.run(
  File "C:\Users\dayta\AppData\Local\Programs\Python\Python311\Lib\asyncio\runners.py", line 190, in run
    return runner.run(main)
  File "C:\Users\dayta\AppData\Local\Programs\Python\Python311\Lib\asyncio\runners.py", line 118, in run
    return self._loop.run_until_complete(task)
  File "C:\Users\dayta\AppData\Local\Programs\Python\Python311\Lib\asyncio\base_events.py", line 640, in run_until_complete
    self.run_forever()
  File "C:\Users\dayta\AppData\Local\Programs\Python\Python311\Lib\asyncio\windows_events.py", line 321, in run_forever
    super().run_forever()
  File "C:\Users\dayta\AppData\Local\Programs\Python\Python311\Lib\asyncio\base_events.py", line 607, in run_forever
    self._run_once()
  File "C:\Users\dayta\AppData\Local\Programs\Python\Python311\Lib\asyncio\base_events.py", line 1922, in _run_once
    handle._run()
  File "C:\Users\dayta\AppData\Local\Programs\Python\Python311\Lib\asyncio\events.py", line 80, in _run
    self._context.run(self._callback, *self._args)
  File "C:\Projects\Сайт анализ ниш1\app\services\discovery_cycle.py", line 322, in run_discovery_cycle_async
    persist_results, kw_duplicates_from_batch = batch_persist_discovered_videos(
  File "C:\Projects\Сайт анализ ниш1\app\services\discovered_video_batch.py", line 63, in batch_persist_discovered_videos
    outcome = persist_discovered_video(
  File "C:\Projects\Сайт анализ ниш1\app\services\discovered_video_persistence.py", line 202, in persist_discovered_video
    _upsert_discovered_channel(
  File "C:\Projects\Сайт анализ ниш1\app\services\discovered_video_persistence.py", line 150, in _upsert_discovered_channel
    session.execute(
  File "C:\Users\dayta\AppData\Local\Programs\Python\Python311\Lib\site-packages\sqlalchemy\orm\session.py", line 2373, in execute
    return self._execute_internal(
  File "C:\Users\dayta\AppData\Local\Programs\Python\Python311\Lib\site-packages\sqlalchemy\orm\session.py", line 2271, in _execute_internal
    result: Result[Any] = compile_state_cls.orm_execute_statement(
  File "C:\Users\dayta\AppData\Local\Programs\Python\Python311\Lib\site-packages\sqlalchemy\orm\bulk_persistence.py", line 1306, in orm_execute_statement
    result = conn.execute(
  File "C:\Users\dayta\AppData\Local\Programs\Python\Python311\Lib\site-packages\sqlalchemy\engine\base.py", line 1421, in execute
    return meth(
  File "C:\Users\dayta\AppData\Local\Programs\Python\Python311\Lib\site-packages\sqlalchemy\sql\elements.py", line 526, in _execute_on_connection
    return connection._execute_clauseelement(
  File "C:\Users\dayta\AppData\Local\Programs\Python\Python311\Lib\site-packages\sqlalchemy\engine\base.py", line 1643, in _execute_clauseelement
    ret = self._execute_context(
  File "C:\Users\dayta\AppData\Local\Programs\Python\Python311\Lib\site-packages\sqlalchemy\engine\base.py", line 1848, in _execute_context
    return self._exec_single_context(
  File "C:\Users\dayta\AppData\Local\Programs\Python\Python311\Lib\site-packages\sqlalchemy\engine\base.py", line 1906, in _exec_single_context
    self._log_info(
  File "C:\Users\dayta\AppData\Local\Programs\Python\Python311\Lib\site-packages\sqlalchemy\engine\base.py", line 188, in _log_info
    self.engine.logger.info(message, *arg, **kw)
  File "C:\Users\dayta\AppData\Local\Programs\Python\Python311\Lib\site-packages\sqlalchemy\log.py", line 159, in info
    self.log(logging.INFO, msg, *args, **kwargs)
  File "C:\Users\dayta\AppData\Local\Programs\Python\Python311\Lib\site-packages\sqlalchemy\log.py", line 210, in log
    self.logger._log(level, msg, args, **kwargs)
Message: '[%s] %r'
Arguments: ('no key 0.00037s', {'id': 'UCoukh43BkcqxE5X899oqRrA', 'title': '\u0e01\u0e31\u0e25\u0e22\u0e32 \u0e27\u0e07\u0e04\u0e4c\u0e2a\u0e27\u0e31\u0e2a\u0e14\u0e34\u0e4c', 'subscribers_count': 0, 'topic': None, 'custom_url': None, 'created_at': datetime.datetime(2026, 10, 6, 15, 37, 2, 383152, tzinfo=datetime.timezone.utc), 'param_1': '\u0e01\u0e31\u0e25\u0e22\u0e32 \u0e27\u0e07\u0e04\u0e4c\u0e2a\u0e27\u0e31\u0e2a\u0e14\u0e34\u0e4c', 'param_2': datetime.datetime(2026, 10, 6, 15, 37, 2, 383152, tzinfo=datetime.timezone.utc)})
--- Logging error ---
Traceback (most recent call last):
  File "C:\Users\dayta\AppData\Local\Programs\Python\Python311\Lib\logging\__init__.py", line 1113, in emit
    stream.write(msg + self.terminator)
  File "C:\Users\dayta\AppData\Local\Programs\Python\Python311\Lib\encodings\cp1251.py", line 19, in encode
    return codecs.charmap_encode(input,self.errors,encoding_table)[0]
           ^^^^^^^^^^^^^^^^^^^^^^^^^^^^^^^^^^^^^^^^^^^^^^^^^^^^^^^
UnicodeEncodeError: 'charmap' codec can't encode character '\uc758' in position 121: character maps to <undefined>
Call stack:
  File "C:\Projects\Сайт анализ ниш1\scripts\run_discovery_worker.py", line 117, in <module>
    raise SystemExit(main())
  File "C:\Projects\Сайт анализ ниш1\scripts\run_discovery_worker.py", line 99, in main
    run_discovery_worker(
  File "C:\Projects\Сайт анализ ниш1\app\services\discovery_worker_runtime.py", line 118, in run_discovery_worker
    summary = run_discovery_cycle(
  File "C:\Projects\Сайт анализ ниш1\app\services\discovery_cycle.py", line 491, in run_discovery_cycle
    return asyncio.run(
  File "C:\Users\dayta\AppData\Local\Programs\Python\Python311\Lib\asyncio\runners.py", line 190, in run
    return runner.run(main)
  File "C:\Users\dayta\AppData\Local\Programs\Python\Python311\Lib\asyncio\runners.py", line 118, in run
    return self._loop.run_until_complete(task)
  File "C:\Users\dayta\AppData\Local\Programs\Python\Python311\Lib\asyncio\base_events.py", line 640, in run_until_complete
    self.run_forever()
  File "C:\Users\dayta\AppData\Local\Programs\Python\Python311\Lib\asyncio\windows_events.py", line 321, in run_forever
    super().run_forever()
  File "C:\Users\dayta\AppData\Local\Programs\Python\Python311\Lib\asyncio\base_events.py", line 607, in run_forever
    self._run_once()
  File "C:\Users\dayta\AppData\Local\Programs\Python\Python311\Lib\asyncio\base_events.py", line 1922, in _run_once
    handle._run()
  File "C:\Users\dayta\AppData\Local\Programs\Python\Python311\Lib\asyncio\events.py", line 80, in _run
    self._context.run(self._callback, *self._args)
  File "C:\Projects\Сайт анализ ниш1\app\services\discovery_cycle.py", line 322, in run_discovery_cycle_async
    persist_results, kw_duplicates_from_batch = batch_persist_discovered_videos(
  File "C:\Projects\Сайт анализ ниш1\app\services\discovered_video_batch.py", line 63, in batch_persist_discovered_videos
    outcome = persist_discovered_video(
  File "C:\Projects\Сайт анализ ниш1\app\services\discovered_video_persistence.py", line 202, in persist_discovered_video
    _upsert_discovered_channel(
  File "C:\Projects\Сайт анализ ниш1\app\services\discovered_video_persistence.py", line 150, in _upsert_discovered_channel
    session.execute(
  File "C:\Users\dayta\AppData\Local\Programs\Python\Python311\Lib\site-packages\sqlalchemy\orm\session.py", line 2373, in execute
    return self._execute_internal(
  File "C:\Users\dayta\AppData\Local\Programs\Python\Python311\Lib\site-packages\sqlalchemy\orm\session.py", line 2271, in _execute_internal
    result: Result[Any] = compile_state_cls.orm_execute_statement(
  File "C:\Users\dayta\AppData\Local\Programs\Python\Python311\Lib\site-packages\sqlalchemy\orm\bulk_persistence.py", line 1306, in orm_execute_statement
    result = conn.execute(
  File "C:\Users\dayta\AppData\Local\Programs\Python\Python311\Lib\site-packages\sqlalchemy\engine\base.py", line 1421, in execute
    return meth(
  File "C:\Users\dayta\AppData\Local\Programs\Python\Python311\Lib\site-packages\sqlalchemy\sql\elements.py", line 526, in _execute_on_connection
    return connection._execute_clauseelement(
  File "C:\Users\dayta\AppData\Local\Programs\Python\Python311\Lib\site-packages\sqlalchemy\engine\base.py", line 1643, in _execute_clauseelement
    ret = self._execute_context(
  File "C:\Users\dayta\AppData\Local\Programs\Python\Python311\Lib\site-packages\sqlalchemy\engine\base.py", line 1848, in _execute_context
    return self._exec_single_context(
  File "C:\Users\dayta\AppData\Local\Programs\Python\Python311\Lib\site-packages\sqlalchemy\engine\base.py", line 1906, in _exec_single_context
    self._log_info(
  File "C:\Users\dayta\AppData\Local\Programs\Python\Python311\Lib\site-packages\sqlalchemy\engine\base.py", line 188, in _log_info
    self.engine.logger.info(message, *arg, **kw)
  File "C:\Users\dayta\AppData\Local\Programs\Python\Python311\Lib\site-packages\sqlalchemy\log.py", line 159, in info
    self.log(logging.INFO, msg, *args, **kwargs)
  File "C:\Users\dayta\AppData\Local\Programs\Python\Python311\Lib\site-packages\sqlalchemy\log.py", line 210, in log
    self.logger._log(level, msg, args, **kwargs)
Message: '[%s] %r'
Arguments: ('no key 0.00041s', {'id': 'UCeuuto6trTcKlgUfGRUjhuw', 'title': 'INFJ\uc758 \uc548\uc2dd\ucc98', 'subscribers_count': 0, 'topic': None, 'custom_url': None, 'created_at': datetime.datetime(2026, 10, 6, 15, 37, 2, 453142, tzinfo=datetime.timezone.utc), 'param_1': 'INFJ\uc758 \uc548\uc2dd\ucc98', 'param_2': datetime.datetime(2026, 10, 6, 15, 37, 2, 453142, tzinfo=datetime.timezone.utc)})
--- Logging error ---
Traceback (most recent call last):
  File "C:\Users\dayta\AppData\Local\Programs\Python\Python311\Lib\logging\__init__.py", line 1113, in emit
    stream.write(msg + self.terminator)
  File "C:\Users\dayta\AppData\Local\Programs\Python\Python311\Lib\encodings\cp1251.py", line 19, in encode
    return codecs.charmap_encode(input,self.errors,encoding_table)[0]
           ^^^^^^^^^^^^^^^^^^^^^^^^^^^^^^^^^^^^^^^^^^^^^^^^^^^^^^^
UnicodeEncodeError: 'charmap' codec can't encode characters in position 117-119: character maps to <undefined>
Call stack:
  File "C:\Projects\Сайт анализ ниш1\scripts\run_discovery_worker.py", line 117, in <module>
    raise SystemExit(main())
  File "C:\Projects\Сайт анализ ниш1\scripts\run_discovery_worker.py", line 99, in main
    run_discovery_worker(
  File "C:\Projects\Сайт анализ ниш1\app\services\discovery_worker_runtime.py", line 118, in run_discovery_worker
    summary = run_discovery_cycle(
  File "C:\Projects\Сайт анализ ниш1\app\services\discovery_cycle.py", line 491, in run_discovery_cycle
    return asyncio.run(
  File "C:\Users\dayta\AppData\Local\Programs\Python\Python311\Lib\asyncio\runners.py", line 190, in run
    return runner.run(main)
  File "C:\Users\dayta\AppData\Local\Programs\Python\Python311\Lib\asyncio\runners.py", line 118, in run
    return self._loop.run_until_complete(task)
  File "C:\Users\dayta\AppData\Local\Programs\Python\Python311\Lib\asyncio\base_events.py", line 640, in run_until_complete
    self.run_forever()
  File "C:\Users\dayta\AppData\Local\Programs\Python\Python311\Lib\asyncio\windows_events.py", line 321, in run_forever
    super().run_forever()
  File "C:\Users\dayta\AppData\Local\Programs\Python\Python311\Lib\asyncio\base_events.py", line 607, in run_forever
    self._run_once()
  File "C:\Users\dayta\AppData\Local\Programs\Python\Python311\Lib\asyncio\base_events.py", line 1922, in _run_once
    handle._run()
  File "C:\Users\dayta\AppData\Local\Programs\Python\Python311\Lib\asyncio\events.py", line 80, in _run
    self._context.run(self._callback, *self._args)
  File "C:\Projects\Сайт анализ ниш1\app\services\discovery_cycle.py", line 322, in run_discovery_cycle_async
    persist_results, kw_duplicates_from_batch = batch_persist_discovered_videos(
  File "C:\Projects\Сайт анализ ниш1\app\services\discovered_video_batch.py", line 63, in batch_persist_discovered_videos
    outcome = persist_discovered_video(
  File "C:\Projects\Сайт анализ ниш1\app\services\discovered_video_persistence.py", line 202, in persist_discovered_video
    _upsert_discovered_channel(
  File "C:\Projects\Сайт анализ ниш1\app\services\discovered_video_persistence.py", line 150, in _upsert_discovered_channel
    session.execute(
  File "C:\Users\dayta\AppData\Local\Programs\Python\Python311\Lib\site-packages\sqlalchemy\orm\session.py", line 2373, in execute
    return self._execute_internal(
  File "C:\Users\dayta\AppData\Local\Programs\Python\Python311\Lib\site-packages\sqlalchemy\orm\session.py", line 2271, in _execute_internal
    result: Result[Any] = compile_state_cls.orm_execute_statement(
  File "C:\Users\dayta\AppData\Local\Programs\Python\Python311\Lib\site-packages\sqlalchemy\orm\bulk_persistence.py", line 1306, in orm_execute_statement
    result = conn.execute(
  File "C:\Users\dayta\AppData\Local\Programs\Python\Python311\Lib\site-packages\sqlalchemy\engine\base.py", line 1421, in execute
    return meth(
  File "C:\Users\dayta\AppData\Local\Programs\Python\Python311\Lib\site-packages\sqlalchemy\sql\elements.py", line 526, in _execute_on_connection
    return connection._execute_clauseelement(
  File "C:\Users\dayta\AppData\Local\Programs\Python\Python311\Lib\site-packages\sqlalchemy\engine\base.py", line 1643, in _execute_clauseelement
    ret = self._execute_context(
  File "C:\Users\dayta\AppData\Local\Programs\Python\Python311\Lib\site-packages\sqlalchemy\engine\base.py", line 1848, in _execute_context
    return self._exec_single_context(
  File "C:\Users\dayta\AppData\Local\Programs\Python\Python311\Lib\site-packages\sqlalchemy\engine\base.py", line 1906, in _exec_single_context
    self._log_info(
  File "C:\Users\dayta\AppData\Local\Programs\Python\Python311\Lib\site-packages\sqlalchemy\engine\base.py", line 188, in _log_info
    self.engine.logger.info(message, *arg, **kw)
  File "C:\Users\dayta\AppData\Local\Programs\Python\Python311\Lib\site-packages\sqlalchemy\log.py", line 159, in info
    self.log(logging.INFO, msg, *args, **kwargs)
  File "C:\Users\dayta\AppData\Local\Programs\Python\Python311\Lib\site-packages\sqlalchemy\log.py", line 210, in log
    self.logger._log(level, msg, args, **kwargs)
Message: '[%s] %r'
Arguments: ('no key 0.00030s', {'id': 'UCmczkstuSMeHKbk_nnobLnQ', 'title': '\uc2ec\ub9ac\uc758 \ud1b5\ucc30', 'subscribers_count': 0, 'topic': None, 'custom_url': None, 'created_at': datetime.datetime(2026, 10, 6, 15, 37, 2, 478521, tzinfo=datetime.timezone.utc), 'param_1': '\uc2ec\ub9ac\uc758 \ud1b5\ucc30', 'param_2': datetime.datetime(2026, 10, 6, 15, 37, 2, 478521, tzinfo=datetime.timezone.utc)})
--- Logging error ---
Traceback (most recent call last):
  File "C:\Users\dayta\AppData\Local\Programs\Python\Python311\Lib\logging\__init__.py", line 1113, in emit
    stream.write(msg + self.terminator)
  File "C:\Users\dayta\AppData\Local\Programs\Python\Python311\Lib\encodings\cp1251.py", line 19, in encode
    return codecs.charmap_encode(input,self.errors,encoding_table)[0]
           ^^^^^^^^^^^^^^^^^^^^^^^^^^^^^^^^^^^^^^^^^^^^^^^^^^^^^^^
UnicodeEncodeError: 'charmap' codec can't encode character '\U0001f4b0' in position 121: character maps to <undefined>
Call stack:
  File "C:\Projects\Сайт анализ ниш1\scripts\run_discovery_worker.py", line 117, in <module>
    raise SystemExit(main())
  File "C:\Projects\Сайт анализ ниш1\scripts\run_discovery_worker.py", line 99, in main
    run_discovery_worker(
  File "C:\Projects\Сайт анализ ниш1\app\services\discovery_worker_runtime.py", line 118, in run_discovery_worker
    summary = run_discovery_cycle(
  File "C:\Projects\Сайт анализ ниш1\app\services\discovery_cycle.py", line 491, in run_discovery_cycle
    return asyncio.run(
  File "C:\Users\dayta\AppData\Local\Programs\Python\Python311\Lib\asyncio\runners.py", line 190, in run
    return runner.run(main)
  File "C:\Users\dayta\AppData\Local\Programs\Python\Python311\Lib\asyncio\runners.py", line 118, in run
    return self._loop.run_until_complete(task)
  File "C:\Users\dayta\AppData\Local\Programs\Python\Python311\Lib\asyncio\base_events.py", line 640, in run_until_complete
    self.run_forever()
  File "C:\Users\dayta\AppData\Local\Programs\Python\Python311\Lib\asyncio\windows_events.py", line 321, in run_forever
    super().run_forever()
  File "C:\Users\dayta\AppData\Local\Programs\Python\Python311\Lib\asyncio\base_events.py", line 607, in run_forever
    self._run_once()
  File "C:\Users\dayta\AppData\Local\Programs\Python\Python311\Lib\asyncio\base_events.py", line 1922, in _run_once
    handle._run()
  File "C:\Users\dayta\AppData\Local\Programs\Python\Python311\Lib\asyncio\events.py", line 80, in _run
    self._context.run(self._callback, *self._args)
  File "C:\Projects\Сайт анализ ниш1\app\services\discovery_cycle.py", line 322, in run_discovery_cycle_async
    persist_results, kw_duplicates_from_batch = batch_persist_discovered_videos(
  File "C:\Projects\Сайт анализ ниш1\app\services\discovered_video_batch.py", line 63, in batch_persist_discovered_videos
    outcome = persist_discovered_video(
  File "C:\Projects\Сайт анализ ниш1\app\services\discovered_video_persistence.py", line 202, in persist_discovered_video
    _upsert_discovered_channel(
  File "C:\Projects\Сайт анализ ниш1\app\services\discovered_video_persistence.py", line 150, in _upsert_discovered_channel
    session.execute(
  File "C:\Users\dayta\AppData\Local\Programs\Python\Python311\Lib\site-packages\sqlalchemy\orm\session.py", line 2373, in execute
    return self._execute_internal(
  File "C:\Users\dayta\AppData\Local\Programs\Python\Python311\Lib\site-packages\sqlalchemy\orm\session.py", line 2271, in _execute_internal
    result: Result[Any] = compile_state_cls.orm_execute_statement(
  File "C:\Users\dayta\AppData\Local\Programs\Python\Python311\Lib\site-packages\sqlalchemy\orm\bulk_persistence.py", line 1306, in orm_execute_statement
    result = conn.execute(
  File "C:\Users\dayta\AppData\Local\Programs\Python\Python311\Lib\site-packages\sqlalchemy\engine\base.py", line 1421, in execute
    return meth(
  File "C:\Users\dayta\AppData\Local\Programs\Python\Python311\Lib\site-packages\sqlalchemy\sql\elements.py", line 526, in _execute_on_connection
    return connection._execute_clauseelement(
  File "C:\Users\dayta\AppData\Local\Programs\Python\Python311\Lib\site-packages\sqlalchemy\engine\base.py", line 1643, in _execute_clauseelement
    ret = self._execute_context(
  File "C:\Users\dayta\AppData\Local\Programs\Python\Python311\Lib\site-packages\sqlalchemy\engine\base.py", line 1848, in _execute_context
    return self._exec_single_context(
  File "C:\Users\dayta\AppData\Local\Programs\Python\Python311\Lib\site-packages\sqlalchemy\engine\base.py", line 1906, in _exec_single_context
    self._log_info(
  File "C:\Users\dayta\AppData\Local\Programs\Python\Python311\Lib\site-packages\sqlalchemy\engine\base.py", line 188, in _log_info
    self.engine.logger.info(message, *arg, **kw)
  File "C:\Users\dayta\AppData\Local\Programs\Python\Python311\Lib\site-packages\sqlalchemy\log.py", line 159, in info
    self.log(logging.INFO, msg, *args, **kwargs)
  File "C:\Users\dayta\AppData\Local\Programs\Python\Python311\Lib\site-packages\sqlalchemy\log.py", line 210, in log
    self.logger._log(level, msg, args, **kwargs)
Message: '[%s] %r'
Arguments: ('no key 0.00040s', {'id': 'UCsZpBGUCS1FVSueJy9ABksQ', 'title': 'Doll\U0001f4b0RD', 'subscribers_count': 0, 'topic': None, 'custom_url': None, 'created_at': datetime.datetime(2026, 10, 6, 15, 37, 2, 579693, tzinfo=datetime.timezone.utc), 'param_1': 'Doll\U0001f4b0RD', 'param_2': datetime.datetime(2026, 10, 6, 15, 37, 2, 579693, tzinfo=datetime.timezone.utc)})
--- Logging error ---
Traceback (most recent call last):
  File "C:\Users\dayta\AppData\Local\Programs\Python\Python311\Lib\logging\__init__.py", line 1113, in emit
    stream.write(msg + self.terminator)
  File "C:\Users\dayta\AppData\Local\Programs\Python\Python311\Lib\encodings\cp1251.py", line 19, in encode
    return codecs.charmap_encode(input,self.errors,encoding_table)[0]
           ^^^^^^^^^^^^^^^^^^^^^^^^^^^^^^^^^^^^^^^^^^^^^^^^^^^^^^^
UnicodeEncodeError: 'charmap' codec can't encode character '\xd7' in position 125: character maps to <undefined>
Call stack:
  File "C:\Projects\Сайт анализ ниш1\scripts\run_discovery_worker.py", line 117, in <module>
    raise SystemExit(main())
  File "C:\Projects\Сайт анализ ниш1\scripts\run_discovery_worker.py", line 99, in main
    run_discovery_worker(
  File "C:\Projects\Сайт анализ ниш1\app\services\discovery_worker_runtime.py", line 118, in run_discovery_worker
    summary = run_discovery_cycle(
  File "C:\Projects\Сайт анализ ниш1\app\services\discovery_cycle.py", line 491, in run_discovery_cycle
    return asyncio.run(
  File "C:\Users\dayta\AppData\Local\Programs\Python\Python311\Lib\asyncio\runners.py", line 190, in run
    return runner.run(main)
  File "C:\Users\dayta\AppData\Local\Programs\Python\Python311\Lib\asyncio\runners.py", line 118, in run
    return self._loop.run_until_complete(task)
  File "C:\Users\dayta\AppData\Local\Programs\Python\Python311\Lib\asyncio\base_events.py", line 640, in run_until_complete
    self.run_forever()
  File "C:\Users\dayta\AppData\Local\Programs\Python\Python311\Lib\asyncio\windows_events.py", line 321, in run_forever
    super().run_forever()
  File "C:\Users\dayta\AppData\Local\Programs\Python\Python311\Lib\asyncio\base_events.py", line 607, in run_forever
    self._run_once()
  File "C:\Users\dayta\AppData\Local\Programs\Python\Python311\Lib\asyncio\base_events.py", line 1922, in _run_once
    handle._run()
  File "C:\Users\dayta\AppData\Local\Programs\Python\Python311\Lib\asyncio\events.py", line 80, in _run
    self._context.run(self._callback, *self._args)
  File "C:\Projects\Сайт анализ ниш1\app\services\discovery_cycle.py", line 348, in run_discovery_cycle_async
    mark_hits_persisted_for_monitoring(
  File "C:\Projects\Сайт анализ ниш1\app\services\keyword_discovery_metrics_storage.py", line 154, in mark_hits_persisted_for_monitoring
    session.flush()
  File "C:\Users\dayta\AppData\Local\Programs\Python\Python311\Lib\site-packages\sqlalchemy\orm\session.py", line 4353, in flush
    self._flush(objects)
  File "C:\Users\dayta\AppData\Local\Programs\Python\Python311\Lib\site-packages\sqlalchemy\orm\session.py", line 4449, in _flush
    flush_context.execute()
  File "C:\Users\dayta\AppData\Local\Programs\Python\Python311\Lib\site-packages\sqlalchemy\orm\unitofwork.py", line 465, in execute
    rec.execute(self)
  File "C:\Users\dayta\AppData\Local\Programs\Python\Python311\Lib\site-packages\sqlalchemy\orm\unitofwork.py", line 641, in execute
    util.preloaded.orm_persistence.save_obj(
  File "C:\Users\dayta\AppData\Local\Programs\Python\Python311\Lib\site-packages\sqlalchemy\orm\persistence.py", line 86, in save_obj
    _emit_update_statements(
  File "C:\Users\dayta\AppData\Local\Programs\Python\Python311\Lib\site-packages\sqlalchemy\orm\persistence.py", line 913, in _emit_update_statements
    c = connection.execute(
  File "C:\Users\dayta\AppData\Local\Programs\Python\Python311\Lib\site-packages\sqlalchemy\engine\base.py", line 1421, in execute
    return meth(
  File "C:\Users\dayta\AppData\Local\Programs\Python\Python311\Lib\site-packages\sqlalchemy\sql\elements.py", line 526, in _execute_on_connection
    return connection._execute_clauseelement(
  File "C:\Users\dayta\AppData\Local\Programs\Python\Python311\Lib\site-packages\sqlalchemy\engine\base.py", line 1643, in _execute_clauseelement
    ret = self._execute_context(
  File "C:\Users\dayta\AppData\Local\Programs\Python\Python311\Lib\site-packages\sqlalchemy\engine\base.py", line 1848, in _execute_context
    return self._exec_single_context(
  File "C:\Users\dayta\AppData\Local\Programs\Python\Python311\Lib\site-packages\sqlalchemy\engine\base.py", line 1906, in _exec_single_context
    self._log_info(
  File "C:\Users\dayta\AppData\Local\Programs\Python\Python311\Lib\site-packages\sqlalchemy\engine\base.py", line 188, in _log_info
    self.engine.logger.info(message, *arg, **kw)
  File "C:\Users\dayta\AppData\Local\Programs\Python\Python311\Lib\site-packages\sqlalchemy\log.py", line 159, in info
    self.log(logging.INFO, msg, *args, **kwargs)
  File "C:\Users\dayta\AppData\Local\Programs\Python\Python311\Lib\site-packages\sqlalchemy\log.py", line 210, in log
    self.logger._log(level, msg, args, **kwargs)
Message: '[%s] %r'
Arguments: ('cached since 111.5s ago', {'title': 'Can AI Make Biomedical Research 10\xd7 Faster? | Stephan Reichl', 'views_count': 26, 'published_at': datetime.datetime(2026, 10, 6, 7, 37, 1, 471241, tzinfo=datetime.timezone.utc), 'published_at_source': 'innertube_relative', 'videos_id': 'i8XNC34vT4s'})
--- Logging error ---
Traceback (most recent call last):
  File "C:\Users\dayta\AppData\Local\Programs\Python\Python311\Lib\logging\__init__.py", line 1113, in emit
    stream.write(msg + self.terminator)
  File "C:\Users\dayta\AppData\Local\Programs\Python\Python311\Lib\encodings\cp1251.py", line 19, in encode
    return codecs.charmap_encode(input,self.errors,encoding_table)[0]
           ^^^^^^^^^^^^^^^^^^^^^^^^^^^^^^^^^^^^^^^^^^^^^^^^^^^^^^^
UnicodeEncodeError: 'charmap' codec can't encode characters in position 117-119: character maps to <undefined>
Call stack:
  File "C:\Projects\Сайт анализ ниш1\scripts\run_discovery_worker.py", line 117, in <module>
    raise SystemExit(main())
  File "C:\Projects\Сайт анализ ниш1\scripts\run_discovery_worker.py", line 99, in main
    run_discovery_worker(
  File "C:\Projects\Сайт анализ ниш1\app\services\discovery_worker_runtime.py", line 118, in run_discovery_worker
    summary = run_discovery_cycle(
  File "C:\Projects\Сайт анализ ниш1\app\services\discovery_cycle.py", line 491, in run_discovery_cycle
    return asyncio.run(
  File "C:\Users\dayta\AppData\Local\Programs\Python\Python311\Lib\asyncio\runners.py", line 190, in run
    return runner.run(main)
  File "C:\Users\dayta\AppData\Local\Programs\Python\Python311\Lib\asyncio\runners.py", line 118, in run
    return self._loop.run_until_complete(task)
  File "C:\Users\dayta\AppData\Local\Programs\Python\Python311\Lib\asyncio\base_events.py", line 640, in run_until_complete
    self.run_forever()
  File "C:\Users\dayta\AppData\Local\Programs\Python\Python311\Lib\asyncio\windows_events.py", line 321, in run_forever
    super().run_forever()
  File "C:\Users\dayta\AppData\Local\Programs\Python\Python311\Lib\asyncio\base_events.py", line 607, in run_forever
    self._run_once()
  File "C:\Users\dayta\AppData\Local\Programs\Python\Python311\Lib\asyncio\base_events.py", line 1922, in _run_once
    handle._run()
  File "C:\Users\dayta\AppData\Local\Programs\Python\Python311\Lib\asyncio\events.py", line 80, in _run
    self._context.run(self._callback, *self._args)
  File "C:\Projects\Сайт анализ ниш1\app\services\discovery_cycle.py", line 322, in run_discovery_cycle_async
    persist_results, kw_duplicates_from_batch = batch_persist_discovered_videos(
  File "C:\Projects\Сайт анализ ниш1\app\services\discovered_video_batch.py", line 63, in batch_persist_discovered_videos
    outcome = persist_discovered_video(
  File "C:\Projects\Сайт анализ ниш1\app\services\discovered_video_persistence.py", line 202, in persist_discovered_video
    _upsert_discovered_channel(
  File "C:\Projects\Сайт анализ ниш1\app\services\discovered_video_persistence.py", line 150, in _upsert_discovered_channel
    session.execute(
  File "C:\Users\dayta\AppData\Local\Programs\Python\Python311\Lib\site-packages\sqlalchemy\orm\session.py", line 2373, in execute
    return self._execute_internal(
  File "C:\Users\dayta\AppData\Local\Programs\Python\Python311\Lib\site-packages\sqlalchemy\orm\session.py", line 2271, in _execute_internal
    result: Result[Any] = compile_state_cls.orm_execute_statement(
  File "C:\Users\dayta\AppData\Local\Programs\Python\Python311\Lib\site-packages\sqlalchemy\orm\bulk_persistence.py", line 1306, in orm_execute_statement
    result = conn.execute(
  File "C:\Users\dayta\AppData\Local\Programs\Python\Python311\Lib\site-packages\sqlalchemy\engine\base.py", line 1421, in execute
    return meth(
  File "C:\Users\dayta\AppData\Local\Programs\Python\Python311\Lib\site-packages\sqlalchemy\sql\elements.py", line 526, in _execute_on_connection
    return connection._execute_clauseelement(
  File "C:\Users\dayta\AppData\Local\Programs\Python\Python311\Lib\site-packages\sqlalchemy\engine\base.py", line 1643, in _execute_clauseelement
    ret = self._execute_context(
  File "C:\Users\dayta\AppData\Local\Programs\Python\Python311\Lib\site-packages\sqlalchemy\engine\base.py", line 1848, in _execute_context
    return self._exec_single_context(
  File "C:\Users\dayta\AppData\Local\Programs\Python\Python311\Lib\site-packages\sqlalchemy\engine\base.py", line 1906, in _exec_single_context
    self._log_info(
  File "C:\Users\dayta\AppData\Local\Programs\Python\Python311\Lib\site-packages\sqlalchemy\engine\base.py", line 188, in _log_info
    self.engine.logger.info(message, *arg, **kw)
  File "C:\Users\dayta\AppData\Local\Programs\Python\Python311\Lib\site-packages\sqlalchemy\log.py", line 159, in info
    self.log(logging.INFO, msg, *args, **kwargs)
  File "C:\Users\dayta\AppData\Local\Programs\Python\Python311\Lib\site-packages\sqlalchemy\log.py", line 210, in log
    self.logger._log(level, msg, args, **kwargs)
Message: '[%s] %r'
Arguments: ('no key 0.00042s', {'id': 'UCAWwsaN90bKDoPONrBKMayw', 'title': '\uc720\ud29c\ube0c \uc2e4\ud5d8\ub0a8', 'subscribers_count': 0, 'topic': None, 'custom_url': None, 'created_at': datetime.datetime(2026, 10, 6, 15, 38, 40, 15671, tzinfo=datetime.timezone.utc), 'param_1': '\uc720\ud29c\ube0c \uc2e4\ud5d8\ub0a8', 'param_2': datetime.datetime(2026, 10, 6, 15, 38, 40, 15671, tzinfo=datetime.timezone.utc)})
--- Logging error ---
Traceback (most recent call last):
  File "C:\Users\dayta\AppData\Local\Programs\Python\Python311\Lib\logging\__init__.py", line 1113, in emit
    stream.write(msg + self.terminator)
  File "C:\Users\dayta\AppData\Local\Programs\Python\Python311\Lib\encodings\cp1251.py", line 19, in encode
    return codecs.charmap_encode(input,self.errors,encoding_table)[0]
           ^^^^^^^^^^^^^^^^^^^^^^^^^^^^^^^^^^^^^^^^^^^^^^^^^^^^^^^
UnicodeEncodeError: 'charmap' codec can't encode characters in position 117-121: character maps to <undefined>
Call stack:
  File "C:\Projects\Сайт анализ ниш1\scripts\run_discovery_worker.py", line 117, in <module>
    raise SystemExit(main())
  File "C:\Projects\Сайт анализ ниш1\scripts\run_discovery_worker.py", line 99, in main
    run_discovery_worker(
  File "C:\Projects\Сайт анализ ниш1\app\services\discovery_worker_runtime.py", line 118, in run_discovery_worker
    summary = run_discovery_cycle(
  File "C:\Projects\Сайт анализ ниш1\app\services\discovery_cycle.py", line 491, in run_discovery_cycle
    return asyncio.run(
  File "C:\Users\dayta\AppData\Local\Programs\Python\Python311\Lib\asyncio\runners.py", line 190, in run
    return runner.run(main)
  File "C:\Users\dayta\AppData\Local\Programs\Python\Python311\Lib\asyncio\runners.py", line 118, in run
    return self._loop.run_until_complete(task)
  File "C:\Users\dayta\AppData\Local\Programs\Python\Python311\Lib\asyncio\base_events.py", line 640, in run_until_complete
    self.run_forever()
  File "C:\Users\dayta\AppData\Local\Programs\Python\Python311\Lib\asyncio\windows_events.py", line 321, in run_forever
    super().run_forever()
  File "C:\Users\dayta\AppData\Local\Programs\Python\Python311\Lib\asyncio\base_events.py", line 607, in run_forever
    self._run_once()
  File "C:\Users\dayta\AppData\Local\Programs\Python\Python311\Lib\asyncio\base_events.py", line 1922, in _run_once
    handle._run()
  File "C:\Users\dayta\AppData\Local\Programs\Python\Python311\Lib\asyncio\events.py", line 80, in _run
    self._context.run(self._callback, *self._args)
  File "C:\Projects\Сайт анализ ниш1\app\services\discovery_cycle.py", line 322, in run_discovery_cycle_async
    persist_results, kw_duplicates_from_batch = batch_persist_discovered_videos(
  File "C:\Projects\Сайт анализ ниш1\app\services\discovered_video_batch.py", line 63, in batch_persist_discovered_videos
    outcome = persist_discovered_video(
  File "C:\Projects\Сайт анализ ниш1\app\services\discovered_video_persistence.py", line 202, in persist_discovered_video
    _upsert_discovered_channel(
  File "C:\Projects\Сайт анализ ниш1\app\services\discovered_video_persistence.py", line 150, in _upsert_discovered_channel
    session.execute(
  File "C:\Users\dayta\AppData\Local\Programs\Python\Python311\Lib\site-packages\sqlalchemy\orm\session.py", line 2373, in execute
    return self._execute_internal(
  File "C:\Users\dayta\AppData\Local\Programs\Python\Python311\Lib\site-packages\sqlalchemy\orm\session.py", line 2271, in _execute_internal
    result: Result[Any] = compile_state_cls.orm_execute_statement(
  File "C:\Users\dayta\AppData\Local\Programs\Python\Python311\Lib\site-packages\sqlalchemy\orm\bulk_persistence.py", line 1306, in orm_execute_statement
    result = conn.execute(
  File "C:\Users\dayta\AppData\Local\Programs\Python\Python311\Lib\site-packages\sqlalchemy\engine\base.py", line 1421, in execute
    return meth(
  File "C:\Users\dayta\AppData\Local\Programs\Python\Python311\Lib\site-packages\sqlalchemy\sql\elements.py", line 526, in _execute_on_connection
    return connection._execute_clauseelement(
  File "C:\Users\dayta\AppData\Local\Programs\Python\Python311\Lib\site-packages\sqlalchemy\engine\base.py", line 1643, in _execute_clauseelement
    ret = self._execute_context(
  File "C:\Users\dayta\AppData\Local\Programs\Python\Python311\Lib\site-packages\sqlalchemy\engine\base.py", line 1848, in _execute_context
    return self._exec_single_context(
  File "C:\Users\dayta\AppData\Local\Programs\Python\Python311\Lib\site-packages\sqlalchemy\engine\base.py", line 1906, in _exec_single_context
    self._log_info(
  File "C:\Users\dayta\AppData\Local\Programs\Python\Python311\Lib\site-packages\sqlalchemy\engine\base.py", line 188, in _log_info
    self.engine.logger.info(message, *arg, **kw)
  File "C:\Users\dayta\AppData\Local\Programs\Python\Python311\Lib\site-packages\sqlalchemy\log.py", line 159, in info
    self.log(logging.INFO, msg, *args, **kwargs)
  File "C:\Users\dayta\AppData\Local\Programs\Python\Python311\Lib\site-packages\sqlalchemy\log.py", line 210, in log
    self.logger._log(level, msg, args, **kwargs)
Message: '[%s] %r'
Arguments: ('no key 0.00034s', {'id': 'UCf5R6YR9DIE5u6j364GQlUQ', 'title': '\U0001d5e5\U0001d5ee\U0001d5f7\U0001d5ee\U0001d5fb \U0001d5da \U0001d5e7\U0001d5f2\U0001d5f0\U0001d5f5', 'subscribers_count': 0, 'topic': None, 'custom_url': None, 'created_at': datetime.datetime(2026, 10, 6, 15, 38, 40, 101859, tzinfo=datetime.timezone.utc), 'param_1': '\U0001d5e5\U0001d5ee\U0001d5f7\U0001d5ee\U0001d5fb \U0001d5da \U0001d5e7\U0001d5f2\U0001d5f0\U0001d5f5', 'param_2': datetime.datetime(2026, 10, 6, 15, 38, 40, 101859, tzinfo=datetime.timezone.utc)})
--- Logging error ---
Traceback (most recent call last):
  File "C:\Users\dayta\AppData\Local\Programs\Python\Python311\Lib\logging\__init__.py", line 1113, in emit
    stream.write(msg + self.terminator)
  File "C:\Users\dayta\AppData\Local\Programs\Python\Python311\Lib\encodings\cp1251.py", line 19, in encode
    return codecs.charmap_encode(input,self.errors,encoding_table)[0]
           ^^^^^^^^^^^^^^^^^^^^^^^^^^^^^^^^^^^^^^^^^^^^^^^^^^^^^^^
UnicodeEncodeError: 'charmap' codec can't encode characters in position 137-140: character maps to <undefined>
Call stack:
  File "C:\Projects\Сайт анализ ниш1\scripts\run_discovery_worker.py", line 117, in <module>
    raise SystemExit(main())
  File "C:\Projects\Сайт анализ ниш1\scripts\run_discovery_worker.py", line 99, in main
    run_discovery_worker(
  File "C:\Projects\Сайт анализ ниш1\app\services\discovery_worker_runtime.py", line 118, in run_discovery_worker
    summary = run_discovery_cycle(
  File "C:\Projects\Сайт анализ ниш1\app\services\discovery_cycle.py", line 491, in run_discovery_cycle
    return asyncio.run(
  File "C:\Users\dayta\AppData\Local\Programs\Python\Python311\Lib\asyncio\runners.py", line 190, in run
    return runner.run(main)
  File "C:\Users\dayta\AppData\Local\Programs\Python\Python311\Lib\asyncio\runners.py", line 118, in run
    return self._loop.run_until_complete(task)
  File "C:\Users\dayta\AppData\Local\Programs\Python\Python311\Lib\asyncio\base_events.py", line 640, in run_until_complete
    self.run_forever()
  File "C:\Users\dayta\AppData\Local\Programs\Python\Python311\Lib\asyncio\windows_events.py", line 321, in run_forever
    super().run_forever()
  File "C:\Users\dayta\AppData\Local\Programs\Python\Python311\Lib\asyncio\base_events.py", line 607, in run_forever
    self._run_once()
  File "C:\Users\dayta\AppData\Local\Programs\Python\Python311\Lib\asyncio\base_events.py", line 1922, in _run_once
    handle._run()
  File "C:\Users\dayta\AppData\Local\Programs\Python\Python311\Lib\asyncio\events.py", line 80, in _run
    self._context.run(self._callback, *self._args)
  File "C:\Projects\Сайт анализ ниш1\app\services\discovery_cycle.py", line 322, in run_discovery_cycle_async
    persist_results, kw_duplicates_from_batch = batch_persist_discovered_videos(
  File "C:\Projects\Сайт анализ ниш1\app\services\discovered_video_batch.py", line 63, in batch_persist_discovered_videos
    outcome = persist_discovered_video(
  File "C:\Projects\Сайт анализ ниш1\app\services\discovered_video_persistence.py", line 202, in persist_discovered_video
    _upsert_discovered_channel(
  File "C:\Projects\Сайт анализ ниш1\app\services\discovered_video_persistence.py", line 150, in _upsert_discovered_channel
    session.execute(
  File "C:\Users\dayta\AppData\Local\Programs\Python\Python311\Lib\site-packages\sqlalchemy\orm\session.py", line 2373, in execute
    return self._execute_internal(
  File "C:\Users\dayta\AppData\Local\Programs\Python\Python311\Lib\site-packages\sqlalchemy\orm\session.py", line 2271, in _execute_internal
    result: Result[Any] = compile_state_cls.orm_execute_statement(
  File "C:\Users\dayta\AppData\Local\Programs\Python\Python311\Lib\site-packages\sqlalchemy\orm\bulk_persistence.py", line 1306, in orm_execute_statement
    result = conn.execute(
  File "C:\Users\dayta\AppData\Local\Programs\Python\Python311\Lib\site-packages\sqlalchemy\engine\base.py", line 1421, in execute
    return meth(
  File "C:\Users\dayta\AppData\Local\Programs\Python\Python311\Lib\site-packages\sqlalchemy\sql\elements.py", line 526, in _execute_on_connection
    return connection._execute_clauseelement(
  File "C:\Users\dayta\AppData\Local\Programs\Python\Python311\Lib\site-packages\sqlalchemy\engine\base.py", line 1643, in _execute_clauseelement
    ret = self._execute_context(
  File "C:\Users\dayta\AppData\Local\Programs\Python\Python311\Lib\site-packages\sqlalchemy\engine\base.py", line 1848, in _execute_context
    return self._exec_single_context(
  File "C:\Users\dayta\AppData\Local\Programs\Python\Python311\Lib\site-packages\sqlalchemy\engine\base.py", line 1906, in _exec_single_context
    self._log_info(
  File "C:\Users\dayta\AppData\Local\Programs\Python\Python311\Lib\site-packages\sqlalchemy\engine\base.py", line 188, in _log_info
    self.engine.logger.info(message, *arg, **kw)
  File "C:\Users\dayta\AppData\Local\Programs\Python\Python311\Lib\site-packages\sqlalchemy\log.py", line 159, in info
    self.log(logging.INFO, msg, *args, **kwargs)
  File "C:\Users\dayta\AppData\Local\Programs\Python\Python311\Lib\site-packages\sqlalchemy\log.py", line 210, in log
    self.logger._log(level, msg, args, **kwargs)
Message: '[%s] %r'
Arguments: ('no key 0.00043s', {'id': 'UCg8q6vRYGoQ9TxZR5ARv3mA', 'title': 'Wondershare Filmora \u52d5\u753b\u7de8\u96c6', 'subscribers_count': 0, 'topic': None, 'custom_url': None, 'created_at': datetime.datetime(2026, 10, 6, 15, 38, 40, 136427, tzinfo=datetime.timezone.utc), 'param_1': 'Wondershare Filmora \u52d5\u753b\u7de8\u96c6', 'param_2': datetime.datetime(2026, 10, 6, 15, 38, 40, 136427, tzinfo=datetime.timezone.utc)})
--- Logging error ---
Traceback (most recent call last):
  File "C:\Users\dayta\AppData\Local\Programs\Python\Python311\Lib\logging\__init__.py", line 1113, in emit
    stream.write(msg + self.terminator)
  File "C:\Users\dayta\AppData\Local\Programs\Python\Python311\Lib\encodings\cp1251.py", line 19, in encode
    return codecs.charmap_encode(input,self.errors,encoding_table)[0]
           ^^^^^^^^^^^^^^^^^^^^^^^^^^^^^^^^^^^^^^^^^^^^^^^^^^^^^^^
UnicodeEncodeError: 'charmap' codec can't encode character '\u1ea5' in position 119: character maps to <undefined>
Call stack:
  File "C:\Projects\Сайт анализ ниш1\scripts\run_discovery_worker.py", line 117, in <module>
    raise SystemExit(main())
  File "C:\Projects\Сайт анализ ниш1\scripts\run_discovery_worker.py", line 99, in main
    run_discovery_worker(
  File "C:\Projects\Сайт анализ ниш1\app\services\discovery_worker_runtime.py", line 118, in run_discovery_worker
    summary = run_discovery_cycle(
  File "C:\Projects\Сайт анализ ниш1\app\services\discovery_cycle.py", line 491, in run_discovery_cycle
    return asyncio.run(
  File "C:\Users\dayta\AppData\Local\Programs\Python\Python311\Lib\asyncio\runners.py", line 190, in run
    return runner.run(main)
  File "C:\Users\dayta\AppData\Local\Programs\Python\Python311\Lib\asyncio\runners.py", line 118, in run
    return self._loop.run_until_complete(task)
  File "C:\Users\dayta\AppData\Local\Programs\Python\Python311\Lib\asyncio\base_events.py", line 640, in run_until_complete
    self.run_forever()
  File "C:\Users\dayta\AppData\Local\Programs\Python\Python311\Lib\asyncio\windows_events.py", line 321, in run_forever
    super().run_forever()
  File "C:\Users\dayta\AppData\Local\Programs\Python\Python311\Lib\asyncio\base_events.py", line 607, in run_forever
    self._run_once()
  File "C:\Users\dayta\AppData\Local\Programs\Python\Python311\Lib\asyncio\base_events.py", line 1922, in _run_once
    handle._run()
  File "C:\Users\dayta\AppData\Local\Programs\Python\Python311\Lib\asyncio\events.py", line 80, in _run
    self._context.run(self._callback, *self._args)
  File "C:\Projects\Сайт анализ ниш1\app\services\discovery_cycle.py", line 322, in run_discovery_cycle_async
    persist_results, kw_duplicates_from_batch = batch_persist_discovered_videos(
  File "C:\Projects\Сайт анализ ниш1\app\services\discovered_video_batch.py", line 63, in batch_persist_discovered_videos
    outcome = persist_discovered_video(
  File "C:\Projects\Сайт анализ ниш1\app\services\discovered_video_persistence.py", line 202, in persist_discovered_video
    _upsert_discovered_channel(
  File "C:\Projects\Сайт анализ ниш1\app\services\discovered_video_persistence.py", line 150, in _upsert_discovered_channel
    session.execute(
  File "C:\Users\dayta\AppData\Local\Programs\Python\Python311\Lib\site-packages\sqlalchemy\orm\session.py", line 2373, in execute
    return self._execute_internal(
  File "C:\Users\dayta\AppData\Local\Programs\Python\Python311\Lib\site-packages\sqlalchemy\orm\session.py", line 2271, in _execute_internal
    result: Result[Any] = compile_state_cls.orm_execute_statement(
  File "C:\Users\dayta\AppData\Local\Programs\Python\Python311\Lib\site-packages\sqlalchemy\orm\bulk_persistence.py", line 1306, in orm_execute_statement
    result = conn.execute(
  File "C:\Users\dayta\AppData\Local\Programs\Python\Python311\Lib\site-packages\sqlalchemy\engine\base.py", line 1421, in execute
    return meth(
  File "C:\Users\dayta\AppData\Local\Programs\Python\Python311\Lib\site-packages\sqlalchemy\sql\elements.py", line 526, in _execute_on_connection
    return connection._execute_clauseelement(
  File "C:\Users\dayta\AppData\Local\Programs\Python\Python311\Lib\site-packages\sqlalchemy\engine\base.py", line 1643, in _execute_clauseelement
    ret = self._execute_context(
  File "C:\Users\dayta\AppData\Local\Programs\Python\Python311\Lib\site-packages\sqlalchemy\engine\base.py", line 1848, in _execute_context
    return self._exec_single_context(
  File "C:\Users\dayta\AppData\Local\Programs\Python\Python311\Lib\site-packages\sqlalchemy\engine\base.py", line 1906, in _exec_single_context
    self._log_info(
  File "C:\Users\dayta\AppData\Local\Programs\Python\Python311\Lib\site-packages\sqlalchemy\engine\base.py", line 188, in _log_info
    self.engine.logger.info(message, *arg, **kw)
  File "C:\Users\dayta\AppData\Local\Programs\Python\Python311\Lib\site-packages\sqlalchemy\log.py", line 159, in info
    self.log(logging.INFO, msg, *args, **kwargs)
  File "C:\Users\dayta\AppData\Local\Programs\Python\Python311\Lib\site-packages\sqlalchemy\log.py", line 210, in log
    self.logger._log(level, msg, args, **kwargs)
Message: '[%s] %r'
Arguments: ('no key 0.00048s', {'id': 'UCIr04Qdv74LyHz2uNdeWW-Q', 'title': 'Tu\u1ea5n \u0110\xecnh MMO - Video AI Th\u1ef1c Chi\u1ebfn', 'subscribers_count': 0, 'topic': None, 'custom_url': None, 'created_at': datetime.datetime(2026, 10, 6, 15, 38, 40, 214237, tzinfo=datetime.timezone.utc), 'param_1': 'Tu\u1ea5n \u0110\xecnh MMO - Video AI Th\u1ef1c Chi\u1ebfn', 'param_2': datetime.datetime(2026, 10, 6, 15, 38, 40, 214237, tzinfo=datetime.timezone.utc)})
--- Logging error ---
Traceback (most recent call last):
  File "C:\Users\dayta\AppData\Local\Programs\Python\Python311\Lib\logging\__init__.py", line 1113, in emit
    stream.write(msg + self.terminator)
  File "C:\Users\dayta\AppData\Local\Programs\Python\Python311\Lib\encodings\cp1251.py", line 19, in encode
    return codecs.charmap_encode(input,self.errors,encoding_table)[0]
           ^^^^^^^^^^^^^^^^^^^^^^^^^^^^^^^^^^^^^^^^^^^^^^^^^^^^^^^
UnicodeEncodeError: 'charmap' codec can't encode characters in position 117-122: character maps to <undefined>
Call stack:
  File "C:\Projects\Сайт анализ ниш1\scripts\run_discovery_worker.py", line 117, in <module>
    raise SystemExit(main())
  File "C:\Projects\Сайт анализ ниш1\scripts\run_discovery_worker.py", line 99, in main
    run_discovery_worker(
  File "C:\Projects\Сайт анализ ниш1\app\services\discovery_worker_runtime.py", line 118, in run_discovery_worker
    summary = run_discovery_cycle(
  File "C:\Projects\Сайт анализ ниш1\app\services\discovery_cycle.py", line 491, in run_discovery_cycle
    return asyncio.run(
  File "C:\Users\dayta\AppData\Local\Programs\Python\Python311\Lib\asyncio\runners.py", line 190, in run
    return runner.run(main)
  File "C:\Users\dayta\AppData\Local\Programs\Python\Python311\Lib\asyncio\runners.py", line 118, in run
    return self._loop.run_until_complete(task)
  File "C:\Users\dayta\AppData\Local\Programs\Python\Python311\Lib\asyncio\base_events.py", line 640, in run_until_complete
    self.run_forever()
  File "C:\Users\dayta\AppData\Local\Programs\Python\Python311\Lib\asyncio\windows_events.py", line 321, in run_forever
    super().run_forever()
  File "C:\Users\dayta\AppData\Local\Programs\Python\Python311\Lib\asyncio\base_events.py", line 607, in run_forever
    self._run_once()
  File "C:\Users\dayta\AppData\Local\Programs\Python\Python311\Lib\asyncio\base_events.py", line 1922, in _run_once
    handle._run()
  File "C:\Users\dayta\AppData\Local\Programs\Python\Python311\Lib\asyncio\events.py", line 80, in _run
    self._context.run(self._callback, *self._args)
  File "C:\Projects\Сайт анализ ниш1\app\services\discovery_cycle.py", line 322, in run_discovery_cycle_async
    persist_results, kw_duplicates_from_batch = batch_persist_discovered_videos(
  File "C:\Projects\Сайт анализ ниш1\app\services\discovered_video_batch.py", line 63, in batch_persist_discovered_videos
    outcome = persist_discovered_video(
  File "C:\Projects\Сайт анализ ниш1\app\services\discovered_video_persistence.py", line 202, in persist_discovered_video
    _upsert_discovered_channel(
  File "C:\Projects\Сайт анализ ниш1\app\services\discovered_video_persistence.py", line 150, in _upsert_discovered_channel
    session.execute(
  File "C:\Users\dayta\AppData\Local\Programs\Python\Python311\Lib\site-packages\sqlalchemy\orm\session.py", line 2373, in execute
    return self._execute_internal(
  File "C:\Users\dayta\AppData\Local\Programs\Python\Python311\Lib\site-packages\sqlalchemy\orm\session.py", line 2271, in _execute_internal
    result: Result[Any] = compile_state_cls.orm_execute_statement(
  File "C:\Users\dayta\AppData\Local\Programs\Python\Python311\Lib\site-packages\sqlalchemy\orm\bulk_persistence.py", line 1306, in orm_execute_statement
    result = conn.execute(
  File "C:\Users\dayta\AppData\Local\Programs\Python\Python311\Lib\site-packages\sqlalchemy\engine\base.py", line 1421, in execute
    return meth(
  File "C:\Users\dayta\AppData\Local\Programs\Python\Python311\Lib\site-packages\sqlalchemy\sql\elements.py", line 526, in _execute_on_connection
    return connection._execute_clauseelement(
  File "C:\Users\dayta\AppData\Local\Programs\Python\Python311\Lib\site-packages\sqlalchemy\engine\base.py", line 1643, in _execute_clauseelement
    ret = self._execute_context(
  File "C:\Users\dayta\AppData\Local\Programs\Python\Python311\Lib\site-packages\sqlalchemy\engine\base.py", line 1848, in _execute_context
    return self._exec_single_context(
  File "C:\Users\dayta\AppData\Local\Programs\Python\Python311\Lib\site-packages\sqlalchemy\engine\base.py", line 1906, in _exec_single_context
    self._log_info(
  File "C:\Users\dayta\AppData\Local\Programs\Python\Python311\Lib\site-packages\sqlalchemy\engine\base.py", line 188, in _log_info
    self.engine.logger.info(message, *arg, **kw)
  File "C:\Users\dayta\AppData\Local\Programs\Python\Python311\Lib\site-packages\sqlalchemy\log.py", line 159, in info
    self.log(logging.INFO, msg, *args, **kwargs)
  File "C:\Users\dayta\AppData\Local\Programs\Python\Python311\Lib\site-packages\sqlalchemy\log.py", line 210, in log
    self.logger._log(level, msg, args, **kwargs)
Message: '[%s] %r'
Arguments: ('no key 0.00056s', {'id': 'UCCMs554iW0as4sPotCi-DBA', 'title': '\u091c\u093e\u0917\u0930\u0942\u0915 \u0938\u092e\u093e\u091c', 'subscribers_count': 0, 'topic': None, 'custom_url': None, 'created_at': datetime.datetime(2026, 10, 6, 15, 38, 40, 358639, tzinfo=datetime.timezone.utc), 'param_1': '\u091c\u093e\u0917\u0930\u0942\u0915 \u0938\u092e\u093e\u091c', 'param_2': datetime.datetime(2026, 10, 6, 15, 38, 40, 358639, tzinfo=datetime.timezone.utc)})
--- Logging error ---
Traceback (most recent call last):
  File "C:\Users\dayta\AppData\Local\Programs\Python\Python311\Lib\logging\__init__.py", line 1113, in emit
    stream.write(msg + self.terminator)
  File "C:\Users\dayta\AppData\Local\Programs\Python\Python311\Lib\encodings\cp1251.py", line 19, in encode
    return codecs.charmap_encode(input,self.errors,encoding_table)[0]
           ^^^^^^^^^^^^^^^^^^^^^^^^^^^^^^^^^^^^^^^^^^^^^^^^^^^^^^^
UnicodeEncodeError: 'charmap' codec can't encode character '\U0001f4af' in position 131: character maps to <undefined>
Call stack:
  File "C:\Projects\Сайт анализ ниш1\scripts\run_discovery_worker.py", line 117, in <module>
    raise SystemExit(main())
  File "C:\Projects\Сайт анализ ниш1\scripts\run_discovery_worker.py", line 99, in main
    run_discovery_worker(
  File "C:\Projects\Сайт анализ ниш1\app\services\discovery_worker_runtime.py", line 118, in run_discovery_worker
    summary = run_discovery_cycle(
  File "C:\Projects\Сайт анализ ниш1\app\services\discovery_cycle.py", line 491, in run_discovery_cycle
    return asyncio.run(
  File "C:\Users\dayta\AppData\Local\Programs\Python\Python311\Lib\asyncio\runners.py", line 190, in run
    return runner.run(main)
  File "C:\Users\dayta\AppData\Local\Programs\Python\Python311\Lib\asyncio\runners.py", line 118, in run
    return self._loop.run_until_complete(task)
  File "C:\Users\dayta\AppData\Local\Programs\Python\Python311\Lib\asyncio\base_events.py", line 640, in run_until_complete
    self.run_forever()
  File "C:\Users\dayta\AppData\Local\Programs\Python\Python311\Lib\asyncio\windows_events.py", line 321, in run_forever
    super().run_forever()
  File "C:\Users\dayta\AppData\Local\Programs\Python\Python311\Lib\asyncio\base_events.py", line 607, in run_forever
    self._run_once()
  File "C:\Users\dayta\AppData\Local\Programs\Python\Python311\Lib\asyncio\base_events.py", line 1922, in _run_once
    handle._run()
  File "C:\Users\dayta\AppData\Local\Programs\Python\Python311\Lib\asyncio\events.py", line 80, in _run
    self._context.run(self._callback, *self._args)
  File "C:\Projects\Сайт анализ ниш1\app\services\discovery_cycle.py", line 322, in run_discovery_cycle_async
    persist_results, kw_duplicates_from_batch = batch_persist_discovered_videos(
  File "C:\Projects\Сайт анализ ниш1\app\services\discovered_video_batch.py", line 63, in batch_persist_discovered_videos
    outcome = persist_discovered_video(
  File "C:\Projects\Сайт анализ ниш1\app\services\discovered_video_persistence.py", line 202, in persist_discovered_video
    _upsert_discovered_channel(
  File "C:\Projects\Сайт анализ ниш1\app\services\discovered_video_persistence.py", line 150, in _upsert_discovered_channel
    session.execute(
  File "C:\Users\dayta\AppData\Local\Programs\Python\Python311\Lib\site-packages\sqlalchemy\orm\session.py", line 2373, in execute
    return self._execute_internal(
  File "C:\Users\dayta\AppData\Local\Programs\Python\Python311\Lib\site-packages\sqlalchemy\orm\session.py", line 2271, in _execute_internal
    result: Result[Any] = compile_state_cls.orm_execute_statement(
  File "C:\Users\dayta\AppData\Local\Programs\Python\Python311\Lib\site-packages\sqlalchemy\orm\bulk_persistence.py", line 1306, in orm_execute_statement
    result = conn.execute(
  File "C:\Users\dayta\AppData\Local\Programs\Python\Python311\Lib\site-packages\sqlalchemy\engine\base.py", line 1421, in execute
    return meth(
  File "C:\Users\dayta\AppData\Local\Programs\Python\Python311\Lib\site-packages\sqlalchemy\sql\elements.py", line 526, in _execute_on_connection
    return connection._execute_clauseelement(
  File "C:\Users\dayta\AppData\Local\Programs\Python\Python311\Lib\site-packages\sqlalchemy\engine\base.py", line 1643, in _execute_clauseelement
    ret = self._execute_context(
  File "C:\Users\dayta\AppData\Local\Programs\Python\Python311\Lib\site-packages\sqlalchemy\engine\base.py", line 1848, in _execute_context
    return self._exec_single_context(
  File "C:\Users\dayta\AppData\Local\Programs\Python\Python311\Lib\site-packages\sqlalchemy\engine\base.py", line 1906, in _exec_single_context
    self._log_info(
  File "C:\Users\dayta\AppData\Local\Programs\Python\Python311\Lib\site-packages\sqlalchemy\engine\base.py", line 188, in _log_info
    self.engine.logger.info(message, *arg, **kw)
  File "C:\Users\dayta\AppData\Local\Programs\Python\Python311\Lib\site-packages\sqlalchemy\log.py", line 159, in info
    self.log(logging.INFO, msg, *args, **kwargs)
  File "C:\Users\dayta\AppData\Local\Programs\Python\Python311\Lib\site-packages\sqlalchemy\log.py", line 210, in log
    self.logger._log(level, msg, args, **kwargs)
Message: '[%s] %r'
Arguments: ('no key 0.00032s', {'id': 'UClh_mcDaMiLT2Fa6suffOJg', 'title': 'Netdunia Vlog \U0001f4af', 'subscribers_count': 0, 'topic': None, 'custom_url': None, 'created_at': datetime.datetime(2026, 10, 6, 15, 38, 40, 375094, tzinfo=datetime.timezone.utc), 'param_1': 'Netdunia Vlog \U0001f4af', 'param_2': datetime.datetime(2026, 10, 6, 15, 38, 40, 375094, tzinfo=datetime.timezone.utc)})
--- Logging error ---
Traceback (most recent call last):
  File "C:\Users\dayta\AppData\Local\Programs\Python\Python311\Lib\logging\__init__.py", line 1113, in emit
    stream.write(msg + self.terminator)
  File "C:\Users\dayta\AppData\Local\Programs\Python\Python311\Lib\encodings\cp1251.py", line 19, in encode
    return codecs.charmap_encode(input,self.errors,encoding_table)[0]
           ^^^^^^^^^^^^^^^^^^^^^^^^^^^^^^^^^^^^^^^^^^^^^^^^^^^^^^^
UnicodeEncodeError: 'charmap' codec can't encode characters in position 117-126: character maps to <undefined>
Call stack:
  File "C:\Projects\Сайт анализ ниш1\scripts\run_discovery_worker.py", line 117, in <module>
    raise SystemExit(main())
  File "C:\Projects\Сайт анализ ниш1\scripts\run_discovery_worker.py", line 99, in main
    run_discovery_worker(
  File "C:\Projects\Сайт анализ ниш1\app\services\discovery_worker_runtime.py", line 118, in run_discovery_worker
    summary = run_discovery_cycle(
  File "C:\Projects\Сайт анализ ниш1\app\services\discovery_cycle.py", line 491, in run_discovery_cycle
    return asyncio.run(
  File "C:\Users\dayta\AppData\Local\Programs\Python\Python311\Lib\asyncio\runners.py", line 190, in run
    return runner.run(main)
  File "C:\Users\dayta\AppData\Local\Programs\Python\Python311\Lib\asyncio\runners.py", line 118, in run
    return self._loop.run_until_complete(task)
  File "C:\Users\dayta\AppData\Local\Programs\Python\Python311\Lib\asyncio\base_events.py", line 640, in run_until_complete
    self.run_forever()
  File "C:\Users\dayta\AppData\Local\Programs\Python\Python311\Lib\asyncio\windows_events.py", line 321, in run_forever
    super().run_forever()
  File "C:\Users\dayta\AppData\Local\Programs\Python\Python311\Lib\asyncio\base_events.py", line 607, in run_forever
    self._run_once()
  File "C:\Users\dayta\AppData\Local\Programs\Python\Python311\Lib\asyncio\base_events.py", line 1922, in _run_once
    handle._run()
  File "C:\Users\dayta\AppData\Local\Programs\Python\Python311\Lib\asyncio\events.py", line 80, in _run
    self._context.run(self._callback, *self._args)
  File "C:\Projects\Сайт анализ ниш1\app\services\discovery_cycle.py", line 322, in run_discovery_cycle_async
    persist_results, kw_duplicates_from_batch = batch_persist_discovered_videos(
  File "C:\Projects\Сайт анализ ниш1\app\services\discovered_video_batch.py", line 63, in batch_persist_discovered_videos
    outcome = persist_discovered_video(
  File "C:\Projects\Сайт анализ ниш1\app\services\discovered_video_persistence.py", line 202, in persist_discovered_video
    _upsert_discovered_channel(
  File "C:\Projects\Сайт анализ ниш1\app\services\discovered_video_persistence.py", line 150, in _upsert_discovered_channel
    session.execute(
  File "C:\Users\dayta\AppData\Local\Programs\Python\Python311\Lib\site-packages\sqlalchemy\orm\session.py", line 2373, in execute
    return self._execute_internal(
  File "C:\Users\dayta\AppData\Local\Programs\Python\Python311\Lib\site-packages\sqlalchemy\orm\session.py", line 2271, in _execute_internal
    result: Result[Any] = compile_state_cls.orm_execute_statement(
  File "C:\Users\dayta\AppData\Local\Programs\Python\Python311\Lib\site-packages\sqlalchemy\orm\bulk_persistence.py", line 1306, in orm_execute_statement
    result = conn.execute(
  File "C:\Users\dayta\AppData\Local\Programs\Python\Python311\Lib\site-packages\sqlalchemy\engine\base.py", line 1421, in execute
    return meth(
  File "C:\Users\dayta\AppData\Local\Programs\Python\Python311\Lib\site-packages\sqlalchemy\sql\elements.py", line 526, in _execute_on_connection
    return connection._execute_clauseelement(
  File "C:\Users\dayta\AppData\Local\Programs\Python\Python311\Lib\site-packages\sqlalchemy\engine\base.py", line 1643, in _execute_clauseelement
    ret = self._execute_context(
  File "C:\Users\dayta\AppData\Local\Programs\Python\Python311\Lib\site-packages\sqlalchemy\engine\base.py", line 1848, in _execute_context
    return self._exec_single_context(
  File "C:\Users\dayta\AppData\Local\Programs\Python\Python311\Lib\site-packages\sqlalchemy\engine\base.py", line 1906, in _exec_single_context
    self._log_info(
  File "C:\Users\dayta\AppData\Local\Programs\Python\Python311\Lib\site-packages\sqlalchemy\engine\base.py", line 188, in _log_info
    self.engine.logger.info(message, *arg, **kw)
  File "C:\Users\dayta\AppData\Local\Programs\Python\Python311\Lib\site-packages\sqlalchemy\log.py", line 159, in info
    self.log(logging.INFO, msg, *args, **kwargs)
  File "C:\Users\dayta\AppData\Local\Programs\Python\Python311\Lib\site-packages\sqlalchemy\log.py", line 210, in log
    self.logger._log(level, msg, args, **kwargs)
Message: '[%s] %r'
Arguments: ('no key 0.00041s', {'id': 'UCZYsc9T3faRNs9uXCVFbebA', 'title': '\u092e\u0939\u093e\u0930\u093e\u0937\u094d\u091f\u094d\u0930 \u092a\u094b\u0932\u0940\u0938', 'subscribers_count': 0, 'topic': None, 'custom_url': None, 'created_at': datetime.datetime(2026, 10, 6, 15, 38, 40, 775287, tzinfo=datetime.timezone.utc), 'param_1': '\u092e\u0939\u093e\u0930\u093e\u0937\u094d\u091f\u094d\u0930 \u092a\u094b\u0932\u0940\u0938', 'param_2': datetime.datetime(2026, 10, 6, 15, 38, 40, 775287, tzinfo=datetime.timezone.utc)})
--- Logging error ---
Traceback (most recent call last):
  File "C:\Users\dayta\AppData\Local\Programs\Python\Python311\Lib\logging\__init__.py", line 1113, in emit
    stream.write(msg + self.terminator)
  File "C:\Users\dayta\AppData\Local\Programs\Python\Python311\Lib\encodings\cp1251.py", line 19, in encode
    return codecs.charmap_encode(input,self.errors,encoding_table)[0]
           ^^^^^^^^^^^^^^^^^^^^^^^^^^^^^^^^^^^^^^^^^^^^^^^^^^^^^^^
UnicodeEncodeError: 'charmap' codec can't encode characters in position 117-124: character maps to <undefined>
Call stack:
  File "C:\Projects\Сайт анализ ниш1\scripts\run_discovery_worker.py", line 117, in <module>
    raise SystemExit(main())
  File "C:\Projects\Сайт анализ ниш1\scripts\run_discovery_worker.py", line 99, in main
    run_discovery_worker(
  File "C:\Projects\Сайт анализ ниш1\app\services\discovery_worker_runtime.py", line 118, in run_discovery_worker
    summary = run_discovery_cycle(
  File "C:\Projects\Сайт анализ ниш1\app\services\discovery_cycle.py", line 491, in run_discovery_cycle
    return asyncio.run(
  File "C:\Users\dayta\AppData\Local\Programs\Python\Python311\Lib\asyncio\runners.py", line 190, in run
    return runner.run(main)
  File "C:\Users\dayta\AppData\Local\Programs\Python\Python311\Lib\asyncio\runners.py", line 118, in run
    return self._loop.run_until_complete(task)
  File "C:\Users\dayta\AppData\Local\Programs\Python\Python311\Lib\asyncio\base_events.py", line 640, in run_until_complete
    self.run_forever()
  File "C:\Users\dayta\AppData\Local\Programs\Python\Python311\Lib\asyncio\windows_events.py", line 321, in run_forever
    super().run_forever()
  File "C:\Users\dayta\AppData\Local\Programs\Python\Python311\Lib\asyncio\base_events.py", line 607, in run_forever
    self._run_once()
  File "C:\Users\dayta\AppData\Local\Programs\Python\Python311\Lib\asyncio\base_events.py", line 1922, in _run_once
    handle._run()
  File "C:\Users\dayta\AppData\Local\Programs\Python\Python311\Lib\asyncio\events.py", line 80, in _run
    self._context.run(self._callback, *self._args)
  File "C:\Projects\Сайт анализ ниш1\app\services\discovery_cycle.py", line 322, in run_discovery_cycle_async
    persist_results, kw_duplicates_from_batch = batch_persist_discovered_videos(
  File "C:\Projects\Сайт анализ ниш1\app\services\discovered_video_batch.py", line 63, in batch_persist_discovered_videos
    outcome = persist_discovered_video(
  File "C:\Projects\Сайт анализ ниш1\app\services\discovered_video_persistence.py", line 202, in persist_discovered_video
    _upsert_discovered_channel(
  File "C:\Projects\Сайт анализ ниш1\app\services\discovered_video_persistence.py", line 150, in _upsert_discovered_channel
    session.execute(
  File "C:\Users\dayta\AppData\Local\Programs\Python\Python311\Lib\site-packages\sqlalchemy\orm\session.py", line 2373, in execute
    return self._execute_internal(
  File "C:\Users\dayta\AppData\Local\Programs\Python\Python311\Lib\site-packages\sqlalchemy\orm\session.py", line 2271, in _execute_internal
    result: Result[Any] = compile_state_cls.orm_execute_statement(
  File "C:\Users\dayta\AppData\Local\Programs\Python\Python311\Lib\site-packages\sqlalchemy\orm\bulk_persistence.py", line 1306, in orm_execute_statement
    result = conn.execute(
  File "C:\Users\dayta\AppData\Local\Programs\Python\Python311\Lib\site-packages\sqlalchemy\engine\base.py", line 1421, in execute
    return meth(
  File "C:\Users\dayta\AppData\Local\Programs\Python\Python311\Lib\site-packages\sqlalchemy\sql\elements.py", line 526, in _execute_on_connection
    return connection._execute_clauseelement(
  File "C:\Users\dayta\AppData\Local\Programs\Python\Python311\Lib\site-packages\sqlalchemy\engine\base.py", line 1643, in _execute_clauseelement
    ret = self._execute_context(
  File "C:\Users\dayta\AppData\Local\Programs\Python\Python311\Lib\site-packages\sqlalchemy\engine\base.py", line 1848, in _execute_context
    return self._exec_single_context(
  File "C:\Users\dayta\AppData\Local\Programs\Python\Python311\Lib\site-packages\sqlalchemy\engine\base.py", line 1906, in _exec_single_context
    self._log_info(
  File "C:\Users\dayta\AppData\Local\Programs\Python\Python311\Lib\site-packages\sqlalchemy\engine\base.py", line 188, in _log_info
    self.engine.logger.info(message, *arg, **kw)
  File "C:\Users\dayta\AppData\Local\Programs\Python\Python311\Lib\site-packages\sqlalchemy\log.py", line 159, in info
    self.log(logging.INFO, msg, *args, **kwargs)
  File "C:\Users\dayta\AppData\Local\Programs\Python\Python311\Lib\site-packages\sqlalchemy\log.py", line 210, in log
    self.logger._log(level, msg, args, **kwargs)
Message: '[%s] %r'
Arguments: ('no key 0.00050s', {'id': 'UCpFHdmPjgof0MR2BOXEtenw', 'title': '\U0001f449\U0001d5e6\U0001d783\U0001d787\U0001d778\U0001d5f6\U0001d600\U0001d77a \U0001d76f\U0001d5f6\U0001d773\U0001d774\U0001d777 \U0001d769\U0001d5f6\U0001d780\U0001d600', 'subscribers_count': 0, 'topic': None, 'custom_url': None, 'created_at': datetime.datetime(2026, 10, 6, 15, 38, 40, 796714, tzinfo=datetime.timezone.utc), 'param_1': '\U0001f449\U0001d5e6\U0001d783\U0001d787\U0001d778\U0001d5f6\U0001d600\U0001d77a \U0001d76f\U0001d5f6\U0001d773\U0001d774\U0001d777 \U0001d769\U0001d5f6\U0001d780\U0001d600', 'param_2': datetime.datetime(2026, 10, 6, 15, 38, 40, 796714, tzinfo=datetime.timezone.utc)})
--- Logging error ---
Traceback (most recent call last):
  File "C:\Users\dayta\AppData\Local\Programs\Python\Python311\Lib\logging\__init__.py", line 1113, in emit
    stream.write(msg + self.terminator)
  File "C:\Users\dayta\AppData\Local\Programs\Python\Python311\Lib\encodings\cp1251.py", line 19, in encode
    return codecs.charmap_encode(input,self.errors,encoding_table)[0]
           ^^^^^^^^^^^^^^^^^^^^^^^^^^^^^^^^^^^^^^^^^^^^^^^^^^^^^^^
UnicodeEncodeError: 'charmap' codec can't encode character '\U0001f451' in position 127: character maps to <undefined>
Call stack:
  File "C:\Projects\Сайт анализ ниш1\scripts\run_discovery_worker.py", line 117, in <module>
    raise SystemExit(main())
  File "C:\Projects\Сайт анализ ниш1\scripts\run_discovery_worker.py", line 99, in main
    run_discovery_worker(
  File "C:\Projects\Сайт анализ ниш1\app\services\discovery_worker_runtime.py", line 118, in run_discovery_worker
    summary = run_discovery_cycle(
  File "C:\Projects\Сайт анализ ниш1\app\services\discovery_cycle.py", line 491, in run_discovery_cycle
    return asyncio.run(
  File "C:\Users\dayta\AppData\Local\Programs\Python\Python311\Lib\asyncio\runners.py", line 190, in run
    return runner.run(main)
  File "C:\Users\dayta\AppData\Local\Programs\Python\Python311\Lib\asyncio\runners.py", line 118, in run
    return self._loop.run_until_complete(task)
  File "C:\Users\dayta\AppData\Local\Programs\Python\Python311\Lib\asyncio\base_events.py", line 640, in run_until_complete
    self.run_forever()
  File "C:\Users\dayta\AppData\Local\Programs\Python\Python311\Lib\asyncio\windows_events.py", line 321, in run_forever
    super().run_forever()
  File "C:\Users\dayta\AppData\Local\Programs\Python\Python311\Lib\asyncio\base_events.py", line 607, in run_forever
    self._run_once()
  File "C:\Users\dayta\AppData\Local\Programs\Python\Python311\Lib\asyncio\base_events.py", line 1922, in _run_once
    handle._run()
  File "C:\Users\dayta\AppData\Local\Programs\Python\Python311\Lib\asyncio\events.py", line 80, in _run
    self._context.run(self._callback, *self._args)
  File "C:\Projects\Сайт анализ ниш1\app\services\discovery_cycle.py", line 322, in run_discovery_cycle_async
    persist_results, kw_duplicates_from_batch = batch_persist_discovered_videos(
  File "C:\Projects\Сайт анализ ниш1\app\services\discovered_video_batch.py", line 63, in batch_persist_discovered_videos
    outcome = persist_discovered_video(
  File "C:\Projects\Сайт анализ ниш1\app\services\discovered_video_persistence.py", line 202, in persist_discovered_video
    _upsert_discovered_channel(
  File "C:\Projects\Сайт анализ ниш1\app\services\discovered_video_persistence.py", line 150, in _upsert_discovered_channel
    session.execute(
  File "C:\Users\dayta\AppData\Local\Programs\Python\Python311\Lib\site-packages\sqlalchemy\orm\session.py", line 2373, in execute
    return self._execute_internal(
  File "C:\Users\dayta\AppData\Local\Programs\Python\Python311\Lib\site-packages\sqlalchemy\orm\session.py", line 2271, in _execute_internal
    result: Result[Any] = compile_state_cls.orm_execute_statement(
  File "C:\Users\dayta\AppData\Local\Programs\Python\Python311\Lib\site-packages\sqlalchemy\orm\bulk_persistence.py", line 1306, in orm_execute_statement
    result = conn.execute(
  File "C:\Users\dayta\AppData\Local\Programs\Python\Python311\Lib\site-packages\sqlalchemy\engine\base.py", line 1421, in execute
    return meth(
  File "C:\Users\dayta\AppData\Local\Programs\Python\Python311\Lib\site-packages\sqlalchemy\sql\elements.py", line 526, in _execute_on_connection
    return connection._execute_clauseelement(
  File "C:\Users\dayta\AppData\Local\Programs\Python\Python311\Lib\site-packages\sqlalchemy\engine\base.py", line 1643, in _execute_clauseelement
    ret = self._execute_context(
  File "C:\Users\dayta\AppData\Local\Programs\Python\Python311\Lib\site-packages\sqlalchemy\engine\base.py", line 1848, in _execute_context
    return self._exec_single_context(
  File "C:\Users\dayta\AppData\Local\Programs\Python\Python311\Lib\site-packages\sqlalchemy\engine\base.py", line 1906, in _exec_single_context
    self._log_info(
  File "C:\Users\dayta\AppData\Local\Programs\Python\Python311\Lib\site-packages\sqlalchemy\engine\base.py", line 188, in _log_info
    self.engine.logger.info(message, *arg, **kw)
  File "C:\Users\dayta\AppData\Local\Programs\Python\Python311\Lib\site-packages\sqlalchemy\log.py", line 159, in info
    self.log(logging.INFO, msg, *args, **kwargs)
  File "C:\Users\dayta\AppData\Local\Programs\Python\Python311\Lib\site-packages\sqlalchemy\log.py", line 210, in log
    self.logger._log(level, msg, args, **kwargs)
Message: '[%s] %r'
Arguments: ('no key 0.00044s', {'id': 'UCKlSM0LGZNDYkAKNUr5_M0A', 'title': 'BGMI KING \U0001f451', 'subscribers_count': 0, 'topic': None, 'custom_url': None, 'created_at': datetime.datetime(2026, 10, 6, 15, 38, 40, 838856, tzinfo=datetime.timezone.utc), 'param_1': 'BGMI KING \U0001f451', 'param_2': datetime.datetime(2026, 10, 6, 15, 38, 40, 838856, tzinfo=datetime.timezone.utc)})
--- Logging error ---
Traceback (most recent call last):
  File "C:\Users\dayta\AppData\Local\Programs\Python\Python311\Lib\logging\__init__.py", line 1113, in emit
    stream.write(msg + self.terminator)
  File "C:\Users\dayta\AppData\Local\Programs\Python\Python311\Lib\encodings\cp1251.py", line 19, in encode
    return codecs.charmap_encode(input,self.errors,encoding_table)[0]
           ^^^^^^^^^^^^^^^^^^^^^^^^^^^^^^^^^^^^^^^^^^^^^^^^^^^^^^^
UnicodeEncodeError: 'charmap' codec can't encode character '\U0001f947' in position 117: character maps to <undefined>
Call stack:
  File "C:\Projects\Сайт анализ ниш1\scripts\run_discovery_worker.py", line 117, in <module>
    raise SystemExit(main())
  File "C:\Projects\Сайт анализ ниш1\scripts\run_discovery_worker.py", line 99, in main
    run_discovery_worker(
  File "C:\Projects\Сайт анализ ниш1\app\services\discovery_worker_runtime.py", line 118, in run_discovery_worker
    summary = run_discovery_cycle(
  File "C:\Projects\Сайт анализ ниш1\app\services\discovery_cycle.py", line 491, in run_discovery_cycle
    return asyncio.run(
  File "C:\Users\dayta\AppData\Local\Programs\Python\Python311\Lib\asyncio\runners.py", line 190, in run
    return runner.run(main)
  File "C:\Users\dayta\AppData\Local\Programs\Python\Python311\Lib\asyncio\runners.py", line 118, in run
    return self._loop.run_until_complete(task)
  File "C:\Users\dayta\AppData\Local\Programs\Python\Python311\Lib\asyncio\base_events.py", line 640, in run_until_complete
    self.run_forever()
  File "C:\Users\dayta\AppData\Local\Programs\Python\Python311\Lib\asyncio\windows_events.py", line 321, in run_forever
    super().run_forever()
  File "C:\Users\dayta\AppData\Local\Programs\Python\Python311\Lib\asyncio\base_events.py", line 607, in run_forever
    self._run_once()
  File "C:\Users\dayta\AppData\Local\Programs\Python\Python311\Lib\asyncio\base_events.py", line 1922, in _run_once
    handle._run()
  File "C:\Users\dayta\AppData\Local\Programs\Python\Python311\Lib\asyncio\events.py", line 80, in _run
    self._context.run(self._callback, *self._args)
  File "C:\Projects\Сайт анализ ниш1\app\services\discovery_cycle.py", line 322, in run_discovery_cycle_async
    persist_results, kw_duplicates_from_batch = batch_persist_discovered_videos(
  File "C:\Projects\Сайт анализ ниш1\app\services\discovered_video_batch.py", line 63, in batch_persist_discovered_videos
    outcome = persist_discovered_video(
  File "C:\Projects\Сайт анализ ниш1\app\services\discovered_video_persistence.py", line 202, in persist_discovered_video
    _upsert_discovered_channel(
  File "C:\Projects\Сайт анализ ниш1\app\services\discovered_video_persistence.py", line 150, in _upsert_discovered_channel
    session.execute(
  File "C:\Users\dayta\AppData\Local\Programs\Python\Python311\Lib\site-packages\sqlalchemy\orm\session.py", line 2373, in execute
    return self._execute_internal(
  File "C:\Users\dayta\AppData\Local\Programs\Python\Python311\Lib\site-packages\sqlalchemy\orm\session.py", line 2271, in _execute_internal
    result: Result[Any] = compile_state_cls.orm_execute_statement(
  File "C:\Users\dayta\AppData\Local\Programs\Python\Python311\Lib\site-packages\sqlalchemy\orm\bulk_persistence.py", line 1306, in orm_execute_statement
    result = conn.execute(
  File "C:\Users\dayta\AppData\Local\Programs\Python\Python311\Lib\site-packages\sqlalchemy\engine\base.py", line 1421, in execute
    return meth(
  File "C:\Users\dayta\AppData\Local\Programs\Python\Python311\Lib\site-packages\sqlalchemy\sql\elements.py", line 526, in _execute_on_connection
    return connection._execute_clauseelement(
  File "C:\Users\dayta\AppData\Local\Programs\Python\Python311\Lib\site-packages\sqlalchemy\engine\base.py", line 1643, in _execute_clauseelement
    ret = self._execute_context(
  File "C:\Users\dayta\AppData\Local\Programs\Python\Python311\Lib\site-packages\sqlalchemy\engine\base.py", line 1848, in _execute_context
    return self._exec_single_context(
  File "C:\Users\dayta\AppData\Local\Programs\Python\Python311\Lib\site-packages\sqlalchemy\engine\base.py", line 1906, in _exec_single_context
    self._log_info(
  File "C:\Users\dayta\AppData\Local\Programs\Python\Python311\Lib\site-packages\sqlalchemy\engine\base.py", line 188, in _log_info
    self.engine.logger.info(message, *arg, **kw)
  File "C:\Users\dayta\AppData\Local\Programs\Python\Python311\Lib\site-packages\sqlalchemy\log.py", line 159, in info
    self.log(logging.INFO, msg, *args, **kwargs)
  File "C:\Users\dayta\AppData\Local\Programs\Python\Python311\Lib\site-packages\sqlalchemy\log.py", line 210, in log
    self.logger._log(level, msg, args, **kwargs)
Message: '[%s] %r'
Arguments: ('no key 0.00034s', {'id': 'UC9IXlPvHhXnNE5CX0fL9pFw', 'title': '\U0001f947Raja AI Studio', 'subscribers_count': 0, 'topic': None, 'custom_url': None, 'created_at': datetime.datetime(2026, 10, 6, 15, 38, 40, 860856, tzinfo=datetime.timezone.utc), 'param_1': '\U0001f947Raja AI Studio', 'param_2': datetime.datetime(2026, 10, 6, 15, 38, 40, 860856, tzinfo=datetime.timezone.utc)})
--- Logging error ---
Traceback (most recent call last):
  File "C:\Users\dayta\AppData\Local\Programs\Python\Python311\Lib\logging\__init__.py", line 1113, in emit
    stream.write(msg + self.terminator)
  File "C:\Users\dayta\AppData\Local\Programs\Python\Python311\Lib\encodings\cp1251.py", line 19, in encode
    return codecs.charmap_encode(input,self.errors,encoding_table)[0]
           ^^^^^^^^^^^^^^^^^^^^^^^^^^^^^^^^^^^^^^^^^^^^^^^^^^^^^^^
UnicodeEncodeError: 'charmap' codec can't encode characters in position 117-133: character maps to <undefined>
Call stack:
  File "C:\Projects\Сайт анализ ниш1\scripts\run_discovery_worker.py", line 117, in <module>
    raise SystemExit(main())
  File "C:\Projects\Сайт анализ ниш1\scripts\run_discovery_worker.py", line 99, in main
    run_discovery_worker(
  File "C:\Projects\Сайт анализ ниш1\app\services\discovery_worker_runtime.py", line 118, in run_discovery_worker
    summary = run_discovery_cycle(
  File "C:\Projects\Сайт анализ ниш1\app\services\discovery_cycle.py", line 491, in run_discovery_cycle
    return asyncio.run(
  File "C:\Users\dayta\AppData\Local\Programs\Python\Python311\Lib\asyncio\runners.py", line 190, in run
    return runner.run(main)
  File "C:\Users\dayta\AppData\Local\Programs\Python\Python311\Lib\asyncio\runners.py", line 118, in run
    return self._loop.run_until_complete(task)
  File "C:\Users\dayta\AppData\Local\Programs\Python\Python311\Lib\asyncio\base_events.py", line 640, in run_until_complete
    self.run_forever()
  File "C:\Users\dayta\AppData\Local\Programs\Python\Python311\Lib\asyncio\windows_events.py", line 321, in run_forever
    super().run_forever()
  File "C:\Users\dayta\AppData\Local\Programs\Python\Python311\Lib\asyncio\base_events.py", line 607, in run_forever
    self._run_once()
  File "C:\Users\dayta\AppData\Local\Programs\Python\Python311\Lib\asyncio\base_events.py", line 1922, in _run_once
    handle._run()
  File "C:\Users\dayta\AppData\Local\Programs\Python\Python311\Lib\asyncio\events.py", line 80, in _run
    self._context.run(self._callback, *self._args)
  File "C:\Projects\Сайт анализ ниш1\app\services\discovery_cycle.py", line 322, in run_discovery_cycle_async
    persist_results, kw_duplicates_from_batch = batch_persist_discovered_videos(
  File "C:\Projects\Сайт анализ ниш1\app\services\discovered_video_batch.py", line 63, in batch_persist_discovered_videos
    outcome = persist_discovered_video(
  File "C:\Projects\Сайт анализ ниш1\app\services\discovered_video_persistence.py", line 202, in persist_discovered_video
    _upsert_discovered_channel(
  File "C:\Projects\Сайт анализ ниш1\app\services\discovered_video_persistence.py", line 150, in _upsert_discovered_channel
    session.execute(
  File "C:\Users\dayta\AppData\Local\Programs\Python\Python311\Lib\site-packages\sqlalchemy\orm\session.py", line 2373, in execute
    return self._execute_internal(
  File "C:\Users\dayta\AppData\Local\Programs\Python\Python311\Lib\site-packages\sqlalchemy\orm\session.py", line 2271, in _execute_internal
    result: Result[Any] = compile_state_cls.orm_execute_statement(
  File "C:\Users\dayta\AppData\Local\Programs\Python\Python311\Lib\site-packages\sqlalchemy\orm\bulk_persistence.py", line 1306, in orm_execute_statement
    result = conn.execute(
  File "C:\Users\dayta\AppData\Local\Programs\Python\Python311\Lib\site-packages\sqlalchemy\engine\base.py", line 1421, in execute
    return meth(
  File "C:\Users\dayta\AppData\Local\Programs\Python\Python311\Lib\site-packages\sqlalchemy\sql\elements.py", line 526, in _execute_on_connection
    return connection._execute_clauseelement(
  File "C:\Users\dayta\AppData\Local\Programs\Python\Python311\Lib\site-packages\sqlalchemy\engine\base.py", line 1643, in _execute_clauseelement
    ret = self._execute_context(
  File "C:\Users\dayta\AppData\Local\Programs\Python\Python311\Lib\site-packages\sqlalchemy\engine\base.py", line 1848, in _execute_context
    return self._exec_single_context(
  File "C:\Users\dayta\AppData\Local\Programs\Python\Python311\Lib\site-packages\sqlalchemy\engine\base.py", line 1906, in _exec_single_context
    self._log_info(
  File "C:\Users\dayta\AppData\Local\Programs\Python\Python311\Lib\site-packages\sqlalchemy\engine\base.py", line 188, in _log_info
    self.engine.logger.info(message, *arg, **kw)
  File "C:\Users\dayta\AppData\Local\Programs\Python\Python311\Lib\site-packages\sqlalchemy\log.py", line 159, in info
    self.log(logging.INFO, msg, *args, **kwargs)
  File "C:\Users\dayta\AppData\Local\Programs\Python\Python311\Lib\site-packages\sqlalchemy\log.py", line 210, in log
    self.logger._log(level, msg, args, **kwargs)
Message: '[%s] %r'
Arguments: ('no key 0.00037s', {'id': 'UCKYF5Krac7mmpl81eEghGxw', 'title': '\u1013\u1019\u1039\u1019\u1021\u101c\u1004\u103a\u1038\u1010\u101b\u102c\u1038\u1010\u1031\u102c\u103a', 'subscribers_count': 0, 'topic': None, 'custom_url': None, 'created_at': datetime.datetime(2026, 10, 6, 15, 38, 40, 877377, tzinfo=datetime.timezone.utc), 'param_1': '\u1013\u1019\u1039\u1019\u1021\u101c\u1004\u103a\u1038\u1010\u101b\u102c\u1038\u1010\u1031\u102c\u103a', 'param_2': datetime.datetime(2026, 10, 6, 15, 38, 40, 877377, tzinfo=datetime.timezone.utc)})
--- Logging error ---
Traceback (most recent call last):
  File "C:\Users\dayta\AppData\Local\Programs\Python\Python311\Lib\logging\__init__.py", line 1113, in emit
    stream.write(msg + self.terminator)
  File "C:\Users\dayta\AppData\Local\Programs\Python\Python311\Lib\encodings\cp1251.py", line 19, in encode
    return codecs.charmap_encode(input,self.errors,encoding_table)[0]
           ^^^^^^^^^^^^^^^^^^^^^^^^^^^^^^^^^^^^^^^^^^^^^^^^^^^^^^^
UnicodeEncodeError: 'charmap' codec can't encode characters in position 117-123: character maps to <undefined>
Call stack:
  File "C:\Projects\Сайт анализ ниш1\scripts\run_discovery_worker.py", line 117, in <module>
    raise SystemExit(main())
  File "C:\Projects\Сайт анализ ниш1\scripts\run_discovery_worker.py", line 99, in main
    run_discovery_worker(
  File "C:\Projects\Сайт анализ ниш1\app\services\discovery_worker_runtime.py", line 118, in run_discovery_worker
    summary = run_discovery_cycle(
  File "C:\Projects\Сайт анализ ниш1\app\services\discovery_cycle.py", line 491, in run_discovery_cycle
    return asyncio.run(
  File "C:\Users\dayta\AppData\Local\Programs\Python\Python311\Lib\asyncio\runners.py", line 190, in run
    return runner.run(main)
  File "C:\Users\dayta\AppData\Local\Programs\Python\Python311\Lib\asyncio\runners.py", line 118, in run
    return self._loop.run_until_complete(task)
  File "C:\Users\dayta\AppData\Local\Programs\Python\Python311\Lib\asyncio\base_events.py", line 640, in run_until_complete
    self.run_forever()
  File "C:\Users\dayta\AppData\Local\Programs\Python\Python311\Lib\asyncio\windows_events.py", line 321, in run_forever
    super().run_forever()
  File "C:\Users\dayta\AppData\Local\Programs\Python\Python311\Lib\asyncio\base_events.py", line 607, in run_forever
    self._run_once()
  File "C:\Users\dayta\AppData\Local\Programs\Python\Python311\Lib\asyncio\base_events.py", line 1922, in _run_once
    handle._run()
  File "C:\Users\dayta\AppData\Local\Programs\Python\Python311\Lib\asyncio\events.py", line 80, in _run
    self._context.run(self._callback, *self._args)
  File "C:\Projects\Сайт анализ ниш1\app\services\discovery_cycle.py", line 322, in run_discovery_cycle_async
    persist_results, kw_duplicates_from_batch = batch_persist_discovered_videos(
  File "C:\Projects\Сайт анализ ниш1\app\services\discovered_video_batch.py", line 63, in batch_persist_discovered_videos
    outcome = persist_discovered_video(
  File "C:\Projects\Сайт анализ ниш1\app\services\discovered_video_persistence.py", line 202, in persist_discovered_video
    _upsert_discovered_channel(
  File "C:\Projects\Сайт анализ ниш1\app\services\discovered_video_persistence.py", line 150, in _upsert_discovered_channel
    session.execute(
  File "C:\Users\dayta\AppData\Local\Programs\Python\Python311\Lib\site-packages\sqlalchemy\orm\session.py", line 2373, in execute
    return self._execute_internal(
  File "C:\Users\dayta\AppData\Local\Programs\Python\Python311\Lib\site-packages\sqlalchemy\orm\session.py", line 2271, in _execute_internal
    result: Result[Any] = compile_state_cls.orm_execute_statement(
  File "C:\Users\dayta\AppData\Local\Programs\Python\Python311\Lib\site-packages\sqlalchemy\orm\bulk_persistence.py", line 1306, in orm_execute_statement
    result = conn.execute(
  File "C:\Users\dayta\AppData\Local\Programs\Python\Python311\Lib\site-packages\sqlalchemy\engine\base.py", line 1421, in execute
    return meth(
  File "C:\Users\dayta\AppData\Local\Programs\Python\Python311\Lib\site-packages\sqlalchemy\sql\elements.py", line 526, in _execute_on_connection
    return connection._execute_clauseelement(
  File "C:\Users\dayta\AppData\Local\Programs\Python\Python311\Lib\site-packages\sqlalchemy\engine\base.py", line 1643, in _execute_clauseelement
    ret = self._execute_context(
  File "C:\Users\dayta\AppData\Local\Programs\Python\Python311\Lib\site-packages\sqlalchemy\engine\base.py", line 1848, in _execute_context
    return self._exec_single_context(
  File "C:\Users\dayta\AppData\Local\Programs\Python\Python311\Lib\site-packages\sqlalchemy\engine\base.py", line 1906, in _exec_single_context
    self._log_info(
  File "C:\Users\dayta\AppData\Local\Programs\Python\Python311\Lib\site-packages\sqlalchemy\engine\base.py", line 188, in _log_info
    self.engine.logger.info(message, *arg, **kw)
  File "C:\Users\dayta\AppData\Local\Programs\Python\Python311\Lib\site-packages\sqlalchemy\log.py", line 159, in info
    self.log(logging.INFO, msg, *args, **kwargs)
  File "C:\Users\dayta\AppData\Local\Programs\Python\Python311\Lib\site-packages\sqlalchemy\log.py", line 210, in log
    self.logger._log(level, msg, args, **kwargs)
Message: '[%s] %r'
Arguments: ('no key 0.00059s', {'id': 'UCmElPrTUs4ZMOwhYCXpElKQ', 'title': '\u0995\u09be\u09b0\u09cd\u099f\u09c1\u09a8 \u0995\u09a5\u09be and \u0997\u09b2\u09cd\u09aa\u09c7\u09b0 \u0996\u09c7\u09af\u09bc\u09be', 'subscribers_count': 24400, 'topic': None, 'custom_url': None, 'created_at': datetime.datetime(2026, 10, 6, 15, 38, 40, 915109, tzinfo=datetime.timezone.utc), 'param_1': '\u0995\u09be\u09b0\u09cd\u099f\u09c1\u09a8 \u0995\u09a5\u09be and \u0997\u09b2\u09cd\u09aa\u09c7\u09b0 \u0996\u09c7\u09af\u09bc\u09be', 'param_2': 24400, 'param_3': datetime.datetime(2026, 10, 6, 15, 38, 40, 915109, tzinfo=datetime.timezone.utc)})
--- Logging error ---
Traceback (most recent call last):
  File "C:\Users\dayta\AppData\Local\Programs\Python\Python311\Lib\logging\__init__.py", line 1113, in emit
    stream.write(msg + self.terminator)
  File "C:\Users\dayta\AppData\Local\Programs\Python\Python311\Lib\encodings\cp1251.py", line 19, in encode
    return codecs.charmap_encode(input,self.errors,encoding_table)[0]
           ^^^^^^^^^^^^^^^^^^^^^^^^^^^^^^^^^^^^^^^^^^^^^^^^^^^^^^^
UnicodeEncodeError: 'charmap' codec can't encode characters in position 126-129: character maps to <undefined>
Call stack:
  File "C:\Projects\Сайт анализ ниш1\scripts\run_discovery_worker.py", line 117, in <module>
    raise SystemExit(main())
  File "C:\Projects\Сайт анализ ниш1\scripts\run_discovery_worker.py", line 99, in main
    run_discovery_worker(
  File "C:\Projects\Сайт анализ ниш1\app\services\discovery_worker_runtime.py", line 118, in run_discovery_worker
    summary = run_discovery_cycle(
  File "C:\Projects\Сайт анализ ниш1\app\services\discovery_cycle.py", line 491, in run_discovery_cycle
    return asyncio.run(
  File "C:\Users\dayta\AppData\Local\Programs\Python\Python311\Lib\asyncio\runners.py", line 190, in run
    return runner.run(main)
  File "C:\Users\dayta\AppData\Local\Programs\Python\Python311\Lib\asyncio\runners.py", line 118, in run
    return self._loop.run_until_complete(task)
  File "C:\Users\dayta\AppData\Local\Programs\Python\Python311\Lib\asyncio\base_events.py", line 640, in run_until_complete
    self.run_forever()
  File "C:\Users\dayta\AppData\Local\Programs\Python\Python311\Lib\asyncio\windows_events.py", line 321, in run_forever
    super().run_forever()
  File "C:\Users\dayta\AppData\Local\Programs\Python\Python311\Lib\asyncio\base_events.py", line 607, in run_forever
    self._run_once()
  File "C:\Users\dayta\AppData\Local\Programs\Python\Python311\Lib\asyncio\base_events.py", line 1922, in _run_once
    handle._run()
  File "C:\Users\dayta\AppData\Local\Programs\Python\Python311\Lib\asyncio\events.py", line 80, in _run
    self._context.run(self._callback, *self._args)
  File "C:\Projects\Сайт анализ ниш1\app\services\discovery_cycle.py", line 322, in run_discovery_cycle_async
    persist_results, kw_duplicates_from_batch = batch_persist_discovered_videos(
  File "C:\Projects\Сайт анализ ниш1\app\services\discovered_video_batch.py", line 63, in batch_persist_discovered_videos
    outcome = persist_discovered_video(
  File "C:\Projects\Сайт анализ ниш1\app\services\discovered_video_persistence.py", line 202, in persist_discovered_video
    _upsert_discovered_channel(
  File "C:\Projects\Сайт анализ ниш1\app\services\discovered_video_persistence.py", line 150, in _upsert_discovered_channel
    session.execute(
  File "C:\Users\dayta\AppData\Local\Programs\Python\Python311\Lib\site-packages\sqlalchemy\orm\session.py", line 2373, in execute
    return self._execute_internal(
  File "C:\Users\dayta\AppData\Local\Programs\Python\Python311\Lib\site-packages\sqlalchemy\orm\session.py", line 2271, in _execute_internal
    result: Result[Any] = compile_state_cls.orm_execute_statement(
  File "C:\Users\dayta\AppData\Local\Programs\Python\Python311\Lib\site-packages\sqlalchemy\orm\bulk_persistence.py", line 1306, in orm_execute_statement
    result = conn.execute(
  File "C:\Users\dayta\AppData\Local\Programs\Python\Python311\Lib\site-packages\sqlalchemy\engine\base.py", line 1421, in execute
    return meth(
  File "C:\Users\dayta\AppData\Local\Programs\Python\Python311\Lib\site-packages\sqlalchemy\sql\elements.py", line 526, in _execute_on_connection
    return connection._execute_clauseelement(
  File "C:\Users\dayta\AppData\Local\Programs\Python\Python311\Lib\site-packages\sqlalchemy\engine\base.py", line 1643, in _execute_clauseelement
    ret = self._execute_context(
  File "C:\Users\dayta\AppData\Local\Programs\Python\Python311\Lib\site-packages\sqlalchemy\engine\base.py", line 1848, in _execute_context
    return self._exec_single_context(
  File "C:\Users\dayta\AppData\Local\Programs\Python\Python311\Lib\site-packages\sqlalchemy\engine\base.py", line 1906, in _exec_single_context
    self._log_info(
  File "C:\Users\dayta\AppData\Local\Programs\Python\Python311\Lib\site-packages\sqlalchemy\engine\base.py", line 188, in _log_info
    self.engine.logger.info(message, *arg, **kw)
  File "C:\Users\dayta\AppData\Local\Programs\Python\Python311\Lib\site-packages\sqlalchemy\log.py", line 159, in info
    self.log(logging.INFO, msg, *args, **kwargs)
  File "C:\Users\dayta\AppData\Local\Programs\Python\Python311\Lib\site-packages\sqlalchemy\log.py", line 210, in log
    self.logger._log(level, msg, args, **kwargs)
Message: '[%s] %r'
Arguments: ('no key 0.00042s', {'id': 'UCw4Px6Ql-YOZ5GjlwyRGVnA', 'title': 'Mak Tech \u12a0\u12ab\u12f3\u121a', 'subscribers_count': 0, 'topic': None, 'custom_url': None, 'created_at': datetime.datetime(2026, 10, 6, 15, 38, 41, 31200, tzinfo=datetime.timezone.utc), 'param_1': 'Mak Tech \u12a0\u12ab\u12f3\u121a', 'param_2': datetime.datetime(2026, 10, 6, 15, 38, 41, 31200, tzinfo=datetime.timezone.utc)})
--- Logging error ---
Traceback (most recent call last):
  File "C:\Users\dayta\AppData\Local\Programs\Python\Python311\Lib\logging\__init__.py", line 1113, in emit
    stream.write(msg + self.terminator)
  File "C:\Users\dayta\AppData\Local\Programs\Python\Python311\Lib\encodings\cp1251.py", line 19, in encode
    return codecs.charmap_encode(input,self.errors,encoding_table)[0]
           ^^^^^^^^^^^^^^^^^^^^^^^^^^^^^^^^^^^^^^^^^^^^^^^^^^^^^^^
UnicodeEncodeError: 'charmap' codec can't encode character '\U0001f165' in position 160: character maps to <undefined>
Call stack:
  File "C:\Projects\Сайт анализ ниш1\scripts\run_discovery_worker.py", line 117, in <module>
    raise SystemExit(main())
  File "C:\Projects\Сайт анализ ниш1\scripts\run_discovery_worker.py", line 99, in main
    run_discovery_worker(
  File "C:\Projects\Сайт анализ ниш1\app\services\discovery_worker_runtime.py", line 118, in run_discovery_worker
    summary = run_discovery_cycle(
  File "C:\Projects\Сайт анализ ниш1\app\services\discovery_cycle.py", line 491, in run_discovery_cycle
    return asyncio.run(
  File "C:\Users\dayta\AppData\Local\Programs\Python\Python311\Lib\asyncio\runners.py", line 190, in run
    return runner.run(main)
  File "C:\Users\dayta\AppData\Local\Programs\Python\Python311\Lib\asyncio\runners.py", line 118, in run
    return self._loop.run_until_complete(task)
  File "C:\Users\dayta\AppData\Local\Programs\Python\Python311\Lib\asyncio\base_events.py", line 640, in run_until_complete
    self.run_forever()
  File "C:\Users\dayta\AppData\Local\Programs\Python\Python311\Lib\asyncio\windows_events.py", line 321, in run_forever
    super().run_forever()
  File "C:\Users\dayta\AppData\Local\Programs\Python\Python311\Lib\asyncio\base_events.py", line 607, in run_forever
    self._run_once()
  File "C:\Users\dayta\AppData\Local\Programs\Python\Python311\Lib\asyncio\base_events.py", line 1922, in _run_once
    handle._run()
  File "C:\Users\dayta\AppData\Local\Programs\Python\Python311\Lib\asyncio\events.py", line 80, in _run
    self._context.run(self._callback, *self._args)
  File "C:\Projects\Сайт анализ ниш1\app\services\discovery_cycle.py", line 322, in run_discovery_cycle_async
    persist_results, kw_duplicates_from_batch = batch_persist_discovered_videos(
  File "C:\Projects\Сайт анализ ниш1\app\services\discovered_video_batch.py", line 63, in batch_persist_discovered_videos
    outcome = persist_discovered_video(
  File "C:\Projects\Сайт анализ ниш1\app\services\discovered_video_persistence.py", line 202, in persist_discovered_video
    _upsert_discovered_channel(
  File "C:\Projects\Сайт анализ ниш1\app\services\discovered_video_persistence.py", line 150, in _upsert_discovered_channel
    session.execute(
  File "C:\Users\dayta\AppData\Local\Programs\Python\Python311\Lib\site-packages\sqlalchemy\orm\session.py", line 2373, in execute
    return self._execute_internal(
  File "C:\Users\dayta\AppData\Local\Programs\Python\Python311\Lib\site-packages\sqlalchemy\orm\session.py", line 2271, in _execute_internal
    result: Result[Any] = compile_state_cls.orm_execute_statement(
  File "C:\Users\dayta\AppData\Local\Programs\Python\Python311\Lib\site-packages\sqlalchemy\orm\bulk_persistence.py", line 1306, in orm_execute_statement
    result = conn.execute(
  File "C:\Users\dayta\AppData\Local\Programs\Python\Python311\Lib\site-packages\sqlalchemy\engine\base.py", line 1421, in execute
    return meth(
  File "C:\Users\dayta\AppData\Local\Programs\Python\Python311\Lib\site-packages\sqlalchemy\sql\elements.py", line 526, in _execute_on_connection
    return connection._execute_clauseelement(
  File "C:\Users\dayta\AppData\Local\Programs\Python\Python311\Lib\site-packages\sqlalchemy\engine\base.py", line 1643, in _execute_clauseelement
    ret = self._execute_context(
  File "C:\Users\dayta\AppData\Local\Programs\Python\Python311\Lib\site-packages\sqlalchemy\engine\base.py", line 1848, in _execute_context
    return self._exec_single_context(
  File "C:\Users\dayta\AppData\Local\Programs\Python\Python311\Lib\site-packages\sqlalchemy\engine\base.py", line 1906, in _exec_single_context
    self._log_info(
  File "C:\Users\dayta\AppData\Local\Programs\Python\Python311\Lib\site-packages\sqlalchemy\engine\base.py", line 188, in _log_info
    self.engine.logger.info(message, *arg, **kw)
  File "C:\Users\dayta\AppData\Local\Programs\Python\Python311\Lib\site-packages\sqlalchemy\log.py", line 159, in info
    self.log(logging.INFO, msg, *args, **kwargs)
  File "C:\Users\dayta\AppData\Local\Programs\Python\Python311\Lib\site-packages\sqlalchemy\log.py", line 210, in log
    self.logger._log(level, msg, args, **kwargs)
Message: '[%s] %r'
Arguments: ('no key 0.00046s', {'id': 'UCmZoECJSr-pDacr9SB-Dd6A', 'title': '(AUSTA) Windows 11X Pro 26H6 Tech Official \U0001f165', 'subscribers_count': 0, 'topic': None, 'custom_url': None, 'created_at': datetime.datetime(2026, 10, 6, 15, 38, 41, 79351, tzinfo=datetime.timezone.utc), 'param_1': '(AUSTA) Windows 11X Pro 26H6 Tech Official \U0001f165', 'param_2': datetime.datetime(2026, 10, 6, 15, 38, 41, 79351, tzinfo=datetime.timezone.utc)})
--- Logging error ---
Traceback (most recent call last):
  File "C:\Users\dayta\AppData\Local\Programs\Python\Python311\Lib\logging\__init__.py", line 1113, in emit
    stream.write(msg + self.terminator)
  File "C:\Users\dayta\AppData\Local\Programs\Python\Python311\Lib\encodings\cp1251.py", line 19, in encode
    return codecs.charmap_encode(input,self.errors,encoding_table)[0]
           ^^^^^^^^^^^^^^^^^^^^^^^^^^^^^^^^^^^^^^^^^^^^^^^^^^^^^^^
UnicodeEncodeError: 'charmap' codec can't encode characters in position 117-127: character maps to <undefined>
Call stack:
  File "C:\Projects\Сайт анализ ниш1\scripts\run_discovery_worker.py", line 117, in <module>
    raise SystemExit(main())
  File "C:\Projects\Сайт анализ ниш1\scripts\run_discovery_worker.py", line 99, in main
    run_discovery_worker(
  File "C:\Projects\Сайт анализ ниш1\app\services\discovery_worker_runtime.py", line 118, in run_discovery_worker
    summary = run_discovery_cycle(
  File "C:\Projects\Сайт анализ ниш1\app\services\discovery_cycle.py", line 491, in run_discovery_cycle
    return asyncio.run(
  File "C:\Users\dayta\AppData\Local\Programs\Python\Python311\Lib\asyncio\runners.py", line 190, in run
    return runner.run(main)
  File "C:\Users\dayta\AppData\Local\Programs\Python\Python311\Lib\asyncio\runners.py", line 118, in run
    return self._loop.run_until_complete(task)
  File "C:\Users\dayta\AppData\Local\Programs\Python\Python311\Lib\asyncio\base_events.py", line 640, in run_until_complete
    self.run_forever()
  File "C:\Users\dayta\AppData\Local\Programs\Python\Python311\Lib\asyncio\windows_events.py", line 321, in run_forever
    super().run_forever()
  File "C:\Users\dayta\AppData\Local\Programs\Python\Python311\Lib\asyncio\base_events.py", line 607, in run_forever
    self._run_once()
  File "C:\Users\dayta\AppData\Local\Programs\Python\Python311\Lib\asyncio\base_events.py", line 1922, in _run_once
    handle._run()
  File "C:\Users\dayta\AppData\Local\Programs\Python\Python311\Lib\asyncio\events.py", line 80, in _run
    self._context.run(self._callback, *self._args)
  File "C:\Projects\Сайт анализ ниш1\app\services\discovery_cycle.py", line 322, in run_discovery_cycle_async
    persist_results, kw_duplicates_from_batch = batch_persist_discovered_videos(
  File "C:\Projects\Сайт анализ ниш1\app\services\discovered_video_batch.py", line 63, in batch_persist_discovered_videos
    outcome = persist_discovered_video(
  File "C:\Projects\Сайт анализ ниш1\app\services\discovered_video_persistence.py", line 202, in persist_discovered_video
    _upsert_discovered_channel(
  File "C:\Projects\Сайт анализ ниш1\app\services\discovered_video_persistence.py", line 150, in _upsert_discovered_channel
    session.execute(
  File "C:\Users\dayta\AppData\Local\Programs\Python\Python311\Lib\site-packages\sqlalchemy\orm\session.py", line 2373, in execute
    return self._execute_internal(
  File "C:\Users\dayta\AppData\Local\Programs\Python\Python311\Lib\site-packages\sqlalchemy\orm\session.py", line 2271, in _execute_internal
    result: Result[Any] = compile_state_cls.orm_execute_statement(
  File "C:\Users\dayta\AppData\Local\Programs\Python\Python311\Lib\site-packages\sqlalchemy\orm\bulk_persistence.py", line 1306, in orm_execute_statement
    result = conn.execute(
  File "C:\Users\dayta\AppData\Local\Programs\Python\Python311\Lib\site-packages\sqlalchemy\engine\base.py", line 1421, in execute
    return meth(
  File "C:\Users\dayta\AppData\Local\Programs\Python\Python311\Lib\site-packages\sqlalchemy\sql\elements.py", line 526, in _execute_on_connection
    return connection._execute_clauseelement(
  File "C:\Users\dayta\AppData\Local\Programs\Python\Python311\Lib\site-packages\sqlalchemy\engine\base.py", line 1643, in _execute_clauseelement
    ret = self._execute_context(
  File "C:\Users\dayta\AppData\Local\Programs\Python\Python311\Lib\site-packages\sqlalchemy\engine\base.py", line 1848, in _execute_context
    return self._exec_single_context(
  File "C:\Users\dayta\AppData\Local\Programs\Python\Python311\Lib\site-packages\sqlalchemy\engine\base.py", line 1906, in _exec_single_context
    self._log_info(
  File "C:\Users\dayta\AppData\Local\Programs\Python\Python311\Lib\site-packages\sqlalchemy\engine\base.py", line 188, in _log_info
    self.engine.logger.info(message, *arg, **kw)
  File "C:\Users\dayta\AppData\Local\Programs\Python\Python311\Lib\site-packages\sqlalchemy\log.py", line 159, in info
    self.log(logging.INFO, msg, *args, **kwargs)
  File "C:\Users\dayta\AppData\Local\Programs\Python\Python311\Lib\site-packages\sqlalchemy\log.py", line 210, in log
    self.logger._log(level, msg, args, **kwargs)
Message: '[%s] %r'
Arguments: ('no key 0.00041s', {'id': 'UCpoowlacU4qdRt14JZpp5NQ', 'title': '\u1013\u1019\u1039\u1019\u1001\u101b\u102e\u1038\u101e\u100a\u103a - Dhamma Traveler', 'subscribers_count': 0, 'topic': None, 'custom_url': None, 'created_at': datetime.datetime(2026, 10, 6, 15, 38, 41, 226455, tzinfo=datetime.timezone.utc), 'param_1': '\u1013\u1019\u1039\u1019\u1001\u101b\u102e\u1038\u101e\u100a\u103a - Dhamma Traveler', 'param_2': datetime.datetime(2026, 10, 6, 15, 38, 41, 226455, tzinfo=datetime.timezone.utc)})
--- Logging error ---
Traceback (most recent call last):
  File "C:\Users\dayta\AppData\Local\Programs\Python\Python311\Lib\logging\__init__.py", line 1113, in emit
    stream.write(msg + self.terminator)
  File "C:\Users\dayta\AppData\Local\Programs\Python\Python311\Lib\encodings\cp1251.py", line 19, in encode
    return codecs.charmap_encode(input,self.errors,encoding_table)[0]
           ^^^^^^^^^^^^^^^^^^^^^^^^^^^^^^^^^^^^^^^^^^^^^^^^^^^^^^^
UnicodeEncodeError: 'charmap' codec can't encode character '\U0001f525' in position 1245: character maps to <undefined>
Call stack:
  File "C:\Projects\Сайт анализ ниш1\scripts\run_discovery_worker.py", line 117, in <module>
    raise SystemExit(main())
  File "C:\Projects\Сайт анализ ниш1\scripts\run_discovery_worker.py", line 99, in main
    run_discovery_worker(
  File "C:\Projects\Сайт анализ ниш1\app\services\discovery_worker_runtime.py", line 118, in run_discovery_worker
    summary = run_discovery_cycle(
  File "C:\Projects\Сайт анализ ниш1\app\services\discovery_cycle.py", line 491, in run_discovery_cycle
    return asyncio.run(
  File "C:\Users\dayta\AppData\Local\Programs\Python\Python311\Lib\asyncio\runners.py", line 190, in run
    return runner.run(main)
  File "C:\Users\dayta\AppData\Local\Programs\Python\Python311\Lib\asyncio\runners.py", line 118, in run
    return self._loop.run_until_complete(task)
  File "C:\Users\dayta\AppData\Local\Programs\Python\Python311\Lib\asyncio\base_events.py", line 640, in run_until_complete
    self.run_forever()
  File "C:\Users\dayta\AppData\Local\Programs\Python\Python311\Lib\asyncio\windows_events.py", line 321, in run_forever
    super().run_forever()
  File "C:\Users\dayta\AppData\Local\Programs\Python\Python311\Lib\asyncio\base_events.py", line 607, in run_forever
    self._run_once()
  File "C:\Users\dayta\AppData\Local\Programs\Python\Python311\Lib\asyncio\base_events.py", line 1922, in _run_once
    handle._run()
  File "C:\Users\dayta\AppData\Local\Programs\Python\Python311\Lib\asyncio\events.py", line 80, in _run
    self._context.run(self._callback, *self._args)
  File "C:\Projects\Сайт анализ ниш1\app\services\discovery_cycle.py", line 348, in run_discovery_cycle_async
    mark_hits_persisted_for_monitoring(
  File "C:\Projects\Сайт анализ ниш1\app\services\keyword_discovery_metrics_storage.py", line 154, in mark_hits_persisted_for_monitoring
    session.flush()
  File "C:\Users\dayta\AppData\Local\Programs\Python\Python311\Lib\site-packages\sqlalchemy\orm\session.py", line 4353, in flush
    self._flush(objects)
  File "C:\Users\dayta\AppData\Local\Programs\Python\Python311\Lib\site-packages\sqlalchemy\orm\session.py", line 4449, in _flush
    flush_context.execute()
  File "C:\Users\dayta\AppData\Local\Programs\Python\Python311\Lib\site-packages\sqlalchemy\orm\unitofwork.py", line 465, in execute
    rec.execute(self)
  File "C:\Users\dayta\AppData\Local\Programs\Python\Python311\Lib\site-packages\sqlalchemy\orm\unitofwork.py", line 641, in execute
    util.preloaded.orm_persistence.save_obj(
  File "C:\Users\dayta\AppData\Local\Programs\Python\Python311\Lib\site-packages\sqlalchemy\orm\persistence.py", line 94, in save_obj
    _emit_insert_statements(
  File "C:\Users\dayta\AppData\Local\Programs\Python\Python311\Lib\site-packages\sqlalchemy\orm\persistence.py", line 1144, in _emit_insert_statements
    result = connection.execute(
  File "C:\Users\dayta\AppData\Local\Programs\Python\Python311\Lib\site-packages\sqlalchemy\engine\base.py", line 1421, in execute
    return meth(
  File "C:\Users\dayta\AppData\Local\Programs\Python\Python311\Lib\site-packages\sqlalchemy\sql\elements.py", line 526, in _execute_on_connection
    return connection._execute_clauseelement(
  File "C:\Users\dayta\AppData\Local\Programs\Python\Python311\Lib\site-packages\sqlalchemy\engine\base.py", line 1643, in _execute_clauseelement
    ret = self._execute_context(
  File "C:\Users\dayta\AppData\Local\Programs\Python\Python311\Lib\site-packages\sqlalchemy\engine\base.py", line 1846, in _execute_context
    return self._exec_insertmany_context(dialect, context)
  File "C:\Users\dayta\AppData\Local\Programs\Python\Python311\Lib\site-packages\sqlalchemy\engine\base.py", line 2101, in _exec_insertmany_context
    self._log_info(
  File "C:\Users\dayta\AppData\Local\Programs\Python\Python311\Lib\site-packages\sqlalchemy\engine\base.py", line 188, in _log_info
    self.engine.logger.info(message, *arg, **kw)
  File "C:\Users\dayta\AppData\Local\Programs\Python\Python311\Lib\site-packages\sqlalchemy\log.py", line 159, in info
    self.log(logging.INFO, msg, *args, **kwargs)
  File "C:\Users\dayta\AppData\Local\Programs\Python\Python311\Lib\site-packages\sqlalchemy\log.py", line 210, in log
    self.logger._log(level, msg, args, **kwargs)
Message: '[%s] %r'
Arguments: ('cached since 210.1s ago (insertmanyvalues) 1/1 (ordered)', {'duration_seconds__0': 983, 'id__0': 'X1M61eZtYL8', 'content_format__0': 'MEDIUM', 'topic__0': 'ai tools for video editing', 'title__0': 'I Fully Automated My Video Editing Using Claude Code (Full Walkthrough) in 16 MINS', 'published_at__0': datetime.datetime(2026, 10, 6, 11, 38, 39, 900313, tzinfo=datetime.timezone.utc), 'tags__0': '[]', 'views_count__0': 1396, 'likes_count__0': 0, 'channel_id__0': 'UCVe8CMJF4caRzuckVYV8CaQ', 'published_at_source__0': 'innertube_relative', 'comments_count__0': 0, 'duration_seconds__1': 595, 'id__1': '3pZ1WiQowSA', 'content_format__1': 'MEDIUM', 'topic__1': 'ai tools for video editing', 'title__1': 'I Tested an AI Video Editor That Actually Cuts Your Timeline (InVideo)', 'published_at__1': datetime.datetime(2026, 10, 6, 10, 38, 39, 906683, tzinfo=datetime.timezone.utc), 'tags__1': '[]', 'views_count__1': 661, 'likes_count__1': 0, 'channel_id__1': 'UCx9mhvLaKCpQ6rMLwK9t57Q', 'published_at_source__1': 'innertube_relative', 'comments_count__1': 0, 'duration_seconds__2': 367, 'id__2': 'vjJdu-Pi1vY', 'content_format__2': 'MEDIUM', 'topic__2': 'ai tools for video editing', 'title__2': '\U0001f525 Top 4 FREE AI Tools for Video, Images & Chat | Premium AI Tools FREE in 2026', 'published_at__2': datetime.datetime(2026, 10, 6, 14, 38, 39, 909338, tzinfo=datetime.timezone.utc), 'tags__2': '[]', 'views_count__2': 4, 'likes_count__2': 0, 'channel_id__2': 'UCTM7jds-XZ64otCPw5pndDA', 'published_at_source__2': 'innertube_relative', 'comments_count__2': 0, 'duration_seconds__3': 592, 'id__3': 'l3o5fSUE7io', 'content_format__3': 'MEDIUM', 'topic__3': 'ai tools for video editing', 'title__3': 'AI Video Editing Tools in 2026: What Actually Saves Time', 'published_at__3': datetime.datetime(2026, 10, 6, 4, 38, 39, 912075, tzinfo=datetime.timezone.utc), 'tags__3': '[]', 'views_count__3': 4, 'likes_count__3': 0, 'channel_id__3': 'UC_-CH21eZ9eaypopWccGMlw', 'published_at_source__3': 'innertube_relative', 'comments_count__3': 0, 'duration_seconds__4': 706, 'id__4': 'Nya-7zF81dQ' ... 4400 parameters truncated ... 'published_at_source__370': 'innertube_relative', 'comments_count__370': 0, 'duration_seconds__371': 5199, 'id__371': '_fXYY9p6Bi4', 'content_format__371': 'MEDIUM', 'topic__371': 'ai tools for video editing', 'title__371': '\u0916\u0942\u0902\u0916\u093e\u0930 \u092c\u093e\u0918 \u0914\u0930 \u092e\u0917\u0930\u092e\u091a\u094d\u091b\u094b\u0902 \u0915\u0947 \u092c\u0940\u091a \u091c\u092c \u0930\u093e\u091c\u093e \u0928\u0947 \u092b\u0947\u0902\u0915 \u0926\u0940 \u0905\u092a\u0928\u0940 \u092e\u093e\u0938\u0942\u092e \u0930\u093e\u091c\u0915\u0941\u092e\u093e\u0930\u0940 \u0914\u0930 \u0928\u0935\u091c\u093e\u0924 \u092c\u091a\u094d\u091a\u093e !', 'published_at__371': datetime.datetime(2026, 10, 6, 9, 38, 41, 264841, tzinfo=datetime.timezone.utc), 'tags__371': '[]', 'views_count__371': 3649, 'likes_count__371': 0, 'channel_id__371': 'UC0M2whZgDwzqye6MhvArmNQ', 'published_at_source__371': 'innertube_relative', 'comments_count__371': 0, 'duration_seconds__372': 177, 'id__372': 'D0W_9f8OSWI', 'content_format__372': 'MEDIUM', 'topic__372': 'ai tools for video editing', 'title__372': 'MO3 – “Call Me First” (Music Video)', 'published_at__372': datetime.datetime(2026, 10, 5, 21, 38, 41, 266920, tzinfo=datetime.timezone.utc), 'tags__372': '[]', 'views_count__372': 956, 'likes_count__372': 0, 'channel_id__372': 'UCY64HQTwZ4mQyKXTFs_ZEjg', 'published_at_source__372': 'innertube_relative', 'comments_count__372': 0, 'duration_seconds__373': 187, 'id__373': 'v61hBL0zbAY', 'content_format__373': 'MEDIUM', 'topic__373': 'ai tools for video editing', 'title__373': 'BigWalkDog - No Check In (ft.BIG30) [Music Video]', 'published_at__373': datetime.datetime(2026, 10, 5, 20, 38, 41, 269575, tzinfo=datetime.timezone.utc), 'tags__373': '[]', 'views_count__373': 35, 'likes_count__373': 0, 'channel_id__373': 'UCqDyfs9t6O4Z0HwZq31nxlQ', 'published_at_source__373': 'innertube_relative', 'comments_count__373': 0, 'duration_seconds__374': 224, 'id__374': '7o3a_w6n8B4', 'content_format__374': 'MEDIUM', 'topic__374': 'ai tools for video editing', 'title__374': 'lumi : A \ub2eb\ud78c \ub9c8\uc74c my heart again', 'published_at__374': datetime.datetime(2026, 10, 6, 4, 38, 41, 272724, tzinfo=datetime.timezone.utc), 'tags__374': '[]', 'views_count__374': 8, 'likes_count__374': 0, 'channel_id__374': 'UCwNGv69vpIvGObbfJd-e3pw', 'published_at_source__374': 'innertube_relative', 'comments_count__374': 0})
--- Logging error ---
Traceback (most recent call last):
  File "C:\Users\dayta\AppData\Local\Programs\Python\Python311\Lib\logging\__init__.py", line 1113, in emit
    stream.write(msg + self.terminator)
  File "C:\Users\dayta\AppData\Local\Programs\Python\Python311\Lib\encodings\cp1251.py", line 19, in encode
    return codecs.charmap_encode(input,self.errors,encoding_table)[0]
           ^^^^^^^^^^^^^^^^^^^^^^^^^^^^^^^^^^^^^^^^^^^^^^^^^^^^^^^
UnicodeEncodeError: 'charmap' codec can't encode characters in position 452-453: character maps to <undefined>
Call stack:
  File "C:\Projects\Сайт анализ ниш1\scripts\run_discovery_worker.py", line 117, in <module>
    raise SystemExit(main())
  File "C:\Projects\Сайт анализ ниш1\scripts\run_discovery_worker.py", line 99, in main
    run_discovery_worker(
  File "C:\Projects\Сайт анализ ниш1\app\services\discovery_worker_runtime.py", line 118, in run_discovery_worker
    summary = run_discovery_cycle(
  File "C:\Projects\Сайт анализ ниш1\app\services\discovery_cycle.py", line 491, in run_discovery_cycle
    return asyncio.run(
  File "C:\Users\dayta\AppData\Local\Programs\Python\Python311\Lib\asyncio\runners.py", line 190, in run
    return runner.run(main)
  File "C:\Users\dayta\AppData\Local\Programs\Python\Python311\Lib\asyncio\runners.py", line 118, in run
    return self._loop.run_until_complete(task)
  File "C:\Users\dayta\AppData\Local\Programs\Python\Python311\Lib\asyncio\base_events.py", line 640, in run_until_complete
    self.run_forever()
  File "C:\Users\dayta\AppData\Local\Programs\Python\Python311\Lib\asyncio\windows_events.py", line 321, in run_forever
    super().run_forever()
  File "C:\Users\dayta\AppData\Local\Programs\Python\Python311\Lib\asyncio\base_events.py", line 607, in run_forever
    self._run_once()
  File "C:\Users\dayta\AppData\Local\Programs\Python\Python311\Lib\asyncio\base_events.py", line 1922, in _run_once
    handle._run()
  File "C:\Users\dayta\AppData\Local\Programs\Python\Python311\Lib\asyncio\events.py", line 80, in _run
    self._context.run(self._callback, *self._args)
  File "C:\Projects\Сайт анализ ниш1\app\services\discovery_cycle.py", line 219, in run_discovery_cycle_async
    scan = await scan_keyword_for_discovery(
  File "C:\Projects\Сайт анализ ниш1\app\services\discovery_keyword_scan.py", line 149, in scan_keyword_for_discovery
    process_result = await service.process_radar_videos(
  File "C:\Projects\Сайт анализ ниш1\app\services\explosive_channels_service.py", line 845, in process_radar_videos
    hit = self._register_channel_video(
  File "C:\Projects\Сайт анализ ниш1\app\services\explosive_channels_service.py", line 1066, in _register_channel_video
    db.flush()
  File "C:\Users\dayta\AppData\Local\Programs\Python\Python311\Lib\site-packages\sqlalchemy\orm\session.py", line 4353, in flush
    self._flush(objects)
  File "C:\Users\dayta\AppData\Local\Programs\Python\Python311\Lib\site-packages\sqlalchemy\orm\session.py", line 4449, in _flush
    flush_context.execute()
  File "C:\Users\dayta\AppData\Local\Programs\Python\Python311\Lib\site-packages\sqlalchemy\orm\unitofwork.py", line 465, in execute
    rec.execute(self)
  File "C:\Users\dayta\AppData\Local\Programs\Python\Python311\Lib\site-packages\sqlalchemy\orm\unitofwork.py", line 641, in execute
    util.preloaded.orm_persistence.save_obj(
  File "C:\Users\dayta\AppData\Local\Programs\Python\Python311\Lib\site-packages\sqlalchemy\orm\persistence.py", line 94, in save_obj
    _emit_insert_statements(
  File "C:\Users\dayta\AppData\Local\Programs\Python\Python311\Lib\site-packages\sqlalchemy\orm\persistence.py", line 1049, in _emit_insert_statements
    result = connection.execute(
  File "C:\Users\dayta\AppData\Local\Programs\Python\Python311\Lib\site-packages\sqlalchemy\engine\base.py", line 1421, in execute
    return meth(
  File "C:\Users\dayta\AppData\Local\Programs\Python\Python311\Lib\site-packages\sqlalchemy\sql\elements.py", line 526, in _execute_on_connection
    return connection._execute_clauseelement(
  File "C:\Users\dayta\AppData\Local\Programs\Python\Python311\Lib\site-packages\sqlalchemy\engine\base.py", line 1643, in _execute_clauseelement
    ret = self._execute_context(
  File "C:\Users\dayta\AppData\Local\Programs\Python\Python311\Lib\site-packages\sqlalchemy\engine\base.py", line 1848, in _execute_context
    return self._exec_single_context(
  File "C:\Users\dayta\AppData\Local\Programs\Python\Python311\Lib\site-packages\sqlalchemy\engine\base.py", line 1906, in _exec_single_context
    self._log_info(
  File "C:\Users\dayta\AppData\Local\Programs\Python\Python311\Lib\site-packages\sqlalchemy\engine\base.py", line 188, in _log_info
    self.engine.logger.info(message, *arg, **kw)
  File "C:\Users\dayta\AppData\Local\Programs\Python\Python311\Lib\site-packages\sqlalchemy\log.py", line 159, in info
    self.log(logging.INFO, msg, *args, **kwargs)
  File "C:\Users\dayta\AppData\Local\Programs\Python\Python311\Lib\site-packages\sqlalchemy\log.py", line 210, in log
    self.logger._log(level, msg, args, **kwargs)
Message: '[%s] %r'
Arguments: ('cached since 240.6s ago', {'channel_id': 'UCitRI30VnCXTZM8asOqHLVg', 'channel_name': 'Near_You', 'avatar_url': 'https://yt3.ggpht.com/d_7ITUhqo00o8meUbRaGBoP46DRv6YZX7QAxoPCWinohv_IR1udi1raL9Mr0DZGl-xkAHDXpsw=s68-c-k-c0x00ffffff-no-rj', 'subscribers': 8, 'channel_age_days': 0, 'total_views': 0, 'viral_coefficient': 4050.0, 'representative_video_id': 'YC5vSsTdV-s', 'representative_video_title': '\u26a1\ufe0fИГРАЮ НА ВСЕХ 11 УРОВНЯХ, ПОКА НЕ ПОНЕРФИЛИ!', 'representative_video_thumbnail': 'https://i.ytimg.com/vi/YC5vSsTdV-s/hq720.jpg?sqp=-oaymwEcCNAFEJQDSFXyq4qpAw4IARUAAIhCGAFwAcABBg==&rs=AOn4CLD1UCBLPIEBPQYF_EvxaZ074XZodg', 'representative_video_views': 32400, 'vph': 1705.26, 'updated_at': datetime.datetime(2026, 10, 6, 15, 39, 20, 734585, tzinfo=datetime.timezone.utc)})
--- Logging error ---
Traceback (most recent call last):
  File "C:\Users\dayta\AppData\Local\Programs\Python\Python311\Lib\logging\__init__.py", line 1113, in emit
    stream.write(msg + self.terminator)
  File "C:\Users\dayta\AppData\Local\Programs\Python\Python311\Lib\encodings\cp1251.py", line 19, in encode
    return codecs.charmap_encode(input,self.errors,encoding_table)[0]
           ^^^^^^^^^^^^^^^^^^^^^^^^^^^^^^^^^^^^^^^^^^^^^^^^^^^^^^^
UnicodeEncodeError: 'charmap' codec can't encode character '\xee' in position 124: character maps to <undefined>
Call stack:
  File "C:\Projects\Сайт анализ ниш1\scripts\run_discovery_worker.py", line 117, in <module>
    raise SystemExit(main())
  File "C:\Projects\Сайт анализ ниш1\scripts\run_discovery_worker.py", line 99, in main
    run_discovery_worker(
  File "C:\Projects\Сайт анализ ниш1\app\services\discovery_worker_runtime.py", line 118, in run_discovery_worker
    summary = run_discovery_cycle(
  File "C:\Projects\Сайт анализ ниш1\app\services\discovery_cycle.py", line 491, in run_discovery_cycle
    return asyncio.run(
  File "C:\Users\dayta\AppData\Local\Programs\Python\Python311\Lib\asyncio\runners.py", line 190, in run
    return runner.run(main)
  File "C:\Users\dayta\AppData\Local\Programs\Python\Python311\Lib\asyncio\runners.py", line 118, in run
    return self._loop.run_until_complete(task)
  File "C:\Users\dayta\AppData\Local\Programs\Python\Python311\Lib\asyncio\base_events.py", line 640, in run_until_complete
    self.run_forever()
  File "C:\Users\dayta\AppData\Local\Programs\Python\Python311\Lib\asyncio\windows_events.py", line 321, in run_forever
    super().run_forever()
  File "C:\Users\dayta\AppData\Local\Programs\Python\Python311\Lib\asyncio\base_events.py", line 607, in run_forever
    self._run_once()
  File "C:\Users\dayta\AppData\Local\Programs\Python\Python311\Lib\asyncio\base_events.py", line 1922, in _run_once
    handle._run()
  File "C:\Users\dayta\AppData\Local\Programs\Python\Python311\Lib\asyncio\events.py", line 80, in _run
    self._context.run(self._callback, *self._args)
  File "C:\Projects\Сайт анализ ниш1\app\services\discovery_cycle.py", line 322, in run_discovery_cycle_async
    persist_results, kw_duplicates_from_batch = batch_persist_discovered_videos(
  File "C:\Projects\Сайт анализ ниш1\app\services\discovered_video_batch.py", line 63, in batch_persist_discovered_videos
    outcome = persist_discovered_video(
  File "C:\Projects\Сайт анализ ниш1\app\services\discovered_video_persistence.py", line 202, in persist_discovered_video
    _upsert_discovered_channel(
  File "C:\Projects\Сайт анализ ниш1\app\services\discovered_video_persistence.py", line 150, in _upsert_discovered_channel
    session.execute(
  File "C:\Users\dayta\AppData\Local\Programs\Python\Python311\Lib\site-packages\sqlalchemy\orm\session.py", line 2373, in execute
    return self._execute_internal(
  File "C:\Users\dayta\AppData\Local\Programs\Python\Python311\Lib\site-packages\sqlalchemy\orm\session.py", line 2271, in _execute_internal
    result: Result[Any] = compile_state_cls.orm_execute_statement(
  File "C:\Users\dayta\AppData\Local\Programs\Python\Python311\Lib\site-packages\sqlalchemy\orm\bulk_persistence.py", line 1306, in orm_execute_statement
    result = conn.execute(
  File "C:\Users\dayta\AppData\Local\Programs\Python\Python311\Lib\site-packages\sqlalchemy\engine\base.py", line 1421, in execute
    return meth(
  File "C:\Users\dayta\AppData\Local\Programs\Python\Python311\Lib\site-packages\sqlalchemy\sql\elements.py", line 526, in _execute_on_connection
    return connection._execute_clauseelement(
  File "C:\Users\dayta\AppData\Local\Programs\Python\Python311\Lib\site-packages\sqlalchemy\engine\base.py", line 1643, in _execute_clauseelement
    ret = self._execute_context(
  File "C:\Users\dayta\AppData\Local\Programs\Python\Python311\Lib\site-packages\sqlalchemy\engine\base.py", line 1848, in _execute_context
    return self._exec_single_context(
  File "C:\Users\dayta\AppData\Local\Programs\Python\Python311\Lib\site-packages\sqlalchemy\engine\base.py", line 1906, in _exec_single_context
    self._log_info(
  File "C:\Users\dayta\AppData\Local\Programs\Python\Python311\Lib\site-packages\sqlalchemy\engine\base.py", line 188, in _log_info
    self.engine.logger.info(message, *arg, **kw)
  File "C:\Users\dayta\AppData\Local\Programs\Python\Python311\Lib\site-packages\sqlalchemy\log.py", line 159, in info
    self.log(logging.INFO, msg, *args, **kwargs)
  File "C:\Users\dayta\AppData\Local\Programs\Python\Python311\Lib\site-packages\sqlalchemy\log.py", line 210, in log
    self.logger._log(level, msg, args, **kwargs)
Message: '[%s] %r'
Arguments: ('no key 0.00041s', {'id': 'UC7C21_gGoclxu1szKZex6Kw', 'title': 'Primul \xeen Moldova', 'subscribers_count': 0, 'topic': None, 'custom_url': None, 'created_at': datetime.datetime(2026, 10, 6, 15, 40, 27, 834925, tzinfo=datetime.timezone.utc), 'param_1': 'Primul \xeen Moldova', 'param_2': datetime.datetime(2026, 10, 6, 15, 40, 27, 834925, tzinfo=datetime.timezone.utc)})
--- Logging error ---
Traceback (most recent call last):
  File "C:\Users\dayta\AppData\Local\Programs\Python\Python311\Lib\logging\__init__.py", line 1113, in emit
    stream.write(msg + self.terminator)
  File "C:\Users\dayta\AppData\Local\Programs\Python\Python311\Lib\encodings\cp1251.py", line 19, in encode
    return codecs.charmap_encode(input,self.errors,encoding_table)[0]
           ^^^^^^^^^^^^^^^^^^^^^^^^^^^^^^^^^^^^^^^^^^^^^^^^^^^^^^^
UnicodeEncodeError: 'charmap' codec can't encode character '\U0001f34b' in position 138: character maps to <undefined>
Call stack:
  File "C:\Projects\Сайт анализ ниш1\scripts\run_discovery_worker.py", line 117, in <module>
    raise SystemExit(main())
  File "C:\Projects\Сайт анализ ниш1\scripts\run_discovery_worker.py", line 99, in main
    run_discovery_worker(
  File "C:\Projects\Сайт анализ ниш1\app\services\discovery_worker_runtime.py", line 118, in run_discovery_worker
    summary = run_discovery_cycle(
  File "C:\Projects\Сайт анализ ниш1\app\services\discovery_cycle.py", line 491, in run_discovery_cycle
    return asyncio.run(
  File "C:\Users\dayta\AppData\Local\Programs\Python\Python311\Lib\asyncio\runners.py", line 190, in run
    return runner.run(main)
  File "C:\Users\dayta\AppData\Local\Programs\Python\Python311\Lib\asyncio\runners.py", line 118, in run
    return self._loop.run_until_complete(task)
  File "C:\Users\dayta\AppData\Local\Programs\Python\Python311\Lib\asyncio\base_events.py", line 640, in run_until_complete
    self.run_forever()
  File "C:\Users\dayta\AppData\Local\Programs\Python\Python311\Lib\asyncio\windows_events.py", line 321, in run_forever
    super().run_forever()
  File "C:\Users\dayta\AppData\Local\Programs\Python\Python311\Lib\asyncio\base_events.py", line 607, in run_forever
    self._run_once()
  File "C:\Users\dayta\AppData\Local\Programs\Python\Python311\Lib\asyncio\base_events.py", line 1922, in _run_once
    handle._run()
  File "C:\Users\dayta\AppData\Local\Programs\Python\Python311\Lib\asyncio\events.py", line 80, in _run
    self._context.run(self._callback, *self._args)
  File "C:\Projects\Сайт анализ ниш1\app\services\discovery_cycle.py", line 322, in run_discovery_cycle_async
    persist_results, kw_duplicates_from_batch = batch_persist_discovered_videos(
  File "C:\Projects\Сайт анализ ниш1\app\services\discovered_video_batch.py", line 63, in batch_persist_discovered_videos
    outcome = persist_discovered_video(
  File "C:\Projects\Сайт анализ ниш1\app\services\discovered_video_persistence.py", line 202, in persist_discovered_video
    _upsert_discovered_channel(
  File "C:\Projects\Сайт анализ ниш1\app\services\discovered_video_persistence.py", line 150, in _upsert_discovered_channel
    session.execute(
  File "C:\Users\dayta\AppData\Local\Programs\Python\Python311\Lib\site-packages\sqlalchemy\orm\session.py", line 2373, in execute
    return self._execute_internal(
  File "C:\Users\dayta\AppData\Local\Programs\Python\Python311\Lib\site-packages\sqlalchemy\orm\session.py", line 2271, in _execute_internal
    result: Result[Any] = compile_state_cls.orm_execute_statement(
  File "C:\Users\dayta\AppData\Local\Programs\Python\Python311\Lib\site-packages\sqlalchemy\orm\bulk_persistence.py", line 1306, in orm_execute_statement
    result = conn.execute(
  File "C:\Users\dayta\AppData\Local\Programs\Python\Python311\Lib\site-packages\sqlalchemy\engine\base.py", line 1421, in execute
    return meth(
  File "C:\Users\dayta\AppData\Local\Programs\Python\Python311\Lib\site-packages\sqlalchemy\sql\elements.py", line 526, in _execute_on_connection
    return connection._execute_clauseelement(
  File "C:\Users\dayta\AppData\Local\Programs\Python\Python311\Lib\site-packages\sqlalchemy\engine\base.py", line 1643, in _execute_clauseelement
    ret = self._execute_context(
  File "C:\Users\dayta\AppData\Local\Programs\Python\Python311\Lib\site-packages\sqlalchemy\engine\base.py", line 1848, in _execute_context
    return self._exec_single_context(
  File "C:\Users\dayta\AppData\Local\Programs\Python\Python311\Lib\site-packages\sqlalchemy\engine\base.py", line 1906, in _exec_single_context
    self._log_info(
  File "C:\Users\dayta\AppData\Local\Programs\Python\Python311\Lib\site-packages\sqlalchemy\engine\base.py", line 188, in _log_info
    self.engine.logger.info(message, *arg, **kw)
  File "C:\Users\dayta\AppData\Local\Programs\Python\Python311\Lib\site-packages\sqlalchemy\log.py", line 159, in info
    self.log(logging.INFO, msg, *args, **kwargs)
  File "C:\Users\dayta\AppData\Local\Programs\Python\Python311\Lib\site-packages\sqlalchemy\log.py", line 210, in log
    self.logger._log(level, msg, args, **kwargs)
Message: '[%s] %r'
Arguments: ('no key 0.00037s', {'id': 'UCwykbQng-wDakCMSPp9KhEA', 'title': 'КРИПТО ИЛЬЯ | ОБЗОРЫ \U0001f34b', 'subscribers_count': 0, 'topic': None, 'custom_url': None, 'created_at': datetime.datetime(2026, 10, 6, 15, 40, 28, 37783, tzinfo=datetime.timezone.utc), 'param_1': 'КРИПТО ИЛЬЯ | ОБЗОРЫ \U0001f34b', 'param_2': datetime.datetime(2026, 10, 6, 15, 40, 28, 37783, tzinfo=datetime.timezone.utc)})
--- Logging error ---
Traceback (most recent call last):
  File "C:\Users\dayta\AppData\Local\Programs\Python\Python311\Lib\logging\__init__.py", line 1113, in emit
    stream.write(msg + self.terminator)
  File "C:\Users\dayta\AppData\Local\Programs\Python\Python311\Lib\encodings\cp1251.py", line 19, in encode
    return codecs.charmap_encode(input,self.errors,encoding_table)[0]
           ^^^^^^^^^^^^^^^^^^^^^^^^^^^^^^^^^^^^^^^^^^^^^^^^^^^^^^^
UnicodeEncodeError: 'charmap' codec can't encode character '\u0131' in position 140: character maps to <undefined>
Call stack:
  File "C:\Projects\Сайт анализ ниш1\scripts\run_discovery_worker.py", line 117, in <module>
    raise SystemExit(main())
  File "C:\Projects\Сайт анализ ниш1\scripts\run_discovery_worker.py", line 99, in main
    run_discovery_worker(
  File "C:\Projects\Сайт анализ ниш1\app\services\discovery_worker_runtime.py", line 118, in run_discovery_worker
    summary = run_discovery_cycle(
  File "C:\Projects\Сайт анализ ниш1\app\services\discovery_cycle.py", line 491, in run_discovery_cycle
    return asyncio.run(
  File "C:\Users\dayta\AppData\Local\Programs\Python\Python311\Lib\asyncio\runners.py", line 190, in run
    return runner.run(main)
  File "C:\Users\dayta\AppData\Local\Programs\Python\Python311\Lib\asyncio\runners.py", line 118, in run
    return self._loop.run_until_complete(task)
  File "C:\Users\dayta\AppData\Local\Programs\Python\Python311\Lib\asyncio\base_events.py", line 640, in run_until_complete
    self.run_forever()
  File "C:\Users\dayta\AppData\Local\Programs\Python\Python311\Lib\asyncio\windows_events.py", line 321, in run_forever
    super().run_forever()
  File "C:\Users\dayta\AppData\Local\Programs\Python\Python311\Lib\asyncio\base_events.py", line 607, in run_forever
    self._run_once()
  File "C:\Users\dayta\AppData\Local\Programs\Python\Python311\Lib\asyncio\base_events.py", line 1922, in _run_once
    handle._run()
  File "C:\Users\dayta\AppData\Local\Programs\Python\Python311\Lib\asyncio\events.py", line 80, in _run
    self._context.run(self._callback, *self._args)
  File "C:\Projects\Сайт анализ ниш1\app\services\discovery_cycle.py", line 322, in run_discovery_cycle_async
    persist_results, kw_duplicates_from_batch = batch_persist_discovered_videos(
  File "C:\Projects\Сайт анализ ниш1\app\services\discovered_video_batch.py", line 63, in batch_persist_discovered_videos
    outcome = persist_discovered_video(
  File "C:\Projects\Сайт анализ ниш1\app\services\discovered_video_persistence.py", line 202, in persist_discovered_video
    _upsert_discovered_channel(
  File "C:\Projects\Сайт анализ ниш1\app\services\discovered_video_persistence.py", line 150, in _upsert_discovered_channel
    session.execute(
  File "C:\Users\dayta\AppData\Local\Programs\Python\Python311\Lib\site-packages\sqlalchemy\orm\session.py", line 2373, in execute
    return self._execute_internal(
  File "C:\Users\dayta\AppData\Local\Programs\Python\Python311\Lib\site-packages\sqlalchemy\orm\session.py", line 2271, in _execute_internal
    result: Result[Any] = compile_state_cls.orm_execute_statement(
  File "C:\Users\dayta\AppData\Local\Programs\Python\Python311\Lib\site-packages\sqlalchemy\orm\bulk_persistence.py", line 1306, in orm_execute_statement
    result = conn.execute(
  File "C:\Users\dayta\AppData\Local\Programs\Python\Python311\Lib\site-packages\sqlalchemy\engine\base.py", line 1421, in execute
    return meth(
  File "C:\Users\dayta\AppData\Local\Programs\Python\Python311\Lib\site-packages\sqlalchemy\sql\elements.py", line 526, in _execute_on_connection
    return connection._execute_clauseelement(
  File "C:\Users\dayta\AppData\Local\Programs\Python\Python311\Lib\site-packages\sqlalchemy\engine\base.py", line 1643, in _execute_clauseelement
    ret = self._execute_context(
  File "C:\Users\dayta\AppData\Local\Programs\Python\Python311\Lib\site-packages\sqlalchemy\engine\base.py", line 1848, in _execute_context
    return self._exec_single_context(
  File "C:\Users\dayta\AppData\Local\Programs\Python\Python311\Lib\site-packages\sqlalchemy\engine\base.py", line 1906, in _exec_single_context
    self._log_info(
  File "C:\Users\dayta\AppData\Local\Programs\Python\Python311\Lib\site-packages\sqlalchemy\engine\base.py", line 188, in _log_info
    self.engine.logger.info(message, *arg, **kw)
  File "C:\Users\dayta\AppData\Local\Programs\Python\Python311\Lib\site-packages\sqlalchemy\log.py", line 159, in info
    self.log(logging.INFO, msg, *args, **kwargs)
  File "C:\Users\dayta\AppData\Local\Programs\Python\Python311\Lib\site-packages\sqlalchemy\log.py", line 210, in log
    self.logger._log(level, msg, args, **kwargs)
Message: '[%s] %r'
Arguments: ('no key 0.00030s', {'id': 'UCNlIup1xMrCtilpKjvFyBvg', 'title': 'Любовь напрокат | Kiral\u0131k A\u015fk по-русски', 'subscribers_count': 0, 'topic': None, 'custom_url': None, 'created_at': datetime.datetime(2026, 10, 6, 15, 40, 28, 104441, tzinfo=datetime.timezone.utc), 'param_1': 'Любовь напрокат | Kiral\u0131k A\u015fk по-русски', 'param_2': datetime.datetime(2026, 10, 6, 15, 40, 28, 104441, tzinfo=datetime.timezone.utc)})
--- Logging error ---
Traceback (most recent call last):
  File "C:\Users\dayta\AppData\Local\Programs\Python\Python311\Lib\logging\__init__.py", line 1113, in emit
    stream.write(msg + self.terminator)
  File "C:\Users\dayta\AppData\Local\Programs\Python\Python311\Lib\encodings\cp1251.py", line 19, in encode
    return codecs.charmap_encode(input,self.errors,encoding_table)[0]
           ^^^^^^^^^^^^^^^^^^^^^^^^^^^^^^^^^^^^^^^^^^^^^^^^^^^^^^^
UnicodeEncodeError: 'charmap' codec can't encode characters in position 117-133: character maps to <undefined>
Call stack:
  File "C:\Projects\Сайт анализ ниш1\scripts\run_discovery_worker.py", line 117, in <module>
    raise SystemExit(main())
  File "C:\Projects\Сайт анализ ниш1\scripts\run_discovery_worker.py", line 99, in main
    run_discovery_worker(
  File "C:\Projects\Сайт анализ ниш1\app\services\discovery_worker_runtime.py", line 118, in run_discovery_worker
    summary = run_discovery_cycle(
  File "C:\Projects\Сайт анализ ниш1\app\services\discovery_cycle.py", line 491, in run_discovery_cycle
    return asyncio.run(
  File "C:\Users\dayta\AppData\Local\Programs\Python\Python311\Lib\asyncio\runners.py", line 190, in run
    return runner.run(main)
  File "C:\Users\dayta\AppData\Local\Programs\Python\Python311\Lib\asyncio\runners.py", line 118, in run
    return self._loop.run_until_complete(task)
  File "C:\Users\dayta\AppData\Local\Programs\Python\Python311\Lib\asyncio\base_events.py", line 640, in run_until_complete
    self.run_forever()
  File "C:\Users\dayta\AppData\Local\Programs\Python\Python311\Lib\asyncio\windows_events.py", line 321, in run_forever
    super().run_forever()
  File "C:\Users\dayta\AppData\Local\Programs\Python\Python311\Lib\asyncio\base_events.py", line 607, in run_forever
    self._run_once()
  File "C:\Users\dayta\AppData\Local\Programs\Python\Python311\Lib\asyncio\base_events.py", line 1922, in _run_once
    handle._run()
  File "C:\Users\dayta\AppData\Local\Programs\Python\Python311\Lib\asyncio\events.py", line 80, in _run
    self._context.run(self._callback, *self._args)
  File "C:\Projects\Сайт анализ ниш1\app\services\discovery_cycle.py", line 322, in run_discovery_cycle_async
    persist_results, kw_duplicates_from_batch = batch_persist_discovered_videos(
  File "C:\Projects\Сайт анализ ниш1\app\services\discovered_video_batch.py", line 63, in batch_persist_discovered_videos
    outcome = persist_discovered_video(
  File "C:\Projects\Сайт анализ ниш1\app\services\discovered_video_persistence.py", line 202, in persist_discovered_video
    _upsert_discovered_channel(
  File "C:\Projects\Сайт анализ ниш1\app\services\discovered_video_persistence.py", line 150, in _upsert_discovered_channel
    session.execute(
  File "C:\Users\dayta\AppData\Local\Programs\Python\Python311\Lib\site-packages\sqlalchemy\orm\session.py", line 2373, in execute
    return self._execute_internal(
  File "C:\Users\dayta\AppData\Local\Programs\Python\Python311\Lib\site-packages\sqlalchemy\orm\session.py", line 2271, in _execute_internal
    result: Result[Any] = compile_state_cls.orm_execute_statement(
  File "C:\Users\dayta\AppData\Local\Programs\Python\Python311\Lib\site-packages\sqlalchemy\orm\bulk_persistence.py", line 1306, in orm_execute_statement
    result = conn.execute(
  File "C:\Users\dayta\AppData\Local\Programs\Python\Python311\Lib\site-packages\sqlalchemy\engine\base.py", line 1421, in execute
    return meth(
  File "C:\Users\dayta\AppData\Local\Programs\Python\Python311\Lib\site-packages\sqlalchemy\sql\elements.py", line 526, in _execute_on_connection
    return connection._execute_clauseelement(
  File "C:\Users\dayta\AppData\Local\Programs\Python\Python311\Lib\site-packages\sqlalchemy\engine\base.py", line 1643, in _execute_clauseelement
    ret = self._execute_context(
  File "C:\Users\dayta\AppData\Local\Programs\Python\Python311\Lib\site-packages\sqlalchemy\engine\base.py", line 1848, in _execute_context
    return self._exec_single_context(
  File "C:\Users\dayta\AppData\Local\Programs\Python\Python311\Lib\site-packages\sqlalchemy\engine\base.py", line 1906, in _exec_single_context
    self._log_info(
  File "C:\Users\dayta\AppData\Local\Programs\Python\Python311\Lib\site-packages\sqlalchemy\engine\base.py", line 188, in _log_info
    self.engine.logger.info(message, *arg, **kw)
  File "C:\Users\dayta\AppData\Local\Programs\Python\Python311\Lib\site-packages\sqlalchemy\log.py", line 159, in info
    self.log(logging.INFO, msg, *args, **kwargs)
  File "C:\Users\dayta\AppData\Local\Programs\Python\Python311\Lib\site-packages\sqlalchemy\log.py", line 210, in log
    self.logger._log(level, msg, args, **kwargs)
Message: '[%s] %r'
Arguments: ('no key 0.00035s', {'id': 'UC5jOK5SSOqN_DKwkRbN3q3g', 'title': '\U0001d4ae\U0001d45c\U0001d4ca\U0001d4c1\U0001d4aa\U0001d4bb\U0001d4ae\U0001d4be\U0001d4c1\U0001d452\U0001d4c3\U0001d4c9\U0001d4a9\U0001d4be\U0001d454\U0001d4bd\U0001d4c9', 'subscribers_count': 0, 'topic': None, 'custom_url': None, 'created_at': datetime.datetime(2026, 10, 6, 15, 40, 28, 372114, tzinfo=datetime.timezone.utc), 'param_1': '\U0001d4ae\U0001d45c\U0001d4ca\U0001d4c1\U0001d4aa\U0001d4bb\U0001d4ae\U0001d4be\U0001d4c1\U0001d452\U0001d4c3\U0001d4c9\U0001d4a9\U0001d4be\U0001d454\U0001d4bd\U0001d4c9', 'param_2': datetime.datetime(2026, 10, 6, 15, 40, 28, 372114, tzinfo=datetime.timezone.utc)})
--- Logging error ---
Traceback (most recent call last):
  File "C:\Users\dayta\AppData\Local\Programs\Python\Python311\Lib\logging\__init__.py", line 1113, in emit
    stream.write(msg + self.terminator)
  File "C:\Users\dayta\AppData\Local\Programs\Python\Python311\Lib\encodings\cp1251.py", line 19, in encode
    return codecs.charmap_encode(input,self.errors,encoding_table)[0]
           ^^^^^^^^^^^^^^^^^^^^^^^^^^^^^^^^^^^^^^^^^^^^^^^^^^^^^^^
UnicodeEncodeError: 'charmap' codec can't encode character '\U0001f431' in position 2374: character maps to <undefined>
Call stack:
  File "C:\Projects\Сайт анализ ниш1\scripts\run_discovery_worker.py", line 117, in <module>
    raise SystemExit(main())
  File "C:\Projects\Сайт анализ ниш1\scripts\run_discovery_worker.py", line 99, in main
    run_discovery_worker(
  File "C:\Projects\Сайт анализ ниш1\app\services\discovery_worker_runtime.py", line 118, in run_discovery_worker
    summary = run_discovery_cycle(
  File "C:\Projects\Сайт анализ ниш1\app\services\discovery_cycle.py", line 491, in run_discovery_cycle
    return asyncio.run(
  File "C:\Users\dayta\AppData\Local\Programs\Python\Python311\Lib\asyncio\runners.py", line 190, in run
    return runner.run(main)
  File "C:\Users\dayta\AppData\Local\Programs\Python\Python311\Lib\asyncio\runners.py", line 118, in run
    return self._loop.run_until_complete(task)
  File "C:\Users\dayta\AppData\Local\Programs\Python\Python311\Lib\asyncio\base_events.py", line 640, in run_until_complete
    self.run_forever()
  File "C:\Users\dayta\AppData\Local\Programs\Python\Python311\Lib\asyncio\windows_events.py", line 321, in run_forever
    super().run_forever()
  File "C:\Users\dayta\AppData\Local\Programs\Python\Python311\Lib\asyncio\base_events.py", line 607, in run_forever
    self._run_once()
  File "C:\Users\dayta\AppData\Local\Programs\Python\Python311\Lib\asyncio\base_events.py", line 1922, in _run_once
    handle._run()
  File "C:\Users\dayta\AppData\Local\Programs\Python\Python311\Lib\asyncio\events.py", line 80, in _run
    self._context.run(self._callback, *self._args)
  File "C:\Projects\Сайт анализ ниш1\app\services\discovery_cycle.py", line 348, in run_discovery_cycle_async
    mark_hits_persisted_for_monitoring(
  File "C:\Projects\Сайт анализ ниш1\app\services\keyword_discovery_metrics_storage.py", line 154, in mark_hits_persisted_for_monitoring
    session.flush()
  File "C:\Users\dayta\AppData\Local\Programs\Python\Python311\Lib\site-packages\sqlalchemy\orm\session.py", line 4353, in flush
    self._flush(objects)
  File "C:\Users\dayta\AppData\Local\Programs\Python\Python311\Lib\site-packages\sqlalchemy\orm\session.py", line 4449, in _flush
    flush_context.execute()
  File "C:\Users\dayta\AppData\Local\Programs\Python\Python311\Lib\site-packages\sqlalchemy\orm\unitofwork.py", line 465, in execute
    rec.execute(self)
  File "C:\Users\dayta\AppData\Local\Programs\Python\Python311\Lib\site-packages\sqlalchemy\orm\unitofwork.py", line 641, in execute
    util.preloaded.orm_persistence.save_obj(
  File "C:\Users\dayta\AppData\Local\Programs\Python\Python311\Lib\site-packages\sqlalchemy\orm\persistence.py", line 94, in save_obj
    _emit_insert_statements(
  File "C:\Users\dayta\AppData\Local\Programs\Python\Python311\Lib\site-packages\sqlalchemy\orm\persistence.py", line 1144, in _emit_insert_statements
    result = connection.execute(
  File "C:\Users\dayta\AppData\Local\Programs\Python\Python311\Lib\site-packages\sqlalchemy\engine\base.py", line 1421, in execute
    return meth(
  File "C:\Users\dayta\AppData\Local\Programs\Python\Python311\Lib\site-packages\sqlalchemy\sql\elements.py", line 526, in _execute_on_connection
    return connection._execute_clauseelement(
  File "C:\Users\dayta\AppData\Local\Programs\Python\Python311\Lib\site-packages\sqlalchemy\engine\base.py", line 1643, in _execute_clauseelement
    ret = self._execute_context(
  File "C:\Users\dayta\AppData\Local\Programs\Python\Python311\Lib\site-packages\sqlalchemy\engine\base.py", line 1846, in _execute_context
    return self._exec_insertmany_context(dialect, context)
  File "C:\Users\dayta\AppData\Local\Programs\Python\Python311\Lib\site-packages\sqlalchemy\engine\base.py", line 2101, in _exec_insertmany_context
    self._log_info(
  File "C:\Users\dayta\AppData\Local\Programs\Python\Python311\Lib\site-packages\sqlalchemy\engine\base.py", line 188, in _log_info
    self.engine.logger.info(message, *arg, **kw)
  File "C:\Users\dayta\AppData\Local\Programs\Python\Python311\Lib\site-packages\sqlalchemy\log.py", line 159, in info
    self.log(logging.INFO, msg, *args, **kwargs)
  File "C:\Users\dayta\AppData\Local\Programs\Python\Python311\Lib\site-packages\sqlalchemy\log.py", line 210, in log
    self.logger._log(level, msg, args, **kwargs)
Message: '[%s] %r'
Arguments: ('cached since 317.1s ago (insertmanyvalues) 1/1 (ordered)', {'duration_seconds__0': 1376, 'id__0': 'gNJnmuXMIwM', 'content_format__0': 'MEDIUM', 'topic__0': 'что если', 'title__0': 'ЧТО ЕСЛИ СОН ДЖИН-У ПЕРЕРОДИЛСЯ В МИР НАРУТО С АРМИЕЙ ТЕНЕЙ? Монарх против шиноби', 'published_at__0': datetime.datetime(2026, 10, 6, 14, 40, 27, 709862, tzinfo=datetime.timezone.utc), 'tags__0': '[]', 'views_count__0': 88, 'likes_count__0': 0, 'channel_id__0': 'UCKB1UBd9lQXTXnT0u_k4zDQ', 'published_at_source__0': 'innertube_relative', 'comments_count__0': 0, 'duration_seconds__1': 684, 'id__1': '172Q0n41TPs', 'content_format__1': 'MEDIUM', 'topic__1': 'что если', 'title__1': 'А ЧТО, ЕСЛИ МИСТИК ЗАМАСКИРУЕТСЯ в 99 НОЧЕЙ В ЛЕСУ! | А ЧТО ЕСЛИ в Fortnite!?', 'published_at__1': datetime.datetime(2026, 10, 6, 13, 40, 27, 713622, tzinfo=datetime.timezone.utc), 'tags__1': '[]', 'views_count__1': 555, 'likes_count__1': 0, 'channel_id__1': 'UCGRir7YJzjLVea1Hmc1g11Q', 'published_at_source__1': 'innertube_relative', 'comments_count__1': 0, 'duration_seconds__2': 3623, 'id__2': 'SzKFXxbVnLw', 'content_format__2': 'MEDIUM', 'topic__2': 'что если', 'title__2': 'Супервулкан в США просыпается: 72 часа до невиданной угрозы Земле', 'published_at__2': datetime.datetime(2026, 10, 5, 15, 40, 27, 722819, tzinfo=datetime.timezone.utc), 'tags__2': '[]', 'views_count__2': 16175, 'likes_count__2': 0, 'channel_id__2': 'UCuVpbMt4yu4I9eAey3khnGg', 'published_at_source__2': 'innertube_relative', 'comments_count__2': 0, 'duration_seconds__3': 2971, 'id__3': 'Vf5OCmKAVCQ', 'content_format__3': 'MEDIUM', 'topic__3': 'что если', 'title__3': 'ЕСЛИ УВИДИТЕ BABY SEA HAND MONSTER И WE SWAM TOO FAR В РЕКЕ В 3:00 НОЧИ БЕГИТЕ!!!', 'published_at__3': datetime.datetime(2026, 10, 6, 12, 40, 27, 727574, tzinfo=datetime.timezone.utc), 'tags__3': '[]', 'views_count__3': 10725, 'likes_count__3': 0, 'channel_id__3': 'UCyRL2XpIBkM0epHiWP34K2A', 'published_at_source__3': 'innertube_relative', 'comments_count__3': 0, 'duration_seconds__4': 1562, 'id__4': '5YfekvZVjDg' ... 2084 parameters truncated ... 'published_at_source__177': 'innertube_relative', 'comments_count__177': 0, 'duration_seconds__178': 26, 'id__178': 'OiuvCdxmaEM', 'content_format__178': 'MEDIUM', 'topic__178': 'что если', 'title__178': 'Что, если бы зомби-апокалипсис случился у котиков? \U0001f431', 'published_at__178': datetime.datetime(2026, 10, 5, 16, 40, 28, 421110, tzinfo=datetime.timezone.utc), 'tags__178': '[]', 'views_count__178': 3, 'likes_count__178': 0, 'channel_id__178': 'UCksFDberiLGqfS8-dzjkFRA', 'published_at_source__178': 'innertube_relative', 'comments_count__178': 0, 'duration_seconds__179': 1055, 'id__179': 'IQHgN6BfTsM', 'content_format__179': 'MEDIUM', 'topic__179': 'что если', 'title__179': '99% Мужчин Не Знают, Как Найти Путь к Сердцу Зрелой Женщины | Женская Психология', 'published_at__179': datetime.datetime(2026, 10, 5, 15, 40, 28, 424111, tzinfo=datetime.timezone.utc), 'tags__179': '[]', 'views_count__179': 3165, 'likes_count__179': 0, 'channel_id__179': 'UCUk9JeXOJBsRsqOndEco6wA', 'published_at_source__179': 'innertube_relative', 'comments_count__179': 0, 'duration_seconds__180': 767, 'id__180': 'yLTeJxCCNDA', 'content_format__180': 'MEDIUM', 'topic__180': 'что если', 'title__180': 'Кловис Труй: его картины сводили мораль с ума — почему Дали и Бретон его признали?', 'published_at__180': datetime.datetime(2026, 10, 6, 1, 40, 28, 426111, tzinfo=datetime.timezone.utc), 'tags__180': '[]', 'views_count__180': 7878, 'likes_count__180': 0, 'channel_id__180': 'UCmNI__J1Vf6OmLYUs6LnD2A', 'published_at_source__180': 'innertube_relative', 'comments_count__180': 0, 'duration_seconds__181': 1272, 'id__181': 'zvfI14WCsNg', 'content_format__181': 'MEDIUM', 'topic__181': 'что если', 'title__181': 'Что делать если женщины тебя любят ЗА ЧТО- ТО, а ни такого какой ты есть', 'published_at__181': datetime.datetime(2026, 10, 6, 11, 40, 28, 428111, tzinfo=datetime.timezone.utc), 'tags__181': '[]', 'views_count__181': 1, 'likes_count__181': 0, 'channel_id__181': 'UC4DWeq85I_NE9YU4MLH70Rw', 'published_at_source__181': 'innertube_relative', 'comments_count__181': 0})
--- Logging error ---
Traceback (most recent call last):
  File "C:\Users\dayta\AppData\Local\Programs\Python\Python311\Lib\logging\__init__.py", line 1113, in emit
    stream.write(msg + self.terminator)
  File "C:\Users\dayta\AppData\Local\Programs\Python\Python311\Lib\encodings\cp1251.py", line 19, in encode
    return codecs.charmap_encode(input,self.errors,encoding_table)[0]
           ^^^^^^^^^^^^^^^^^^^^^^^^^^^^^^^^^^^^^^^^^^^^^^^^^^^^^^^
UnicodeEncodeError: 'charmap' codec can't encode characters in position 123-124: character maps to <undefined>
Call stack:
  File "C:\Projects\Сайт анализ ниш1\scripts\run_discovery_worker.py", line 117, in <module>
    raise SystemExit(main())
  File "C:\Projects\Сайт анализ ниш1\scripts\run_discovery_worker.py", line 99, in main
    run_discovery_worker(
  File "C:\Projects\Сайт анализ ниш1\app\services\discovery_worker_runtime.py", line 118, in run_discovery_worker
    summary = run_discovery_cycle(
  File "C:\Projects\Сайт анализ ниш1\app\services\discovery_cycle.py", line 491, in run_discovery_cycle
    return asyncio.run(
  File "C:\Users\dayta\AppData\Local\Programs\Python\Python311\Lib\asyncio\runners.py", line 190, in run
    return runner.run(main)
  File "C:\Users\dayta\AppData\Local\Programs\Python\Python311\Lib\asyncio\runners.py", line 118, in run
    return self._loop.run_until_complete(task)
  File "C:\Users\dayta\AppData\Local\Programs\Python\Python311\Lib\asyncio\base_events.py", line 640, in run_until_complete
    self.run_forever()
  File "C:\Users\dayta\AppData\Local\Programs\Python\Python311\Lib\asyncio\windows_events.py", line 321, in run_forever
    super().run_forever()
  File "C:\Users\dayta\AppData\Local\Programs\Python\Python311\Lib\asyncio\base_events.py", line 607, in run_forever
    self._run_once()
  File "C:\Users\dayta\AppData\Local\Programs\Python\Python311\Lib\asyncio\base_events.py", line 1922, in _run_once
    handle._run()
  File "C:\Users\dayta\AppData\Local\Programs\Python\Python311\Lib\asyncio\events.py", line 80, in _run
    self._context.run(self._callback, *self._args)
  File "C:\Projects\Сайт анализ ниш1\app\services\discovery_cycle.py", line 322, in run_discovery_cycle_async
    persist_results, kw_duplicates_from_batch = batch_persist_discovered_videos(
  File "C:\Projects\Сайт анализ ниш1\app\services\discovered_video_batch.py", line 63, in batch_persist_discovered_videos
    outcome = persist_discovered_video(
  File "C:\Projects\Сайт анализ ниш1\app\services\discovered_video_persistence.py", line 202, in persist_discovered_video
    _upsert_discovered_channel(
  File "C:\Projects\Сайт анализ ниш1\app\services\discovered_video_persistence.py", line 150, in _upsert_discovered_channel
    session.execute(
  File "C:\Users\dayta\AppData\Local\Programs\Python\Python311\Lib\site-packages\sqlalchemy\orm\session.py", line 2373, in execute
    return self._execute_internal(
  File "C:\Users\dayta\AppData\Local\Programs\Python\Python311\Lib\site-packages\sqlalchemy\orm\session.py", line 2271, in _execute_internal
    result: Result[Any] = compile_state_cls.orm_execute_statement(
  File "C:\Users\dayta\AppData\Local\Programs\Python\Python311\Lib\site-packages\sqlalchemy\orm\bulk_persistence.py", line 1306, in orm_execute_statement
    result = conn.execute(
  File "C:\Users\dayta\AppData\Local\Programs\Python\Python311\Lib\site-packages\sqlalchemy\engine\base.py", line 1421, in execute
    return meth(
  File "C:\Users\dayta\AppData\Local\Programs\Python\Python311\Lib\site-packages\sqlalchemy\sql\elements.py", line 526, in _execute_on_connection
    return connection._execute_clauseelement(
  File "C:\Users\dayta\AppData\Local\Programs\Python\Python311\Lib\site-packages\sqlalchemy\engine\base.py", line 1643, in _execute_clauseelement
    ret = self._execute_context(
  File "C:\Users\dayta\AppData\Local\Programs\Python\Python311\Lib\site-packages\sqlalchemy\engine\base.py", line 1848, in _execute_context
    return self._exec_single_context(
  File "C:\Users\dayta\AppData\Local\Programs\Python\Python311\Lib\site-packages\sqlalchemy\engine\base.py", line 1906, in _exec_single_context
    self._log_info(
  File "C:\Users\dayta\AppData\Local\Programs\Python\Python311\Lib\site-packages\sqlalchemy\engine\base.py", line 188, in _log_info
    self.engine.logger.info(message, *arg, **kw)
  File "C:\Users\dayta\AppData\Local\Programs\Python\Python311\Lib\site-packages\sqlalchemy\log.py", line 159, in info
    self.log(logging.INFO, msg, *args, **kwargs)
  File "C:\Users\dayta\AppData\Local\Programs\Python\Python311\Lib\site-packages\sqlalchemy\log.py", line 210, in log
    self.logger._log(level, msg, args, **kwargs)
Message: '[%s] %r'
Arguments: ('no key 0.00058s', {'id': 'UCTfxJgsfQM-TVr5uADmc00Q', 'title': '02memo\u65e5\u8a18', 'subscribers_count': 0, 'topic': None, 'custom_url': None, 'created_at': datetime.datetime(2026, 10, 6, 15, 41, 41, 910438, tzinfo=datetime.timezone.utc), 'param_1': '02memo\u65e5\u8a18', 'param_2': datetime.datetime(2026, 10, 6, 15, 41, 41, 910438, tzinfo=datetime.timezone.utc)})
--- Logging error ---
Traceback (most recent call last):
  File "C:\Users\dayta\AppData\Local\Programs\Python\Python311\Lib\logging\__init__.py", line 1113, in emit
    stream.write(msg + self.terminator)
  File "C:\Users\dayta\AppData\Local\Programs\Python\Python311\Lib\encodings\cp1251.py", line 19, in encode
    return codecs.charmap_encode(input,self.errors,encoding_table)[0]
           ^^^^^^^^^^^^^^^^^^^^^^^^^^^^^^^^^^^^^^^^^^^^^^^^^^^^^^^
UnicodeEncodeError: 'charmap' codec can't encode character '\u1ecb' in position 119: character maps to <undefined>
Call stack:
  File "C:\Projects\Сайт анализ ниш1\scripts\run_discovery_worker.py", line 117, in <module>
    raise SystemExit(main())
  File "C:\Projects\Сайт анализ ниш1\scripts\run_discovery_worker.py", line 99, in main
    run_discovery_worker(
  File "C:\Projects\Сайт анализ ниш1\app\services\discovery_worker_runtime.py", line 118, in run_discovery_worker
    summary = run_discovery_cycle(
  File "C:\Projects\Сайт анализ ниш1\app\services\discovery_cycle.py", line 491, in run_discovery_cycle
    return asyncio.run(
  File "C:\Users\dayta\AppData\Local\Programs\Python\Python311\Lib\asyncio\runners.py", line 190, in run
    return runner.run(main)
  File "C:\Users\dayta\AppData\Local\Programs\Python\Python311\Lib\asyncio\runners.py", line 118, in run
    return self._loop.run_until_complete(task)
  File "C:\Users\dayta\AppData\Local\Programs\Python\Python311\Lib\asyncio\base_events.py", line 640, in run_until_complete
    self.run_forever()
  File "C:\Users\dayta\AppData\Local\Programs\Python\Python311\Lib\asyncio\windows_events.py", line 321, in run_forever
    super().run_forever()
  File "C:\Users\dayta\AppData\Local\Programs\Python\Python311\Lib\asyncio\base_events.py", line 607, in run_forever
    self._run_once()
  File "C:\Users\dayta\AppData\Local\Programs\Python\Python311\Lib\asyncio\base_events.py", line 1922, in _run_once
    handle._run()
  File "C:\Users\dayta\AppData\Local\Programs\Python\Python311\Lib\asyncio\events.py", line 80, in _run
    self._context.run(self._callback, *self._args)
  File "C:\Projects\Сайт анализ ниш1\app\services\discovery_cycle.py", line 322, in run_discovery_cycle_async
    persist_results, kw_duplicates_from_batch = batch_persist_discovered_videos(
  File "C:\Projects\Сайт анализ ниш1\app\services\discovered_video_batch.py", line 63, in batch_persist_discovered_videos
    outcome = persist_discovered_video(
  File "C:\Projects\Сайт анализ ниш1\app\services\discovered_video_persistence.py", line 202, in persist_discovered_video
    _upsert_discovered_channel(
  File "C:\Projects\Сайт анализ ниш1\app\services\discovered_video_persistence.py", line 150, in _upsert_discovered_channel
    session.execute(
  File "C:\Users\dayta\AppData\Local\Programs\Python\Python311\Lib\site-packages\sqlalchemy\orm\session.py", line 2373, in execute
    return self._execute_internal(
  File "C:\Users\dayta\AppData\Local\Programs\Python\Python311\Lib\site-packages\sqlalchemy\orm\session.py", line 2271, in _execute_internal
    result: Result[Any] = compile_state_cls.orm_execute_statement(
  File "C:\Users\dayta\AppData\Local\Programs\Python\Python311\Lib\site-packages\sqlalchemy\orm\bulk_persistence.py", line 1306, in orm_execute_statement
    result = conn.execute(
  File "C:\Users\dayta\AppData\Local\Programs\Python\Python311\Lib\site-packages\sqlalchemy\engine\base.py", line 1421, in execute
    return meth(
  File "C:\Users\dayta\AppData\Local\Programs\Python\Python311\Lib\site-packages\sqlalchemy\sql\elements.py", line 526, in _execute_on_connection
    return connection._execute_clauseelement(
  File "C:\Users\dayta\AppData\Local\Programs\Python\Python311\Lib\site-packages\sqlalchemy\engine\base.py", line 1643, in _execute_clauseelement
    ret = self._execute_context(
  File "C:\Users\dayta\AppData\Local\Programs\Python\Python311\Lib\site-packages\sqlalchemy\engine\base.py", line 1848, in _execute_context
    return self._exec_single_context(
  File "C:\Users\dayta\AppData\Local\Programs\Python\Python311\Lib\site-packages\sqlalchemy\engine\base.py", line 1906, in _exec_single_context
    self._log_info(
  File "C:\Users\dayta\AppData\Local\Programs\Python\Python311\Lib\site-packages\sqlalchemy\engine\base.py", line 188, in _log_info
    self.engine.logger.info(message, *arg, **kw)
  File "C:\Users\dayta\AppData\Local\Programs\Python\Python311\Lib\site-packages\sqlalchemy\log.py", line 159, in info
    self.log(logging.INFO, msg, *args, **kwargs)
  File "C:\Users\dayta\AppData\Local\Programs\Python\Python311\Lib\site-packages\sqlalchemy\log.py", line 210, in log
    self.logger._log(level, msg, args, **kwargs)
Message: '[%s] %r'
Arguments: ('no key 0.00039s', {'id': 'UCKMi93SUsMksMot2w7ODtQQ', 'title': 'Th\u1ecb Ho\xe0n Rebuild', 'subscribers_count': 0, 'topic': None, 'custom_url': None, 'created_at': datetime.datetime(2026, 10, 6, 15, 41, 41, 975313, tzinfo=datetime.timezone.utc), 'param_1': 'Th\u1ecb Ho\xe0n Rebuild', 'param_2': datetime.datetime(2026, 10, 6, 15, 41, 41, 975313, tzinfo=datetime.timezone.utc)})
--- Logging error ---
Traceback (most recent call last):
  File "C:\Users\dayta\AppData\Local\Programs\Python\Python311\Lib\logging\__init__.py", line 1113, in emit
    stream.write(msg + self.terminator)
  File "C:\Users\dayta\AppData\Local\Programs\Python\Python311\Lib\encodings\cp1251.py", line 19, in encode
    return codecs.charmap_encode(input,self.errors,encoding_table)[0]
           ^^^^^^^^^^^^^^^^^^^^^^^^^^^^^^^^^^^^^^^^^^^^^^^^^^^^^^^
UnicodeEncodeError: 'charmap' codec can't encode character '\u1ec7' in position 120: character maps to <undefined>
Call stack:
  File "C:\Projects\Сайт анализ ниш1\scripts\run_discovery_worker.py", line 117, in <module>
    raise SystemExit(main())
  File "C:\Projects\Сайт анализ ниш1\scripts\run_discovery_worker.py", line 99, in main
    run_discovery_worker(
  File "C:\Projects\Сайт анализ ниш1\app\services\discovery_worker_runtime.py", line 118, in run_discovery_worker
    summary = run_discovery_cycle(
  File "C:\Projects\Сайт анализ ниш1\app\services\discovery_cycle.py", line 491, in run_discovery_cycle
    return asyncio.run(
  File "C:\Users\dayta\AppData\Local\Programs\Python\Python311\Lib\asyncio\runners.py", line 190, in run
    return runner.run(main)
  File "C:\Users\dayta\AppData\Local\Programs\Python\Python311\Lib\asyncio\runners.py", line 118, in run
    return self._loop.run_until_complete(task)
  File "C:\Users\dayta\AppData\Local\Programs\Python\Python311\Lib\asyncio\base_events.py", line 640, in run_until_complete
    self.run_forever()
  File "C:\Users\dayta\AppData\Local\Programs\Python\Python311\Lib\asyncio\windows_events.py", line 321, in run_forever
    super().run_forever()
  File "C:\Users\dayta\AppData\Local\Programs\Python\Python311\Lib\asyncio\base_events.py", line 607, in run_forever
    self._run_once()
  File "C:\Users\dayta\AppData\Local\Programs\Python\Python311\Lib\asyncio\base_events.py", line 1922, in _run_once
    handle._run()
  File "C:\Users\dayta\AppData\Local\Programs\Python\Python311\Lib\asyncio\events.py", line 80, in _run
    self._context.run(self._callback, *self._args)
  File "C:\Projects\Сайт анализ ниш1\app\services\discovery_cycle.py", line 322, in run_discovery_cycle_async
    persist_results, kw_duplicates_from_batch = batch_persist_discovered_videos(
  File "C:\Projects\Сайт анализ ниш1\app\services\discovered_video_batch.py", line 63, in batch_persist_discovered_videos
    outcome = persist_discovered_video(
  File "C:\Projects\Сайт анализ ниш1\app\services\discovered_video_persistence.py", line 202, in persist_discovered_video
    _upsert_discovered_channel(
  File "C:\Projects\Сайт анализ ниш1\app\services\discovered_video_persistence.py", line 150, in _upsert_discovered_channel
    session.execute(
  File "C:\Users\dayta\AppData\Local\Programs\Python\Python311\Lib\site-packages\sqlalchemy\orm\session.py", line 2373, in execute
    return self._execute_internal(
  File "C:\Users\dayta\AppData\Local\Programs\Python\Python311\Lib\site-packages\sqlalchemy\orm\session.py", line 2271, in _execute_internal
    result: Result[Any] = compile_state_cls.orm_execute_statement(
  File "C:\Users\dayta\AppData\Local\Programs\Python\Python311\Lib\site-packages\sqlalchemy\orm\bulk_persistence.py", line 1306, in orm_execute_statement
    result = conn.execute(
  File "C:\Users\dayta\AppData\Local\Programs\Python\Python311\Lib\site-packages\sqlalchemy\engine\base.py", line 1421, in execute
    return meth(
  File "C:\Users\dayta\AppData\Local\Programs\Python\Python311\Lib\site-packages\sqlalchemy\sql\elements.py", line 526, in _execute_on_connection
    return connection._execute_clauseelement(
  File "C:\Users\dayta\AppData\Local\Programs\Python\Python311\Lib\site-packages\sqlalchemy\engine\base.py", line 1643, in _execute_clauseelement
    ret = self._execute_context(
  File "C:\Users\dayta\AppData\Local\Programs\Python\Python311\Lib\site-packages\sqlalchemy\engine\base.py", line 1848, in _execute_context
    return self._exec_single_context(
  File "C:\Users\dayta\AppData\Local\Programs\Python\Python311\Lib\site-packages\sqlalchemy\engine\base.py", line 1906, in _exec_single_context
    self._log_info(
  File "C:\Users\dayta\AppData\Local\Programs\Python\Python311\Lib\site-packages\sqlalchemy\engine\base.py", line 188, in _log_info
    self.engine.logger.info(message, *arg, **kw)
  File "C:\Users\dayta\AppData\Local\Programs\Python\Python311\Lib\site-packages\sqlalchemy\log.py", line 159, in info
    self.log(logging.INFO, msg, *args, **kwargs)
  File "C:\Users\dayta\AppData\Local\Programs\Python\Python311\Lib\site-packages\sqlalchemy\log.py", line 210, in log
    self.logger._log(level, msg, args, **kwargs)
Message: '[%s] %r'
Arguments: ('no key 0.00037s', {'id': 'UCmhnOEenDu_53jS9MTDpY2w', 'title': 'Tri\u1ec7u Th\u1ecb Ho\xe0n', 'subscribers_count': 0, 'topic': None, 'custom_url': None, 'created_at': datetime.datetime(2026, 10, 6, 15, 41, 41, 990128, tzinfo=datetime.timezone.utc), 'param_1': 'Tri\u1ec7u Th\u1ecb Ho\xe0n', 'param_2': datetime.datetime(2026, 10, 6, 15, 41, 41, 990128, tzinfo=datetime.timezone.utc)})
--- Logging error ---
Traceback (most recent call last):
  File "C:\Users\dayta\AppData\Local\Programs\Python\Python311\Lib\logging\__init__.py", line 1113, in emit
    stream.write(msg + self.terminator)
  File "C:\Users\dayta\AppData\Local\Programs\Python\Python311\Lib\encodings\cp1251.py", line 19, in encode
    return codecs.charmap_encode(input,self.errors,encoding_table)[0]
           ^^^^^^^^^^^^^^^^^^^^^^^^^^^^^^^^^^^^^^^^^^^^^^^^^^^^^^^
UnicodeEncodeError: 'charmap' codec can't encode characters in position 117-122: character maps to <undefined>
Call stack:
  File "C:\Projects\Сайт анализ ниш1\scripts\run_discovery_worker.py", line 117, in <module>
    raise SystemExit(main())
  File "C:\Projects\Сайт анализ ниш1\scripts\run_discovery_worker.py", line 99, in main
    run_discovery_worker(
  File "C:\Projects\Сайт анализ ниш1\app\services\discovery_worker_runtime.py", line 118, in run_discovery_worker
    summary = run_discovery_cycle(
  File "C:\Projects\Сайт анализ ниш1\app\services\discovery_cycle.py", line 491, in run_discovery_cycle
    return asyncio.run(
  File "C:\Users\dayta\AppData\Local\Programs\Python\Python311\Lib\asyncio\runners.py", line 190, in run
    return runner.run(main)
  File "C:\Users\dayta\AppData\Local\Programs\Python\Python311\Lib\asyncio\runners.py", line 118, in run
    return self._loop.run_until_complete(task)
  File "C:\Users\dayta\AppData\Local\Programs\Python\Python311\Lib\asyncio\base_events.py", line 640, in run_until_complete
    self.run_forever()
  File "C:\Users\dayta\AppData\Local\Programs\Python\Python311\Lib\asyncio\windows_events.py", line 321, in run_forever
    super().run_forever()
  File "C:\Users\dayta\AppData\Local\Programs\Python\Python311\Lib\asyncio\base_events.py", line 607, in run_forever
    self._run_once()
  File "C:\Users\dayta\AppData\Local\Programs\Python\Python311\Lib\asyncio\base_events.py", line 1922, in _run_once
    handle._run()
  File "C:\Users\dayta\AppData\Local\Programs\Python\Python311\Lib\asyncio\events.py", line 80, in _run
    self._context.run(self._callback, *self._args)
  File "C:\Projects\Сайт анализ ниш1\app\services\discovery_cycle.py", line 322, in run_discovery_cycle_async
    persist_results, kw_duplicates_from_batch = batch_persist_discovered_videos(
  File "C:\Projects\Сайт анализ ниш1\app\services\discovered_video_batch.py", line 63, in batch_persist_discovered_videos
    outcome = persist_discovered_video(
  File "C:\Projects\Сайт анализ ниш1\app\services\discovered_video_persistence.py", line 202, in persist_discovered_video
    _upsert_discovered_channel(
  File "C:\Projects\Сайт анализ ниш1\app\services\discovered_video_persistence.py", line 150, in _upsert_discovered_channel
    session.execute(
  File "C:\Users\dayta\AppData\Local\Programs\Python\Python311\Lib\site-packages\sqlalchemy\orm\session.py", line 2373, in execute
    return self._execute_internal(
  File "C:\Users\dayta\AppData\Local\Programs\Python\Python311\Lib\site-packages\sqlalchemy\orm\session.py", line 2271, in _execute_internal
    result: Result[Any] = compile_state_cls.orm_execute_statement(
  File "C:\Users\dayta\AppData\Local\Programs\Python\Python311\Lib\site-packages\sqlalchemy\orm\bulk_persistence.py", line 1306, in orm_execute_statement
    result = conn.execute(
  File "C:\Users\dayta\AppData\Local\Programs\Python\Python311\Lib\site-packages\sqlalchemy\engine\base.py", line 1421, in execute
    return meth(
  File "C:\Users\dayta\AppData\Local\Programs\Python\Python311\Lib\site-packages\sqlalchemy\sql\elements.py", line 526, in _execute_on_connection
    return connection._execute_clauseelement(
  File "C:\Users\dayta\AppData\Local\Programs\Python\Python311\Lib\site-packages\sqlalchemy\engine\base.py", line 1643, in _execute_clauseelement
    ret = self._execute_context(
  File "C:\Users\dayta\AppData\Local\Programs\Python\Python311\Lib\site-packages\sqlalchemy\engine\base.py", line 1848, in _execute_context
    return self._exec_single_context(
  File "C:\Users\dayta\AppData\Local\Programs\Python\Python311\Lib\site-packages\sqlalchemy\engine\base.py", line 1906, in _exec_single_context
    self._log_info(
  File "C:\Users\dayta\AppData\Local\Programs\Python\Python311\Lib\site-packages\sqlalchemy\engine\base.py", line 188, in _log_info
    self.engine.logger.info(message, *arg, **kw)
  File "C:\Users\dayta\AppData\Local\Programs\Python\Python311\Lib\site-packages\sqlalchemy\log.py", line 159, in info
    self.log(logging.INFO, msg, *args, **kwargs)
  File "C:\Users\dayta\AppData\Local\Programs\Python\Python311\Lib\site-packages\sqlalchemy\log.py", line 210, in log
    self.logger._log(level, msg, args, **kwargs)
Message: '[%s] %r'
Arguments: ('no key 0.00053s', {'id': 'UCHEAwFKFTVSzD96kwrccHtw', 'title': '\u4e2d\u570b\u756b\u5c0f\u8ab2\u5802Chinese Painting Class', 'subscribers_count': 0, 'topic': None, 'custom_url': None, 'created_at': datetime.datetime(2026, 10, 6, 15, 41, 42, 44958, tzinfo=datetime.timezone.utc), 'param_1': '\u4e2d\u570b\u756b\u5c0f\u8ab2\u5802Chinese Painting Class', 'param_2': datetime.datetime(2026, 10, 6, 15, 41, 42, 44958, tzinfo=datetime.timezone.utc)})
--- Logging error ---
Traceback (most recent call last):
  File "C:\Users\dayta\AppData\Local\Programs\Python\Python311\Lib\logging\__init__.py", line 1113, in emit
    stream.write(msg + self.terminator)
  File "C:\Users\dayta\AppData\Local\Programs\Python\Python311\Lib\encodings\cp1251.py", line 19, in encode
    return codecs.charmap_encode(input,self.errors,encoding_table)[0]
           ^^^^^^^^^^^^^^^^^^^^^^^^^^^^^^^^^^^^^^^^^^^^^^^^^^^^^^^
UnicodeEncodeError: 'charmap' codec can't encode character '\U0001f495' in position 131: character maps to <undefined>
Call stack:
  File "C:\Projects\Сайт анализ ниш1\scripts\run_discovery_worker.py", line 117, in <module>
    raise SystemExit(main())
  File "C:\Projects\Сайт анализ ниш1\scripts\run_discovery_worker.py", line 99, in main
    run_discovery_worker(
  File "C:\Projects\Сайт анализ ниш1\app\services\discovery_worker_runtime.py", line 118, in run_discovery_worker
    summary = run_discovery_cycle(
  File "C:\Projects\Сайт анализ ниш1\app\services\discovery_cycle.py", line 491, in run_discovery_cycle
    return asyncio.run(
  File "C:\Users\dayta\AppData\Local\Programs\Python\Python311\Lib\asyncio\runners.py", line 190, in run
    return runner.run(main)
  File "C:\Users\dayta\AppData\Local\Programs\Python\Python311\Lib\asyncio\runners.py", line 118, in run
    return self._loop.run_until_complete(task)
  File "C:\Users\dayta\AppData\Local\Programs\Python\Python311\Lib\asyncio\base_events.py", line 640, in run_until_complete
    self.run_forever()
  File "C:\Users\dayta\AppData\Local\Programs\Python\Python311\Lib\asyncio\windows_events.py", line 321, in run_forever
    super().run_forever()
  File "C:\Users\dayta\AppData\Local\Programs\Python\Python311\Lib\asyncio\base_events.py", line 607, in run_forever
    self._run_once()
  File "C:\Users\dayta\AppData\Local\Programs\Python\Python311\Lib\asyncio\base_events.py", line 1922, in _run_once
    handle._run()
  File "C:\Users\dayta\AppData\Local\Programs\Python\Python311\Lib\asyncio\events.py", line 80, in _run
    self._context.run(self._callback, *self._args)
  File "C:\Projects\Сайт анализ ниш1\app\services\discovery_cycle.py", line 322, in run_discovery_cycle_async
    persist_results, kw_duplicates_from_batch = batch_persist_discovered_videos(
  File "C:\Projects\Сайт анализ ниш1\app\services\discovered_video_batch.py", line 63, in batch_persist_discovered_videos
    outcome = persist_discovered_video(
  File "C:\Projects\Сайт анализ ниш1\app\services\discovered_video_persistence.py", line 202, in persist_discovered_video
    _upsert_discovered_channel(
  File "C:\Projects\Сайт анализ ниш1\app\services\discovered_video_persistence.py", line 150, in _upsert_discovered_channel
    session.execute(
  File "C:\Users\dayta\AppData\Local\Programs\Python\Python311\Lib\site-packages\sqlalchemy\orm\session.py", line 2373, in execute
    return self._execute_internal(
  File "C:\Users\dayta\AppData\Local\Programs\Python\Python311\Lib\site-packages\sqlalchemy\orm\session.py", line 2271, in _execute_internal
    result: Result[Any] = compile_state_cls.orm_execute_statement(
  File "C:\Users\dayta\AppData\Local\Programs\Python\Python311\Lib\site-packages\sqlalchemy\orm\bulk_persistence.py", line 1306, in orm_execute_statement
    result = conn.execute(
  File "C:\Users\dayta\AppData\Local\Programs\Python\Python311\Lib\site-packages\sqlalchemy\engine\base.py", line 1421, in execute
    return meth(
  File "C:\Users\dayta\AppData\Local\Programs\Python\Python311\Lib\site-packages\sqlalchemy\sql\elements.py", line 526, in _execute_on_connection
    return connection._execute_clauseelement(
  File "C:\Users\dayta\AppData\Local\Programs\Python\Python311\Lib\site-packages\sqlalchemy\engine\base.py", line 1643, in _execute_clauseelement
    ret = self._execute_context(
  File "C:\Users\dayta\AppData\Local\Programs\Python\Python311\Lib\site-packages\sqlalchemy\engine\base.py", line 1848, in _execute_context
    return self._exec_single_context(
  File "C:\Users\dayta\AppData\Local\Programs\Python\Python311\Lib\site-packages\sqlalchemy\engine\base.py", line 1906, in _exec_single_context
    self._log_info(
  File "C:\Users\dayta\AppData\Local\Programs\Python\Python311\Lib\site-packages\sqlalchemy\engine\base.py", line 188, in _log_info
    self.engine.logger.info(message, *arg, **kw)
  File "C:\Users\dayta\AppData\Local\Programs\Python\Python311\Lib\site-packages\sqlalchemy\log.py", line 159, in info
    self.log(logging.INFO, msg, *args, **kwargs)
  File "C:\Users\dayta\AppData\Local\Programs\Python\Python311\Lib\site-packages\sqlalchemy\log.py", line 210, in log
    self.logger._log(level, msg, args, **kwargs)
Message: '[%s] %r'
Arguments: ('no key 0.00032s', {'id': 'UC3pRp7NYL_T3k7vNsEwA5jQ', 'title': 'Amanda Santos \U0001f495', 'subscribers_count': 0, 'topic': None, 'custom_url': None, 'created_at': datetime.datetime(2026, 10, 6, 15, 41, 42, 62106, tzinfo=datetime.timezone.utc), 'param_1': 'Amanda Santos \U0001f495', 'param_2': datetime.datetime(2026, 10, 6, 15, 41, 42, 62106, tzinfo=datetime.timezone.utc)})
--- Logging error ---
Traceback (most recent call last):
  File "C:\Users\dayta\AppData\Local\Programs\Python\Python311\Lib\logging\__init__.py", line 1113, in emit
    stream.write(msg + self.terminator)
  File "C:\Users\dayta\AppData\Local\Programs\Python\Python311\Lib\encodings\cp1251.py", line 19, in encode
    return codecs.charmap_encode(input,self.errors,encoding_table)[0]
           ^^^^^^^^^^^^^^^^^^^^^^^^^^^^^^^^^^^^^^^^^^^^^^^^^^^^^^^
UnicodeEncodeError: 'charmap' codec can't encode character '\u2728' in position 112: character maps to <undefined>
Call stack:
  File "C:\Projects\Сайт анализ ниш1\scripts\run_discovery_worker.py", line 117, in <module>
    raise SystemExit(main())
  File "C:\Projects\Сайт анализ ниш1\scripts\run_discovery_worker.py", line 99, in main
    run_discovery_worker(
  File "C:\Projects\Сайт анализ ниш1\app\services\discovery_worker_runtime.py", line 118, in run_discovery_worker
    summary = run_discovery_cycle(
  File "C:\Projects\Сайт анализ ниш1\app\services\discovery_cycle.py", line 491, in run_discovery_cycle
    return asyncio.run(
  File "C:\Users\dayta\AppData\Local\Programs\Python\Python311\Lib\asyncio\runners.py", line 190, in run
    return runner.run(main)
  File "C:\Users\dayta\AppData\Local\Programs\Python\Python311\Lib\asyncio\runners.py", line 118, in run
    return self._loop.run_until_complete(task)
  File "C:\Users\dayta\AppData\Local\Programs\Python\Python311\Lib\asyncio\base_events.py", line 640, in run_until_complete
    self.run_forever()
  File "C:\Users\dayta\AppData\Local\Programs\Python\Python311\Lib\asyncio\windows_events.py", line 321, in run_forever
    super().run_forever()
  File "C:\Users\dayta\AppData\Local\Programs\Python\Python311\Lib\asyncio\base_events.py", line 607, in run_forever
    self._run_once()
  File "C:\Users\dayta\AppData\Local\Programs\Python\Python311\Lib\asyncio\base_events.py", line 1922, in _run_once
    handle._run()
  File "C:\Users\dayta\AppData\Local\Programs\Python\Python311\Lib\asyncio\events.py", line 80, in _run
    self._context.run(self._callback, *self._args)
  File "C:\Projects\Сайт анализ ниш1\app\services\discovery_cycle.py", line 348, in run_discovery_cycle_async
    mark_hits_persisted_for_monitoring(
  File "C:\Projects\Сайт анализ ниш1\app\services\keyword_discovery_metrics_storage.py", line 154, in mark_hits_persisted_for_monitoring
    session.flush()
  File "C:\Users\dayta\AppData\Local\Programs\Python\Python311\Lib\site-packages\sqlalchemy\orm\session.py", line 4353, in flush
    self._flush(objects)
  File "C:\Users\dayta\AppData\Local\Programs\Python\Python311\Lib\site-packages\sqlalchemy\orm\session.py", line 4449, in _flush
    flush_context.execute()
  File "C:\Users\dayta\AppData\Local\Programs\Python\Python311\Lib\site-packages\sqlalchemy\orm\unitofwork.py", line 465, in execute
    rec.execute(self)
  File "C:\Users\dayta\AppData\Local\Programs\Python\Python311\Lib\site-packages\sqlalchemy\orm\unitofwork.py", line 641, in execute
    util.preloaded.orm_persistence.save_obj(
  File "C:\Users\dayta\AppData\Local\Programs\Python\Python311\Lib\site-packages\sqlalchemy\orm\persistence.py", line 86, in save_obj
    _emit_update_statements(
  File "C:\Users\dayta\AppData\Local\Programs\Python\Python311\Lib\site-packages\sqlalchemy\orm\persistence.py", line 913, in _emit_update_statements
    c = connection.execute(
  File "C:\Users\dayta\AppData\Local\Programs\Python\Python311\Lib\site-packages\sqlalchemy\engine\base.py", line 1421, in execute
    return meth(
  File "C:\Users\dayta\AppData\Local\Programs\Python\Python311\Lib\site-packages\sqlalchemy\sql\elements.py", line 526, in _execute_on_connection
    return connection._execute_clauseelement(
  File "C:\Users\dayta\AppData\Local\Programs\Python\Python311\Lib\site-packages\sqlalchemy\engine\base.py", line 1643, in _execute_clauseelement
    ret = self._execute_context(
  File "C:\Users\dayta\AppData\Local\Programs\Python\Python311\Lib\site-packages\sqlalchemy\engine\base.py", line 1848, in _execute_context
    return self._exec_single_context(
  File "C:\Users\dayta\AppData\Local\Programs\Python\Python311\Lib\site-packages\sqlalchemy\engine\base.py", line 1906, in _exec_single_context
    self._log_info(
  File "C:\Users\dayta\AppData\Local\Programs\Python\Python311\Lib\site-packages\sqlalchemy\engine\base.py", line 188, in _log_info
    self.engine.logger.info(message, *arg, **kw)
  File "C:\Users\dayta\AppData\Local\Programs\Python\Python311\Lib\site-packages\sqlalchemy\log.py", line 159, in info
    self.log(logging.INFO, msg, *args, **kwargs)
  File "C:\Users\dayta\AppData\Local\Programs\Python\Python311\Lib\site-packages\sqlalchemy\log.py", line 210, in log
    self.logger._log(level, msg, args, **kwargs)
Message: '[%s] %r'
Arguments: ('cached since 391.3s ago', {'title': 'CREATING A COZY HOME \u2728 Home hauls, picking out art and decor, cooking, dogs', 'views_count': 13598, 'published_at': datetime.datetime(2026, 10, 5, 16, 41, 41, 436890, tzinfo=datetime.timezone.utc), 'published_at_source': 'innertube_relative', 'videos_id': 'I_9dS6mcIHs'})
--- Logging error ---
Traceback (most recent call last):
  File "C:\Users\dayta\AppData\Local\Programs\Python\Python311\Lib\logging\__init__.py", line 1113, in emit
    stream.write(msg + self.terminator)
  File "C:\Users\dayta\AppData\Local\Programs\Python\Python311\Lib\encodings\cp1251.py", line 19, in encode
    return codecs.charmap_encode(input,self.errors,encoding_table)[0]
           ^^^^^^^^^^^^^^^^^^^^^^^^^^^^^^^^^^^^^^^^^^^^^^^^^^^^^^^
UnicodeEncodeError: 'charmap' codec can't encode characters in position 117-122: character maps to <undefined>
Call stack:
  File "C:\Projects\Сайт анализ ниш1\scripts\run_discovery_worker.py", line 117, in <module>
    raise SystemExit(main())
  File "C:\Projects\Сайт анализ ниш1\scripts\run_discovery_worker.py", line 99, in main
    run_discovery_worker(
  File "C:\Projects\Сайт анализ ниш1\app\services\discovery_worker_runtime.py", line 118, in run_discovery_worker
    summary = run_discovery_cycle(
  File "C:\Projects\Сайт анализ ниш1\app\services\discovery_cycle.py", line 491, in run_discovery_cycle
    return asyncio.run(
  File "C:\Users\dayta\AppData\Local\Programs\Python\Python311\Lib\asyncio\runners.py", line 190, in run
    return runner.run(main)
  File "C:\Users\dayta\AppData\Local\Programs\Python\Python311\Lib\asyncio\runners.py", line 118, in run
    return self._loop.run_until_complete(task)
  File "C:\Users\dayta\AppData\Local\Programs\Python\Python311\Lib\asyncio\base_events.py", line 640, in run_until_complete
    self.run_forever()
  File "C:\Users\dayta\AppData\Local\Programs\Python\Python311\Lib\asyncio\windows_events.py", line 321, in run_forever
    super().run_forever()
  File "C:\Users\dayta\AppData\Local\Programs\Python\Python311\Lib\asyncio\base_events.py", line 607, in run_forever
    self._run_once()
  File "C:\Users\dayta\AppData\Local\Programs\Python\Python311\Lib\asyncio\base_events.py", line 1922, in _run_once
    handle._run()
  File "C:\Users\dayta\AppData\Local\Programs\Python\Python311\Lib\asyncio\events.py", line 80, in _run
    self._context.run(self._callback, *self._args)
  File "C:\Projects\Сайт анализ ниш1\app\services\discovery_cycle.py", line 322, in run_discovery_cycle_async
    persist_results, kw_duplicates_from_batch = batch_persist_discovered_videos(
  File "C:\Projects\Сайт анализ ниш1\app\services\discovered_video_batch.py", line 63, in batch_persist_discovered_videos
    outcome = persist_discovered_video(
  File "C:\Projects\Сайт анализ ниш1\app\services\discovered_video_persistence.py", line 202, in persist_discovered_video
    _upsert_discovered_channel(
  File "C:\Projects\Сайт анализ ниш1\app\services\discovered_video_persistence.py", line 150, in _upsert_discovered_channel
    session.execute(
  File "C:\Users\dayta\AppData\Local\Programs\Python\Python311\Lib\site-packages\sqlalchemy\orm\session.py", line 2373, in execute
    return self._execute_internal(
  File "C:\Users\dayta\AppData\Local\Programs\Python\Python311\Lib\site-packages\sqlalchemy\orm\session.py", line 2271, in _execute_internal
    result: Result[Any] = compile_state_cls.orm_execute_statement(
  File "C:\Users\dayta\AppData\Local\Programs\Python\Python311\Lib\site-packages\sqlalchemy\orm\bulk_persistence.py", line 1306, in orm_execute_statement
    result = conn.execute(
  File "C:\Users\dayta\AppData\Local\Programs\Python\Python311\Lib\site-packages\sqlalchemy\engine\base.py", line 1421, in execute
    return meth(
  File "C:\Users\dayta\AppData\Local\Programs\Python\Python311\Lib\site-packages\sqlalchemy\sql\elements.py", line 526, in _execute_on_connection
    return connection._execute_clauseelement(
  File "C:\Users\dayta\AppData\Local\Programs\Python\Python311\Lib\site-packages\sqlalchemy\engine\base.py", line 1643, in _execute_clauseelement
    ret = self._execute_context(
  File "C:\Users\dayta\AppData\Local\Programs\Python\Python311\Lib\site-packages\sqlalchemy\engine\base.py", line 1848, in _execute_context
    return self._exec_single_context(
  File "C:\Users\dayta\AppData\Local\Programs\Python\Python311\Lib\site-packages\sqlalchemy\engine\base.py", line 1906, in _exec_single_context
    self._log_info(
  File "C:\Users\dayta\AppData\Local\Programs\Python\Python311\Lib\site-packages\sqlalchemy\engine\base.py", line 188, in _log_info
    self.engine.logger.info(message, *arg, **kw)
  File "C:\Users\dayta\AppData\Local\Programs\Python\Python311\Lib\site-packages\sqlalchemy\log.py", line 159, in info
    self.log(logging.INFO, msg, *args, **kwargs)
  File "C:\Users\dayta\AppData\Local\Programs\Python\Python311\Lib\site-packages\sqlalchemy\log.py", line 210, in log
    self.logger._log(level, msg, args, **kwargs)
Message: '[%s] %r'
Arguments: ('no key 0.00048s', {'id': 'UCYJ2D_D1q7_sYGorIB2_6iA', 'title': '\u6614\u306e\u4eba\u306e\u77e5\u6075', 'subscribers_count': 0, 'topic': None, 'custom_url': None, 'created_at': datetime.datetime(2026, 10, 6, 15, 47, 58, 939979, tzinfo=datetime.timezone.utc), 'param_1': '\u6614\u306e\u4eba\u306e\u77e5\u6075', 'param_2': datetime.datetime(2026, 10, 6, 15, 47, 58, 939979, tzinfo=datetime.timezone.utc)})
--- Logging error ---
Traceback (most recent call last):
  File "C:\Users\dayta\AppData\Local\Programs\Python\Python311\Lib\logging\__init__.py", line 1113, in emit
    stream.write(msg + self.terminator)
  File "C:\Users\dayta\AppData\Local\Programs\Python\Python311\Lib\encodings\cp1251.py", line 19, in encode
    return codecs.charmap_encode(input,self.errors,encoding_table)[0]
           ^^^^^^^^^^^^^^^^^^^^^^^^^^^^^^^^^^^^^^^^^^^^^^^^^^^^^^^
UnicodeEncodeError: 'charmap' codec can't encode character '\xf6' in position 125: character maps to <undefined>
Call stack:
  File "C:\Projects\Сайт анализ ниш1\scripts\run_discovery_worker.py", line 117, in <module>
    raise SystemExit(main())
  File "C:\Projects\Сайт анализ ниш1\scripts\run_discovery_worker.py", line 99, in main
    run_discovery_worker(
  File "C:\Projects\Сайт анализ ниш1\app\services\discovery_worker_runtime.py", line 118, in run_discovery_worker
    summary = run_discovery_cycle(
  File "C:\Projects\Сайт анализ ниш1\app\services\discovery_cycle.py", line 491, in run_discovery_cycle
    return asyncio.run(
  File "C:\Users\dayta\AppData\Local\Programs\Python\Python311\Lib\asyncio\runners.py", line 190, in run
    return runner.run(main)
  File "C:\Users\dayta\AppData\Local\Programs\Python\Python311\Lib\asyncio\runners.py", line 118, in run
    return self._loop.run_until_complete(task)
  File "C:\Users\dayta\AppData\Local\Programs\Python\Python311\Lib\asyncio\base_events.py", line 640, in run_until_complete
    self.run_forever()
  File "C:\Users\dayta\AppData\Local\Programs\Python\Python311\Lib\asyncio\windows_events.py", line 321, in run_forever
    super().run_forever()
  File "C:\Users\dayta\AppData\Local\Programs\Python\Python311\Lib\asyncio\base_events.py", line 607, in run_forever
    self._run_once()
  File "C:\Users\dayta\AppData\Local\Programs\Python\Python311\Lib\asyncio\base_events.py", line 1922, in _run_once
    handle._run()
  File "C:\Users\dayta\AppData\Local\Programs\Python\Python311\Lib\asyncio\events.py", line 80, in _run
    self._context.run(self._callback, *self._args)
  File "C:\Projects\Сайт анализ ниш1\app\services\discovery_cycle.py", line 322, in run_discovery_cycle_async
    persist_results, kw_duplicates_from_batch = batch_persist_discovered_videos(
  File "C:\Projects\Сайт анализ ниш1\app\services\discovered_video_batch.py", line 63, in batch_persist_discovered_videos
    outcome = persist_discovered_video(
  File "C:\Projects\Сайт анализ ниш1\app\services\discovered_video_persistence.py", line 202, in persist_discovered_video
    _upsert_discovered_channel(
  File "C:\Projects\Сайт анализ ниш1\app\services\discovered_video_persistence.py", line 150, in _upsert_discovered_channel
    session.execute(
  File "C:\Users\dayta\AppData\Local\Programs\Python\Python311\Lib\site-packages\sqlalchemy\orm\session.py", line 2373, in execute
    return self._execute_internal(
  File "C:\Users\dayta\AppData\Local\Programs\Python\Python311\Lib\site-packages\sqlalchemy\orm\session.py", line 2271, in _execute_internal
    result: Result[Any] = compile_state_cls.orm_execute_statement(
  File "C:\Users\dayta\AppData\Local\Programs\Python\Python311\Lib\site-packages\sqlalchemy\orm\bulk_persistence.py", line 1306, in orm_execute_statement
    result = conn.execute(
  File "C:\Users\dayta\AppData\Local\Programs\Python\Python311\Lib\site-packages\sqlalchemy\engine\base.py", line 1421, in execute
    return meth(
  File "C:\Users\dayta\AppData\Local\Programs\Python\Python311\Lib\site-packages\sqlalchemy\sql\elements.py", line 526, in _execute_on_connection
    return connection._execute_clauseelement(
  File "C:\Users\dayta\AppData\Local\Programs\Python\Python311\Lib\site-packages\sqlalchemy\engine\base.py", line 1643, in _execute_clauseelement
    ret = self._execute_context(
  File "C:\Users\dayta\AppData\Local\Programs\Python\Python311\Lib\site-packages\sqlalchemy\engine\base.py", line 1848, in _execute_context
    return self._exec_single_context(
  File "C:\Users\dayta\AppData\Local\Programs\Python\Python311\Lib\site-packages\sqlalchemy\engine\base.py", line 1906, in _exec_single_context
    self._log_info(
  File "C:\Users\dayta\AppData\Local\Programs\Python\Python311\Lib\site-packages\sqlalchemy\engine\base.py", line 188, in _log_info
    self.engine.logger.info(message, *arg, **kw)
  File "C:\Users\dayta\AppData\Local\Programs\Python\Python311\Lib\site-packages\sqlalchemy\log.py", line 159, in info
    self.log(logging.INFO, msg, *args, **kwargs)
  File "C:\Users\dayta\AppData\Local\Programs\Python\Python311\Lib\site-packages\sqlalchemy\log.py", line 210, in log
    self.logger._log(level, msg, args, **kwargs)
Message: '[%s] %r'
Arguments: ('no key 0.00035s', {'id': 'UCf9l0CD3mct769-_yh4VIxg', 'title': 'Schnitth\xf6hle', 'subscribers_count': 0, 'topic': None, 'custom_url': None, 'created_at': datetime.datetime(2026, 10, 6, 15, 47, 59, 72070, tzinfo=datetime.timezone.utc), 'param_1': 'Schnitth\xf6hle', 'param_2': datetime.datetime(2026, 10, 6, 15, 47, 59, 72070, tzinfo=datetime.timezone.utc)})
--- Logging error ---
Traceback (most recent call last):
  File "C:\Users\dayta\AppData\Local\Programs\Python\Python311\Lib\logging\__init__.py", line 1113, in emit
    stream.write(msg + self.terminator)
  File "C:\Users\dayta\AppData\Local\Programs\Python\Python311\Lib\encodings\cp1251.py", line 19, in encode
    return codecs.charmap_encode(input,self.errors,encoding_table)[0]
           ^^^^^^^^^^^^^^^^^^^^^^^^^^^^^^^^^^^^^^^^^^^^^^^^^^^^^^^
UnicodeEncodeError: 'charmap' codec can't encode characters in position 117-120: character maps to <undefined>
Call stack:
  File "C:\Projects\Сайт анализ ниш1\scripts\run_discovery_worker.py", line 117, in <module>
    raise SystemExit(main())
  File "C:\Projects\Сайт анализ ниш1\scripts\run_discovery_worker.py", line 99, in main
    run_discovery_worker(
  File "C:\Projects\Сайт анализ ниш1\app\services\discovery_worker_runtime.py", line 118, in run_discovery_worker
    summary = run_discovery_cycle(
  File "C:\Projects\Сайт анализ ниш1\app\services\discovery_cycle.py", line 491, in run_discovery_cycle
    return asyncio.run(
  File "C:\Users\dayta\AppData\Local\Programs\Python\Python311\Lib\asyncio\runners.py", line 190, in run
    return runner.run(main)
  File "C:\Users\dayta\AppData\Local\Programs\Python\Python311\Lib\asyncio\runners.py", line 118, in run
    return self._loop.run_until_complete(task)
  File "C:\Users\dayta\AppData\Local\Programs\Python\Python311\Lib\asyncio\base_events.py", line 640, in run_until_complete
    self.run_forever()
  File "C:\Users\dayta\AppData\Local\Programs\Python\Python311\Lib\asyncio\windows_events.py", line 321, in run_forever
    super().run_forever()
  File "C:\Users\dayta\AppData\Local\Programs\Python\Python311\Lib\asyncio\base_events.py", line 607, in run_forever
    self._run_once()
  File "C:\Users\dayta\AppData\Local\Programs\Python\Python311\Lib\asyncio\base_events.py", line 1922, in _run_once
    handle._run()
  File "C:\Users\dayta\AppData\Local\Programs\Python\Python311\Lib\asyncio\events.py", line 80, in _run
    self._context.run(self._callback, *self._args)
  File "C:\Projects\Сайт анализ ниш1\app\services\discovery_cycle.py", line 322, in run_discovery_cycle_async
    persist_results, kw_duplicates_from_batch = batch_persist_discovered_videos(
  File "C:\Projects\Сайт анализ ниш1\app\services\discovered_video_batch.py", line 63, in batch_persist_discovered_videos
    outcome = persist_discovered_video(
  File "C:\Projects\Сайт анализ ниш1\app\services\discovered_video_persistence.py", line 202, in persist_discovered_video
    _upsert_discovered_channel(
  File "C:\Projects\Сайт анализ ниш1\app\services\discovered_video_persistence.py", line 150, in _upsert_discovered_channel
    session.execute(
  File "C:\Users\dayta\AppData\Local\Programs\Python\Python311\Lib\site-packages\sqlalchemy\orm\session.py", line 2373, in execute
    return self._execute_internal(
  File "C:\Users\dayta\AppData\Local\Programs\Python\Python311\Lib\site-packages\sqlalchemy\orm\session.py", line 2271, in _execute_internal
    result: Result[Any] = compile_state_cls.orm_execute_statement(
  File "C:\Users\dayta\AppData\Local\Programs\Python\Python311\Lib\site-packages\sqlalchemy\orm\bulk_persistence.py", line 1306, in orm_execute_statement
    result = conn.execute(
  File "C:\Users\dayta\AppData\Local\Programs\Python\Python311\Lib\site-packages\sqlalchemy\engine\base.py", line 1421, in execute
    return meth(
  File "C:\Users\dayta\AppData\Local\Programs\Python\Python311\Lib\site-packages\sqlalchemy\sql\elements.py", line 526, in _execute_on_connection
    return connection._execute_clauseelement(
  File "C:\Users\dayta\AppData\Local\Programs\Python\Python311\Lib\site-packages\sqlalchemy\engine\base.py", line 1643, in _execute_clauseelement
    ret = self._execute_context(
  File "C:\Users\dayta\AppData\Local\Programs\Python\Python311\Lib\site-packages\sqlalchemy\engine\base.py", line 1848, in _execute_context
    return self._exec_single_context(
  File "C:\Users\dayta\AppData\Local\Programs\Python\Python311\Lib\site-packages\sqlalchemy\engine\base.py", line 1906, in _exec_single_context
    self._log_info(
  File "C:\Users\dayta\AppData\Local\Programs\Python\Python311\Lib\site-packages\sqlalchemy\engine\base.py", line 188, in _log_info
    self.engine.logger.info(message, *arg, **kw)
  File "C:\Users\dayta\AppData\Local\Programs\Python\Python311\Lib\site-packages\sqlalchemy\log.py", line 159, in info
    self.log(logging.INFO, msg, *args, **kwargs)
  File "C:\Users\dayta\AppData\Local\Programs\Python\Python311\Lib\site-packages\sqlalchemy\log.py", line 210, in log
    self.logger._log(level, msg, args, **kwargs)
Message: '[%s] %r'
Arguments: ('no key 0.00040s', {'id': 'UCO3bfz4KY6zGT5IOaFJuxpA', 'title': '\u4e2d\u8996\u65b0\u805e', 'subscribers_count': 0, 'topic': None, 'custom_url': None, 'created_at': datetime.datetime(2026, 10, 6, 15, 47, 59, 101842, tzinfo=datetime.timezone.utc), 'param_1': '\u4e2d\u8996\u65b0\u805e', 'param_2': datetime.datetime(2026, 10, 6, 15, 47, 59, 101842, tzinfo=datetime.timezone.utc)})
--- Logging error ---
Traceback (most recent call last):
  File "C:\Users\dayta\AppData\Local\Programs\Python\Python311\Lib\logging\__init__.py", line 1113, in emit
    stream.write(msg + self.terminator)
  File "C:\Users\dayta\AppData\Local\Programs\Python\Python311\Lib\encodings\cp1251.py", line 19, in encode
    return codecs.charmap_encode(input,self.errors,encoding_table)[0]
           ^^^^^^^^^^^^^^^^^^^^^^^^^^^^^^^^^^^^^^^^^^^^^^^^^^^^^^^
UnicodeEncodeError: 'charmap' codec can't encode characters in position 117-121: character maps to <undefined>
Call stack:
  File "C:\Projects\Сайт анализ ниш1\scripts\run_discovery_worker.py", line 117, in <module>
    raise SystemExit(main())
  File "C:\Projects\Сайт анализ ниш1\scripts\run_discovery_worker.py", line 99, in main
    run_discovery_worker(
  File "C:\Projects\Сайт анализ ниш1\app\services\discovery_worker_runtime.py", line 118, in run_discovery_worker
    summary = run_discovery_cycle(
  File "C:\Projects\Сайт анализ ниш1\app\services\discovery_cycle.py", line 491, in run_discovery_cycle
    return asyncio.run(
  File "C:\Users\dayta\AppData\Local\Programs\Python\Python311\Lib\asyncio\runners.py", line 190, in run
    return runner.run(main)
  File "C:\Users\dayta\AppData\Local\Programs\Python\Python311\Lib\asyncio\runners.py", line 118, in run
    return self._loop.run_until_complete(task)
  File "C:\Users\dayta\AppData\Local\Programs\Python\Python311\Lib\asyncio\base_events.py", line 640, in run_until_complete
    self.run_forever()
  File "C:\Users\dayta\AppData\Local\Programs\Python\Python311\Lib\asyncio\windows_events.py", line 321, in run_forever
    super().run_forever()
  File "C:\Users\dayta\AppData\Local\Programs\Python\Python311\Lib\asyncio\base_events.py", line 607, in run_forever
    self._run_once()
  File "C:\Users\dayta\AppData\Local\Programs\Python\Python311\Lib\asyncio\base_events.py", line 1922, in _run_once
    handle._run()
  File "C:\Users\dayta\AppData\Local\Programs\Python\Python311\Lib\asyncio\events.py", line 80, in _run
    self._context.run(self._callback, *self._args)
  File "C:\Projects\Сайт анализ ниш1\app\services\discovery_cycle.py", line 322, in run_discovery_cycle_async
    persist_results, kw_duplicates_from_batch = batch_persist_discovered_videos(
  File "C:\Projects\Сайт анализ ниш1\app\services\discovered_video_batch.py", line 63, in batch_persist_discovered_videos
    outcome = persist_discovered_video(
  File "C:\Projects\Сайт анализ ниш1\app\services\discovered_video_persistence.py", line 202, in persist_discovered_video
    _upsert_discovered_channel(
  File "C:\Projects\Сайт анализ ниш1\app\services\discovered_video_persistence.py", line 150, in _upsert_discovered_channel
    session.execute(
  File "C:\Users\dayta\AppData\Local\Programs\Python\Python311\Lib\site-packages\sqlalchemy\orm\session.py", line 2373, in execute
    return self._execute_internal(
  File "C:\Users\dayta\AppData\Local\Programs\Python\Python311\Lib\site-packages\sqlalchemy\orm\session.py", line 2271, in _execute_internal
    result: Result[Any] = compile_state_cls.orm_execute_statement(
  File "C:\Users\dayta\AppData\Local\Programs\Python\Python311\Lib\site-packages\sqlalchemy\orm\bulk_persistence.py", line 1306, in orm_execute_statement
    result = conn.execute(
  File "C:\Users\dayta\AppData\Local\Programs\Python\Python311\Lib\site-packages\sqlalchemy\engine\base.py", line 1421, in execute
    return meth(
  File "C:\Users\dayta\AppData\Local\Programs\Python\Python311\Lib\site-packages\sqlalchemy\sql\elements.py", line 526, in _execute_on_connection
    return connection._execute_clauseelement(
  File "C:\Users\dayta\AppData\Local\Programs\Python\Python311\Lib\site-packages\sqlalchemy\engine\base.py", line 1643, in _execute_clauseelement
    ret = self._execute_context(
  File "C:\Users\dayta\AppData\Local\Programs\Python\Python311\Lib\site-packages\sqlalchemy\engine\base.py", line 1848, in _execute_context
    return self._exec_single_context(
  File "C:\Users\dayta\AppData\Local\Programs\Python\Python311\Lib\site-packages\sqlalchemy\engine\base.py", line 1906, in _exec_single_context
    self._log_info(
  File "C:\Users\dayta\AppData\Local\Programs\Python\Python311\Lib\site-packages\sqlalchemy\engine\base.py", line 188, in _log_info
    self.engine.logger.info(message, *arg, **kw)
  File "C:\Users\dayta\AppData\Local\Programs\Python\Python311\Lib\site-packages\sqlalchemy\log.py", line 159, in info
    self.log(logging.INFO, msg, *args, **kwargs)
  File "C:\Users\dayta\AppData\Local\Programs\Python\Python311\Lib\site-packages\sqlalchemy\log.py", line 210, in log
    self.logger._log(level, msg, args, **kwargs)
Message: '[%s] %r'
Arguments: ('no key 0.00043s', {'id': 'UCZpOMc76E3YXkQpSy5AvKpg', 'title': '\u062d\u062f\u0648\u062a\u0629 \u0645\u0635\u0631\u064a\u0629 \u0645\u0639 \u062f\u064a\u0627\u0646\u0627', 'subscribers_count': 0, 'topic': None, 'custom_url': None, 'created_at': datetime.datetime(2026, 10, 6, 15, 47, 59, 111895, tzinfo=datetime.timezone.utc), 'param_1': '\u062d\u062f\u0648\u062a\u0629 \u0645\u0635\u0631\u064a\u0629 \u0645\u0639 \u062f\u064a\u0627\u0646\u0627', 'param_2': datetime.datetime(2026, 10, 6, 15, 47, 59, 111895, tzinfo=datetime.timezone.utc)})
--- Logging error ---
Traceback (most recent call last):
  File "C:\Users\dayta\AppData\Local\Programs\Python\Python311\Lib\logging\__init__.py", line 1113, in emit
    stream.write(msg + self.terminator)
  File "C:\Users\dayta\AppData\Local\Programs\Python\Python311\Lib\encodings\cp1251.py", line 19, in encode
    return codecs.charmap_encode(input,self.errors,encoding_table)[0]
           ^^^^^^^^^^^^^^^^^^^^^^^^^^^^^^^^^^^^^^^^^^^^^^^^^^^^^^^
UnicodeEncodeError: 'charmap' codec can't encode characters in position 117-121: character maps to <undefined>
Call stack:
  File "C:\Projects\Сайт анализ ниш1\scripts\run_discovery_worker.py", line 117, in <module>
    raise SystemExit(main())
  File "C:\Projects\Сайт анализ ниш1\scripts\run_discovery_worker.py", line 99, in main
    run_discovery_worker(
  File "C:\Projects\Сайт анализ ниш1\app\services\discovery_worker_runtime.py", line 118, in run_discovery_worker
    summary = run_discovery_cycle(
  File "C:\Projects\Сайт анализ ниш1\app\services\discovery_cycle.py", line 491, in run_discovery_cycle
    return asyncio.run(
  File "C:\Users\dayta\AppData\Local\Programs\Python\Python311\Lib\asyncio\runners.py", line 190, in run
    return runner.run(main)
  File "C:\Users\dayta\AppData\Local\Programs\Python\Python311\Lib\asyncio\runners.py", line 118, in run
    return self._loop.run_until_complete(task)
  File "C:\Users\dayta\AppData\Local\Programs\Python\Python311\Lib\asyncio\base_events.py", line 640, in run_until_complete
    self.run_forever()
  File "C:\Users\dayta\AppData\Local\Programs\Python\Python311\Lib\asyncio\windows_events.py", line 321, in run_forever
    super().run_forever()
  File "C:\Users\dayta\AppData\Local\Programs\Python\Python311\Lib\asyncio\base_events.py", line 607, in run_forever
    self._run_once()
  File "C:\Users\dayta\AppData\Local\Programs\Python\Python311\Lib\asyncio\base_events.py", line 1922, in _run_once
    handle._run()
  File "C:\Users\dayta\AppData\Local\Programs\Python\Python311\Lib\asyncio\events.py", line 80, in _run
    self._context.run(self._callback, *self._args)
  File "C:\Projects\Сайт анализ ниш1\app\services\discovery_cycle.py", line 322, in run_discovery_cycle_async
    persist_results, kw_duplicates_from_batch = batch_persist_discovered_videos(
  File "C:\Projects\Сайт анализ ниш1\app\services\discovered_video_batch.py", line 63, in batch_persist_discovered_videos
    outcome = persist_discovered_video(
  File "C:\Projects\Сайт анализ ниш1\app\services\discovered_video_persistence.py", line 202, in persist_discovered_video
    _upsert_discovered_channel(
  File "C:\Projects\Сайт анализ ниш1\app\services\discovered_video_persistence.py", line 150, in _upsert_discovered_channel
    session.execute(
  File "C:\Users\dayta\AppData\Local\Programs\Python\Python311\Lib\site-packages\sqlalchemy\orm\session.py", line 2373, in execute
    return self._execute_internal(
  File "C:\Users\dayta\AppData\Local\Programs\Python\Python311\Lib\site-packages\sqlalchemy\orm\session.py", line 2271, in _execute_internal
    result: Result[Any] = compile_state_cls.orm_execute_statement(
  File "C:\Users\dayta\AppData\Local\Programs\Python\Python311\Lib\site-packages\sqlalchemy\orm\bulk_persistence.py", line 1306, in orm_execute_statement
    result = conn.execute(
  File "C:\Users\dayta\AppData\Local\Programs\Python\Python311\Lib\site-packages\sqlalchemy\engine\base.py", line 1421, in execute
    return meth(
  File "C:\Users\dayta\AppData\Local\Programs\Python\Python311\Lib\site-packages\sqlalchemy\sql\elements.py", line 526, in _execute_on_connection
    return connection._execute_clauseelement(
  File "C:\Users\dayta\AppData\Local\Programs\Python\Python311\Lib\site-packages\sqlalchemy\engine\base.py", line 1643, in _execute_clauseelement
    ret = self._execute_context(
  File "C:\Users\dayta\AppData\Local\Programs\Python\Python311\Lib\site-packages\sqlalchemy\engine\base.py", line 1848, in _execute_context
    return self._exec_single_context(
  File "C:\Users\dayta\AppData\Local\Programs\Python\Python311\Lib\site-packages\sqlalchemy\engine\base.py", line 1906, in _exec_single_context
    self._log_info(
  File "C:\Users\dayta\AppData\Local\Programs\Python\Python311\Lib\site-packages\sqlalchemy\engine\base.py", line 188, in _log_info
    self.engine.logger.info(message, *arg, **kw)
  File "C:\Users\dayta\AppData\Local\Programs\Python\Python311\Lib\site-packages\sqlalchemy\log.py", line 159, in info
    self.log(logging.INFO, msg, *args, **kwargs)
  File "C:\Users\dayta\AppData\Local\Programs\Python\Python311\Lib\site-packages\sqlalchemy\log.py", line 210, in log
    self.logger._log(level, msg, args, **kwargs)
Message: '[%s] %r'
Arguments: ('no key 0.00040s', {'id': 'UCS0l17nQVVN-ydRxUuE0M0A', 'title': '\u5eda\u623f\u7f8e\u98df\u591a', 'subscribers_count': 0, 'topic': None, 'custom_url': None, 'created_at': datetime.datetime(2026, 10, 6, 15, 47, 59, 159721, tzinfo=datetime.timezone.utc), 'param_1': '\u5eda\u623f\u7f8e\u98df\u591a', 'param_2': datetime.datetime(2026, 10, 6, 15, 47, 59, 159721, tzinfo=datetime.timezone.utc)})
--- Logging error ---
Traceback (most recent call last):
  File "C:\Users\dayta\AppData\Local\Programs\Python\Python311\Lib\logging\__init__.py", line 1113, in emit
    stream.write(msg + self.terminator)
  File "C:\Users\dayta\AppData\Local\Programs\Python\Python311\Lib\encodings\cp1251.py", line 19, in encode
    return codecs.charmap_encode(input,self.errors,encoding_table)[0]
           ^^^^^^^^^^^^^^^^^^^^^^^^^^^^^^^^^^^^^^^^^^^^^^^^^^^^^^^
UnicodeEncodeError: 'charmap' codec can't encode characters in position 117-120: character maps to <undefined>
Call stack:
  File "C:\Projects\Сайт анализ ниш1\scripts\run_discovery_worker.py", line 117, in <module>
    raise SystemExit(main())
  File "C:\Projects\Сайт анализ ниш1\scripts\run_discovery_worker.py", line 99, in main
    run_discovery_worker(
  File "C:\Projects\Сайт анализ ниш1\app\services\discovery_worker_runtime.py", line 118, in run_discovery_worker
    summary = run_discovery_cycle(
  File "C:\Projects\Сайт анализ ниш1\app\services\discovery_cycle.py", line 491, in run_discovery_cycle
    return asyncio.run(
  File "C:\Users\dayta\AppData\Local\Programs\Python\Python311\Lib\asyncio\runners.py", line 190, in run
    return runner.run(main)
  File "C:\Users\dayta\AppData\Local\Programs\Python\Python311\Lib\asyncio\runners.py", line 118, in run
    return self._loop.run_until_complete(task)
  File "C:\Users\dayta\AppData\Local\Programs\Python\Python311\Lib\asyncio\base_events.py", line 640, in run_until_complete
    self.run_forever()
  File "C:\Users\dayta\AppData\Local\Programs\Python\Python311\Lib\asyncio\windows_events.py", line 321, in run_forever
    super().run_forever()
  File "C:\Users\dayta\AppData\Local\Programs\Python\Python311\Lib\asyncio\base_events.py", line 607, in run_forever
    self._run_once()
  File "C:\Users\dayta\AppData\Local\Programs\Python\Python311\Lib\asyncio\base_events.py", line 1922, in _run_once
    handle._run()
  File "C:\Users\dayta\AppData\Local\Programs\Python\Python311\Lib\asyncio\events.py", line 80, in _run
    self._context.run(self._callback, *self._args)
  File "C:\Projects\Сайт анализ ниш1\app\services\discovery_cycle.py", line 322, in run_discovery_cycle_async
    persist_results, kw_duplicates_from_batch = batch_persist_discovered_videos(
  File "C:\Projects\Сайт анализ ниш1\app\services\discovered_video_batch.py", line 63, in batch_persist_discovered_videos
    outcome = persist_discovered_video(
  File "C:\Projects\Сайт анализ ниш1\app\services\discovered_video_persistence.py", line 202, in persist_discovered_video
    _upsert_discovered_channel(
  File "C:\Projects\Сайт анализ ниш1\app\services\discovered_video_persistence.py", line 150, in _upsert_discovered_channel
    session.execute(
  File "C:\Users\dayta\AppData\Local\Programs\Python\Python311\Lib\site-packages\sqlalchemy\orm\session.py", line 2373, in execute
    return self._execute_internal(
  File "C:\Users\dayta\AppData\Local\Programs\Python\Python311\Lib\site-packages\sqlalchemy\orm\session.py", line 2271, in _execute_internal
    result: Result[Any] = compile_state_cls.orm_execute_statement(
  File "C:\Users\dayta\AppData\Local\Programs\Python\Python311\Lib\site-packages\sqlalchemy\orm\bulk_persistence.py", line 1306, in orm_execute_statement
    result = conn.execute(
  File "C:\Users\dayta\AppData\Local\Programs\Python\Python311\Lib\site-packages\sqlalchemy\engine\base.py", line 1421, in execute
    return meth(
  File "C:\Users\dayta\AppData\Local\Programs\Python\Python311\Lib\site-packages\sqlalchemy\sql\elements.py", line 526, in _execute_on_connection
    return connection._execute_clauseelement(
  File "C:\Users\dayta\AppData\Local\Programs\Python\Python311\Lib\site-packages\sqlalchemy\engine\base.py", line 1643, in _execute_clauseelement
    ret = self._execute_context(
  File "C:\Users\dayta\AppData\Local\Programs\Python\Python311\Lib\site-packages\sqlalchemy\engine\base.py", line 1848, in _execute_context
    return self._exec_single_context(
  File "C:\Users\dayta\AppData\Local\Programs\Python\Python311\Lib\site-packages\sqlalchemy\engine\base.py", line 1906, in _exec_single_context
    self._log_info(
  File "C:\Users\dayta\AppData\Local\Programs\Python\Python311\Lib\site-packages\sqlalchemy\engine\base.py", line 188, in _log_info
    self.engine.logger.info(message, *arg, **kw)
  File "C:\Users\dayta\AppData\Local\Programs\Python\Python311\Lib\site-packages\sqlalchemy\log.py", line 159, in info
    self.log(logging.INFO, msg, *args, **kwargs)
  File "C:\Users\dayta\AppData\Local\Programs\Python\Python311\Lib\site-packages\sqlalchemy\log.py", line 210, in log
    self.logger._log(level, msg, args, **kwargs)
Message: '[%s] %r'
Arguments: ('no key 0.00038s', {'id': 'UCpfS0HGq2cS2ARzWsTebgAA', 'title': '\u751f\u6d3b\u5c0f\u9986', 'subscribers_count': 0, 'topic': None, 'custom_url': None, 'created_at': datetime.datetime(2026, 10, 6, 15, 47, 59, 169497, tzinfo=datetime.timezone.utc), 'param_1': '\u751f\u6d3b\u5c0f\u9986', 'param_2': datetime.datetime(2026, 10, 6, 15, 47, 59, 169497, tzinfo=datetime.timezone.utc)})
--- Logging error ---
Traceback (most recent call last):
  File "C:\Users\dayta\AppData\Local\Programs\Python\Python311\Lib\logging\__init__.py", line 1113, in emit
    stream.write(msg + self.terminator)
  File "C:\Users\dayta\AppData\Local\Programs\Python\Python311\Lib\encodings\cp1251.py", line 19, in encode
    return codecs.charmap_encode(input,self.errors,encoding_table)[0]
           ^^^^^^^^^^^^^^^^^^^^^^^^^^^^^^^^^^^^^^^^^^^^^^^^^^^^^^^
UnicodeEncodeError: 'charmap' codec can't encode characters in position 117-122: character maps to <undefined>
Call stack:
  File "C:\Projects\Сайт анализ ниш1\scripts\run_discovery_worker.py", line 117, in <module>
    raise SystemExit(main())
  File "C:\Projects\Сайт анализ ниш1\scripts\run_discovery_worker.py", line 99, in main
    run_discovery_worker(
  File "C:\Projects\Сайт анализ ниш1\app\services\discovery_worker_runtime.py", line 118, in run_discovery_worker
    summary = run_discovery_cycle(
  File "C:\Projects\Сайт анализ ниш1\app\services\discovery_cycle.py", line 491, in run_discovery_cycle
    return asyncio.run(
  File "C:\Users\dayta\AppData\Local\Programs\Python\Python311\Lib\asyncio\runners.py", line 190, in run
    return runner.run(main)
  File "C:\Users\dayta\AppData\Local\Programs\Python\Python311\Lib\asyncio\runners.py", line 118, in run
    return self._loop.run_until_complete(task)
  File "C:\Users\dayta\AppData\Local\Programs\Python\Python311\Lib\asyncio\base_events.py", line 640, in run_until_complete
    self.run_forever()
  File "C:\Users\dayta\AppData\Local\Programs\Python\Python311\Lib\asyncio\windows_events.py", line 321, in run_forever
    super().run_forever()
  File "C:\Users\dayta\AppData\Local\Programs\Python\Python311\Lib\asyncio\base_events.py", line 607, in run_forever
    self._run_once()
  File "C:\Users\dayta\AppData\Local\Programs\Python\Python311\Lib\asyncio\base_events.py", line 1922, in _run_once
    handle._run()
  File "C:\Users\dayta\AppData\Local\Programs\Python\Python311\Lib\asyncio\events.py", line 80, in _run
    self._context.run(self._callback, *self._args)
  File "C:\Projects\Сайт анализ ниш1\app\services\discovery_cycle.py", line 322, in run_discovery_cycle_async
    persist_results, kw_duplicates_from_batch = batch_persist_discovered_videos(
  File "C:\Projects\Сайт анализ ниш1\app\services\discovered_video_batch.py", line 63, in batch_persist_discovered_videos
    outcome = persist_discovered_video(
  File "C:\Projects\Сайт анализ ниш1\app\services\discovered_video_persistence.py", line 202, in persist_discovered_video
    _upsert_discovered_channel(
  File "C:\Projects\Сайт анализ ниш1\app\services\discovered_video_persistence.py", line 150, in _upsert_discovered_channel
    session.execute(
  File "C:\Users\dayta\AppData\Local\Programs\Python\Python311\Lib\site-packages\sqlalchemy\orm\session.py", line 2373, in execute
    return self._execute_internal(
  File "C:\Users\dayta\AppData\Local\Programs\Python\Python311\Lib\site-packages\sqlalchemy\orm\session.py", line 2271, in _execute_internal
    result: Result[Any] = compile_state_cls.orm_execute_statement(
  File "C:\Users\dayta\AppData\Local\Programs\Python\Python311\Lib\site-packages\sqlalchemy\orm\bulk_persistence.py", line 1306, in orm_execute_statement
    result = conn.execute(
  File "C:\Users\dayta\AppData\Local\Programs\Python\Python311\Lib\site-packages\sqlalchemy\engine\base.py", line 1421, in execute
    return meth(
  File "C:\Users\dayta\AppData\Local\Programs\Python\Python311\Lib\site-packages\sqlalchemy\sql\elements.py", line 526, in _execute_on_connection
    return connection._execute_clauseelement(
  File "C:\Users\dayta\AppData\Local\Programs\Python\Python311\Lib\site-packages\sqlalchemy\engine\base.py", line 1643, in _execute_clauseelement
    ret = self._execute_context(
  File "C:\Users\dayta\AppData\Local\Programs\Python\Python311\Lib\site-packages\sqlalchemy\engine\base.py", line 1848, in _execute_context
    return self._exec_single_context(
  File "C:\Users\dayta\AppData\Local\Programs\Python\Python311\Lib\site-packages\sqlalchemy\engine\base.py", line 1906, in _exec_single_context
    self._log_info(
  File "C:\Users\dayta\AppData\Local\Programs\Python\Python311\Lib\site-packages\sqlalchemy\engine\base.py", line 188, in _log_info
    self.engine.logger.info(message, *arg, **kw)
  File "C:\Users\dayta\AppData\Local\Programs\Python\Python311\Lib\site-packages\sqlalchemy\log.py", line 159, in info
    self.log(logging.INFO, msg, *args, **kwargs)
  File "C:\Users\dayta\AppData\Local\Programs\Python\Python311\Lib\site-packages\sqlalchemy\log.py", line 210, in log
    self.logger._log(level, msg, args, **kwargs)
Message: '[%s] %r'
Arguments: ('no key 0.00055s', {'id': 'UCPGKv-9jWp9NJ4zebPhgK8g', 'title': '\u5c0f\u6797\u5bb6\u7684\u7f8e\u98df', 'subscribers_count': 0, 'topic': None, 'custom_url': None, 'created_at': datetime.datetime(2026, 10, 6, 15, 47, 59, 205857, tzinfo=datetime.timezone.utc), 'param_1': '\u5c0f\u6797\u5bb6\u7684\u7f8e\u98df', 'param_2': datetime.datetime(2026, 10, 6, 15, 47, 59, 205857, tzinfo=datetime.timezone.utc)})
--- Logging error ---
Traceback (most recent call last):
  File "C:\Users\dayta\AppData\Local\Programs\Python\Python311\Lib\logging\__init__.py", line 1113, in emit
    stream.write(msg + self.terminator)
  File "C:\Users\dayta\AppData\Local\Programs\Python\Python311\Lib\encodings\cp1251.py", line 19, in encode
    return codecs.charmap_encode(input,self.errors,encoding_table)[0]
           ^^^^^^^^^^^^^^^^^^^^^^^^^^^^^^^^^^^^^^^^^^^^^^^^^^^^^^^
UnicodeEncodeError: 'charmap' codec can't encode character '\U0001f49c' in position 140: character maps to <undefined>
Call stack:
  File "C:\Projects\Сайт анализ ниш1\scripts\run_discovery_worker.py", line 117, in <module>
    raise SystemExit(main())
  File "C:\Projects\Сайт анализ ниш1\scripts\run_discovery_worker.py", line 99, in main
    run_discovery_worker(
  File "C:\Projects\Сайт анализ ниш1\app\services\discovery_worker_runtime.py", line 118, in run_discovery_worker
    summary = run_discovery_cycle(
  File "C:\Projects\Сайт анализ ниш1\app\services\discovery_cycle.py", line 491, in run_discovery_cycle
    return asyncio.run(
  File "C:\Users\dayta\AppData\Local\Programs\Python\Python311\Lib\asyncio\runners.py", line 190, in run
    return runner.run(main)
  File "C:\Users\dayta\AppData\Local\Programs\Python\Python311\Lib\asyncio\runners.py", line 118, in run
    return self._loop.run_until_complete(task)
  File "C:\Users\dayta\AppData\Local\Programs\Python\Python311\Lib\asyncio\base_events.py", line 640, in run_until_complete
    self.run_forever()
  File "C:\Users\dayta\AppData\Local\Programs\Python\Python311\Lib\asyncio\windows_events.py", line 321, in run_forever
    super().run_forever()
  File "C:\Users\dayta\AppData\Local\Programs\Python\Python311\Lib\asyncio\base_events.py", line 607, in run_forever
    self._run_once()
  File "C:\Users\dayta\AppData\Local\Programs\Python\Python311\Lib\asyncio\base_events.py", line 1922, in _run_once
    handle._run()
  File "C:\Users\dayta\AppData\Local\Programs\Python\Python311\Lib\asyncio\events.py", line 80, in _run
    self._context.run(self._callback, *self._args)
  File "C:\Projects\Сайт анализ ниш1\app\services\discovery_cycle.py", line 322, in run_discovery_cycle_async
    persist_results, kw_duplicates_from_batch = batch_persist_discovered_videos(
  File "C:\Projects\Сайт анализ ниш1\app\services\discovered_video_batch.py", line 63, in batch_persist_discovered_videos
    outcome = persist_discovered_video(
  File "C:\Projects\Сайт анализ ниш1\app\services\discovered_video_persistence.py", line 202, in persist_discovered_video
    _upsert_discovered_channel(
  File "C:\Projects\Сайт анализ ниш1\app\services\discovered_video_persistence.py", line 150, in _upsert_discovered_channel
    session.execute(
  File "C:\Users\dayta\AppData\Local\Programs\Python\Python311\Lib\site-packages\sqlalchemy\orm\session.py", line 2373, in execute
    return self._execute_internal(
  File "C:\Users\dayta\AppData\Local\Programs\Python\Python311\Lib\site-packages\sqlalchemy\orm\session.py", line 2271, in _execute_internal
    result: Result[Any] = compile_state_cls.orm_execute_statement(
  File "C:\Users\dayta\AppData\Local\Programs\Python\Python311\Lib\site-packages\sqlalchemy\orm\bulk_persistence.py", line 1306, in orm_execute_statement
    result = conn.execute(
  File "C:\Users\dayta\AppData\Local\Programs\Python\Python311\Lib\site-packages\sqlalchemy\engine\base.py", line 1421, in execute
    return meth(
  File "C:\Users\dayta\AppData\Local\Programs\Python\Python311\Lib\site-packages\sqlalchemy\sql\elements.py", line 526, in _execute_on_connection
    return connection._execute_clauseelement(
  File "C:\Users\dayta\AppData\Local\Programs\Python\Python311\Lib\site-packages\sqlalchemy\engine\base.py", line 1643, in _execute_clauseelement
    ret = self._execute_context(
  File "C:\Users\dayta\AppData\Local\Programs\Python\Python311\Lib\site-packages\sqlalchemy\engine\base.py", line 1848, in _execute_context
    return self._exec_single_context(
  File "C:\Users\dayta\AppData\Local\Programs\Python\Python311\Lib\site-packages\sqlalchemy\engine\base.py", line 1906, in _exec_single_context
    self._log_info(
  File "C:\Users\dayta\AppData\Local\Programs\Python\Python311\Lib\site-packages\sqlalchemy\engine\base.py", line 188, in _log_info
    self.engine.logger.info(message, *arg, **kw)
  File "C:\Users\dayta\AppData\Local\Programs\Python\Python311\Lib\site-packages\sqlalchemy\log.py", line 159, in info
    self.log(logging.INFO, msg, *args, **kwargs)
  File "C:\Users\dayta\AppData\Local\Programs\Python\Python311\Lib\site-packages\sqlalchemy\log.py", line 210, in log
    self.logger._log(level, msg, args, **kwargs)
Message: '[%s] %r'
Arguments: ('no key 0.00042s', {'id': 'UCzc9BJwXIGn3ZbkPskRLG-Q', 'title': 'Germany lo telugu ammai\U0001f49c', 'subscribers_count': 0, 'topic': None, 'custom_url': None, 'created_at': datetime.datetime(2026, 10, 6, 15, 47, 59, 257413, tzinfo=datetime.timezone.utc), 'param_1': 'Germany lo telugu ammai\U0001f49c', 'param_2': datetime.datetime(2026, 10, 6, 15, 47, 59, 257413, tzinfo=datetime.timezone.utc)})
--- Logging error ---
Traceback (most recent call last):
  File "C:\Users\dayta\AppData\Local\Programs\Python\Python311\Lib\logging\__init__.py", line 1113, in emit
    stream.write(msg + self.terminator)
  File "C:\Users\dayta\AppData\Local\Programs\Python\Python311\Lib\encodings\cp1251.py", line 19, in encode
    return codecs.charmap_encode(input,self.errors,encoding_table)[0]
           ^^^^^^^^^^^^^^^^^^^^^^^^^^^^^^^^^^^^^^^^^^^^^^^^^^^^^^^
UnicodeEncodeError: 'charmap' codec can't encode characters in position 120-121: character maps to <undefined>
Call stack:
  File "C:\Projects\Сайт анализ ниш1\scripts\run_discovery_worker.py", line 117, in <module>
    raise SystemExit(main())
  File "C:\Projects\Сайт анализ ниш1\scripts\run_discovery_worker.py", line 99, in main
    run_discovery_worker(
  File "C:\Projects\Сайт анализ ниш1\app\services\discovery_worker_runtime.py", line 118, in run_discovery_worker
    summary = run_discovery_cycle(
  File "C:\Projects\Сайт анализ ниш1\app\services\discovery_cycle.py", line 491, in run_discovery_cycle
    return asyncio.run(
  File "C:\Users\dayta\AppData\Local\Programs\Python\Python311\Lib\asyncio\runners.py", line 190, in run
    return runner.run(main)
  File "C:\Users\dayta\AppData\Local\Programs\Python\Python311\Lib\asyncio\runners.py", line 118, in run
    return self._loop.run_until_complete(task)
  File "C:\Users\dayta\AppData\Local\Programs\Python\Python311\Lib\asyncio\base_events.py", line 640, in run_until_complete
    self.run_forever()
  File "C:\Users\dayta\AppData\Local\Programs\Python\Python311\Lib\asyncio\windows_events.py", line 321, in run_forever
    super().run_forever()
  File "C:\Users\dayta\AppData\Local\Programs\Python\Python311\Lib\asyncio\base_events.py", line 607, in run_forever
    self._run_once()
  File "C:\Users\dayta\AppData\Local\Programs\Python\Python311\Lib\asyncio\base_events.py", line 1922, in _run_once
    handle._run()
  File "C:\Users\dayta\AppData\Local\Programs\Python\Python311\Lib\asyncio\events.py", line 80, in _run
    self._context.run(self._callback, *self._args)
  File "C:\Projects\Сайт анализ ниш1\app\services\discovery_cycle.py", line 322, in run_discovery_cycle_async
    persist_results, kw_duplicates_from_batch = batch_persist_discovered_videos(
  File "C:\Projects\Сайт анализ ниш1\app\services\discovered_video_batch.py", line 63, in batch_persist_discovered_videos
    outcome = persist_discovered_video(
  File "C:\Projects\Сайт анализ ниш1\app\services\discovered_video_persistence.py", line 202, in persist_discovered_video
    _upsert_discovered_channel(
  File "C:\Projects\Сайт анализ ниш1\app\services\discovered_video_persistence.py", line 150, in _upsert_discovered_channel
    session.execute(
  File "C:\Users\dayta\AppData\Local\Programs\Python\Python311\Lib\site-packages\sqlalchemy\orm\session.py", line 2373, in execute
    return self._execute_internal(
  File "C:\Users\dayta\AppData\Local\Programs\Python\Python311\Lib\site-packages\sqlalchemy\orm\session.py", line 2271, in _execute_internal
    result: Result[Any] = compile_state_cls.orm_execute_statement(
  File "C:\Users\dayta\AppData\Local\Programs\Python\Python311\Lib\site-packages\sqlalchemy\orm\bulk_persistence.py", line 1306, in orm_execute_statement
    result = conn.execute(
  File "C:\Users\dayta\AppData\Local\Programs\Python\Python311\Lib\site-packages\sqlalchemy\engine\base.py", line 1421, in execute
    return meth(
  File "C:\Users\dayta\AppData\Local\Programs\Python\Python311\Lib\site-packages\sqlalchemy\sql\elements.py", line 526, in _execute_on_connection
    return connection._execute_clauseelement(
  File "C:\Users\dayta\AppData\Local\Programs\Python\Python311\Lib\site-packages\sqlalchemy\engine\base.py", line 1643, in _execute_clauseelement
    ret = self._execute_context(
  File "C:\Users\dayta\AppData\Local\Programs\Python\Python311\Lib\site-packages\sqlalchemy\engine\base.py", line 1848, in _execute_context
    return self._exec_single_context(
  File "C:\Users\dayta\AppData\Local\Programs\Python\Python311\Lib\site-packages\sqlalchemy\engine\base.py", line 1906, in _exec_single_context
    self._log_info(
  File "C:\Users\dayta\AppData\Local\Programs\Python\Python311\Lib\site-packages\sqlalchemy\engine\base.py", line 188, in _log_info
    self.engine.logger.info(message, *arg, **kw)
  File "C:\Users\dayta\AppData\Local\Programs\Python\Python311\Lib\site-packages\sqlalchemy\log.py", line 159, in info
    self.log(logging.INFO, msg, *args, **kwargs)
  File "C:\Users\dayta\AppData\Local\Programs\Python\Python311\Lib\site-packages\sqlalchemy\log.py", line 210, in log
    self.logger._log(level, msg, args, **kwargs)
Message: '[%s] %r'
Arguments: ('no key 0.00030s', {'id': 'UCRWXRpQeEJCXX6RnPjDxc4A', 'title': 'RT \U0001f1ea\U0001f1e6  DREAM  WORLD', 'subscribers_count': 0, 'topic': None, 'custom_url': None, 'created_at': datetime.datetime(2026, 10, 6, 15, 47, 59, 301409, tzinfo=datetime.timezone.utc), 'param_1': 'RT \U0001f1ea\U0001f1e6  DREAM  WORLD', 'param_2': datetime.datetime(2026, 10, 6, 15, 47, 59, 301409, tzinfo=datetime.timezone.utc)})
--- Logging error ---
Traceback (most recent call last):
  File "C:\Users\dayta\AppData\Local\Programs\Python\Python311\Lib\logging\__init__.py", line 1113, in emit
    stream.write(msg + self.terminator)
  File "C:\Users\dayta\AppData\Local\Programs\Python\Python311\Lib\encodings\cp1251.py", line 19, in encode
    return codecs.charmap_encode(input,self.errors,encoding_table)[0]
           ^^^^^^^^^^^^^^^^^^^^^^^^^^^^^^^^^^^^^^^^^^^^^^^^^^^^^^^
UnicodeEncodeError: 'charmap' codec can't encode character '\u25cf' in position 117: character maps to <undefined>
Call stack:
  File "C:\Projects\Сайт анализ ниш1\scripts\run_discovery_worker.py", line 117, in <module>
    raise SystemExit(main())
  File "C:\Projects\Сайт анализ ниш1\scripts\run_discovery_worker.py", line 99, in main
    run_discovery_worker(
  File "C:\Projects\Сайт анализ ниш1\app\services\discovery_worker_runtime.py", line 118, in run_discovery_worker
    summary = run_discovery_cycle(
  File "C:\Projects\Сайт анализ ниш1\app\services\discovery_cycle.py", line 491, in run_discovery_cycle
    return asyncio.run(
  File "C:\Users\dayta\AppData\Local\Programs\Python\Python311\Lib\asyncio\runners.py", line 190, in run
    return runner.run(main)
  File "C:\Users\dayta\AppData\Local\Programs\Python\Python311\Lib\asyncio\runners.py", line 118, in run
    return self._loop.run_until_complete(task)
  File "C:\Users\dayta\AppData\Local\Programs\Python\Python311\Lib\asyncio\base_events.py", line 640, in run_until_complete
    self.run_forever()
  File "C:\Users\dayta\AppData\Local\Programs\Python\Python311\Lib\asyncio\windows_events.py", line 321, in run_forever
    super().run_forever()
  File "C:\Users\dayta\AppData\Local\Programs\Python\Python311\Lib\asyncio\base_events.py", line 607, in run_forever
    self._run_once()
  File "C:\Users\dayta\AppData\Local\Programs\Python\Python311\Lib\asyncio\base_events.py", line 1922, in _run_once
    handle._run()
  File "C:\Users\dayta\AppData\Local\Programs\Python\Python311\Lib\asyncio\events.py", line 80, in _run
    self._context.run(self._callback, *self._args)
  File "C:\Projects\Сайт анализ ниш1\app\services\discovery_cycle.py", line 322, in run_discovery_cycle_async
    persist_results, kw_duplicates_from_batch = batch_persist_discovered_videos(
  File "C:\Projects\Сайт анализ ниш1\app\services\discovered_video_batch.py", line 63, in batch_persist_discovered_videos
    outcome = persist_discovered_video(
  File "C:\Projects\Сайт анализ ниш1\app\services\discovered_video_persistence.py", line 202, in persist_discovered_video
    _upsert_discovered_channel(
  File "C:\Projects\Сайт анализ ниш1\app\services\discovered_video_persistence.py", line 150, in _upsert_discovered_channel
    session.execute(
  File "C:\Users\dayta\AppData\Local\Programs\Python\Python311\Lib\site-packages\sqlalchemy\orm\session.py", line 2373, in execute
    return self._execute_internal(
  File "C:\Users\dayta\AppData\Local\Programs\Python\Python311\Lib\site-packages\sqlalchemy\orm\session.py", line 2271, in _execute_internal
    result: Result[Any] = compile_state_cls.orm_execute_statement(
  File "C:\Users\dayta\AppData\Local\Programs\Python\Python311\Lib\site-packages\sqlalchemy\orm\bulk_persistence.py", line 1306, in orm_execute_statement
    result = conn.execute(
  File "C:\Users\dayta\AppData\Local\Programs\Python\Python311\Lib\site-packages\sqlalchemy\engine\base.py", line 1421, in execute
    return meth(
  File "C:\Users\dayta\AppData\Local\Programs\Python\Python311\Lib\site-packages\sqlalchemy\sql\elements.py", line 526, in _execute_on_connection
    return connection._execute_clauseelement(
  File "C:\Users\dayta\AppData\Local\Programs\Python\Python311\Lib\site-packages\sqlalchemy\engine\base.py", line 1643, in _execute_clauseelement
    ret = self._execute_context(
  File "C:\Users\dayta\AppData\Local\Programs\Python\Python311\Lib\site-packages\sqlalchemy\engine\base.py", line 1848, in _execute_context
    return self._exec_single_context(
  File "C:\Users\dayta\AppData\Local\Programs\Python\Python311\Lib\site-packages\sqlalchemy\engine\base.py", line 1906, in _exec_single_context
    self._log_info(
  File "C:\Users\dayta\AppData\Local\Programs\Python\Python311\Lib\site-packages\sqlalchemy\engine\base.py", line 188, in _log_info
    self.engine.logger.info(message, *arg, **kw)
  File "C:\Users\dayta\AppData\Local\Programs\Python\Python311\Lib\site-packages\sqlalchemy\log.py", line 159, in info
    self.log(logging.INFO, msg, *args, **kwargs)
  File "C:\Users\dayta\AppData\Local\Programs\Python\Python311\Lib\site-packages\sqlalchemy\log.py", line 210, in log
    self.logger._log(level, msg, args, **kwargs)
Message: '[%s] %r'
Arguments: ('no key 0.00042s', {'id': 'UChFmAEMSGE3ULIMS7crZEwA', 'title': '\u25cfwawa\u25cf', 'subscribers_count': 0, 'topic': None, 'custom_url': None, 'created_at': datetime.datetime(2026, 10, 6, 15, 47, 59, 311317, tzinfo=datetime.timezone.utc), 'param_1': '\u25cfwawa\u25cf', 'param_2': datetime.datetime(2026, 10, 6, 15, 47, 59, 311317, tzinfo=datetime.timezone.utc)})
--- Logging error ---
Traceback (most recent call last):
  File "C:\Users\dayta\AppData\Local\Programs\Python\Python311\Lib\logging\__init__.py", line 1113, in emit
    stream.write(msg + self.terminator)
  File "C:\Users\dayta\AppData\Local\Programs\Python\Python311\Lib\encodings\cp1251.py", line 19, in encode
    return codecs.charmap_encode(input,self.errors,encoding_table)[0]
           ^^^^^^^^^^^^^^^^^^^^^^^^^^^^^^^^^^^^^^^^^^^^^^^^^^^^^^^
UnicodeEncodeError: 'charmap' codec can't encode character '\ufe0f' in position 148: character maps to <undefined>
Call stack:
  File "C:\Projects\Сайт анализ ниш1\scripts\run_discovery_worker.py", line 117, in <module>
    raise SystemExit(main())
  File "C:\Projects\Сайт анализ ниш1\scripts\run_discovery_worker.py", line 99, in main
    run_discovery_worker(
  File "C:\Projects\Сайт анализ ниш1\app\services\discovery_worker_runtime.py", line 118, in run_discovery_worker
    summary = run_discovery_cycle(
  File "C:\Projects\Сайт анализ ниш1\app\services\discovery_cycle.py", line 491, in run_discovery_cycle
    return asyncio.run(
  File "C:\Users\dayta\AppData\Local\Programs\Python\Python311\Lib\asyncio\runners.py", line 190, in run
    return runner.run(main)
  File "C:\Users\dayta\AppData\Local\Programs\Python\Python311\Lib\asyncio\runners.py", line 118, in run
    return self._loop.run_until_complete(task)
  File "C:\Users\dayta\AppData\Local\Programs\Python\Python311\Lib\asyncio\base_events.py", line 640, in run_until_complete
    self.run_forever()
  File "C:\Users\dayta\AppData\Local\Programs\Python\Python311\Lib\asyncio\windows_events.py", line 321, in run_forever
    super().run_forever()
  File "C:\Users\dayta\AppData\Local\Programs\Python\Python311\Lib\asyncio\base_events.py", line 607, in run_forever
    self._run_once()
  File "C:\Users\dayta\AppData\Local\Programs\Python\Python311\Lib\asyncio\base_events.py", line 1922, in _run_once
    handle._run()
  File "C:\Users\dayta\AppData\Local\Programs\Python\Python311\Lib\asyncio\events.py", line 80, in _run
    self._context.run(self._callback, *self._args)
  File "C:\Projects\Сайт анализ ниш1\app\services\discovery_cycle.py", line 322, in run_discovery_cycle_async
    persist_results, kw_duplicates_from_batch = batch_persist_discovered_videos(
  File "C:\Projects\Сайт анализ ниш1\app\services\discovered_video_batch.py", line 63, in batch_persist_discovered_videos
    outcome = persist_discovered_video(
  File "C:\Projects\Сайт анализ ниш1\app\services\discovered_video_persistence.py", line 202, in persist_discovered_video
    _upsert_discovered_channel(
  File "C:\Projects\Сайт анализ ниш1\app\services\discovered_video_persistence.py", line 150, in _upsert_discovered_channel
    session.execute(
  File "C:\Users\dayta\AppData\Local\Programs\Python\Python311\Lib\site-packages\sqlalchemy\orm\session.py", line 2373, in execute
    return self._execute_internal(
  File "C:\Users\dayta\AppData\Local\Programs\Python\Python311\Lib\site-packages\sqlalchemy\orm\session.py", line 2271, in _execute_internal
    result: Result[Any] = compile_state_cls.orm_execute_statement(
  File "C:\Users\dayta\AppData\Local\Programs\Python\Python311\Lib\site-packages\sqlalchemy\orm\bulk_persistence.py", line 1306, in orm_execute_statement
    result = conn.execute(
  File "C:\Users\dayta\AppData\Local\Programs\Python\Python311\Lib\site-packages\sqlalchemy\engine\base.py", line 1421, in execute
    return meth(
  File "C:\Users\dayta\AppData\Local\Programs\Python\Python311\Lib\site-packages\sqlalchemy\sql\elements.py", line 526, in _execute_on_connection
    return connection._execute_clauseelement(
  File "C:\Users\dayta\AppData\Local\Programs\Python\Python311\Lib\site-packages\sqlalchemy\engine\base.py", line 1643, in _execute_clauseelement
    ret = self._execute_context(
  File "C:\Users\dayta\AppData\Local\Programs\Python\Python311\Lib\site-packages\sqlalchemy\engine\base.py", line 1848, in _execute_context
    return self._exec_single_context(
  File "C:\Users\dayta\AppData\Local\Programs\Python\Python311\Lib\site-packages\sqlalchemy\engine\base.py", line 1906, in _exec_single_context
    self._log_info(
  File "C:\Users\dayta\AppData\Local\Programs\Python\Python311\Lib\site-packages\sqlalchemy\engine\base.py", line 188, in _log_info
    self.engine.logger.info(message, *arg, **kw)
  File "C:\Users\dayta\AppData\Local\Programs\Python\Python311\Lib\site-packages\sqlalchemy\log.py", line 159, in info
    self.log(logging.INFO, msg, *args, **kwargs)
  File "C:\Users\dayta\AppData\Local\Programs\Python\Python311\Lib\site-packages\sqlalchemy\log.py", line 210, in log
    self.logger._log(level, msg, args, **kwargs)
Message: '[%s] %r'
Arguments: ('no key 0.00063s', {'id': 'UCegzWUCTwT-gXC1rxfgbEBw', 'title': 'The Only Dishwasher on YouTube™\ufe0f', 'subscribers_count': 0, 'topic': None, 'custom_url': None, 'created_at': datetime.datetime(2026, 10, 6, 15, 47, 59, 347720, tzinfo=datetime.timezone.utc), 'param_1': 'The Only Dishwasher on YouTube™\ufe0f', 'param_2': datetime.datetime(2026, 10, 6, 15, 47, 59, 347720, tzinfo=datetime.timezone.utc)})
--- Logging error ---
Traceback (most recent call last):
  File "C:\Users\dayta\AppData\Local\Programs\Python\Python311\Lib\logging\__init__.py", line 1113, in emit
    stream.write(msg + self.terminator)
  File "C:\Users\dayta\AppData\Local\Programs\Python\Python311\Lib\encodings\cp1251.py", line 19, in encode
    return codecs.charmap_encode(input,self.errors,encoding_table)[0]
           ^^^^^^^^^^^^^^^^^^^^^^^^^^^^^^^^^^^^^^^^^^^^^^^^^^^^^^^
UnicodeEncodeError: 'charmap' codec can't encode characters in position 117-123: character maps to <undefined>
Call stack:
  File "C:\Projects\Сайт анализ ниш1\scripts\run_discovery_worker.py", line 117, in <module>
    raise SystemExit(main())
  File "C:\Projects\Сайт анализ ниш1\scripts\run_discovery_worker.py", line 99, in main
    run_discovery_worker(
  File "C:\Projects\Сайт анализ ниш1\app\services\discovery_worker_runtime.py", line 118, in run_discovery_worker
    summary = run_discovery_cycle(
  File "C:\Projects\Сайт анализ ниш1\app\services\discovery_cycle.py", line 491, in run_discovery_cycle
    return asyncio.run(
  File "C:\Users\dayta\AppData\Local\Programs\Python\Python311\Lib\asyncio\runners.py", line 190, in run
    return runner.run(main)
  File "C:\Users\dayta\AppData\Local\Programs\Python\Python311\Lib\asyncio\runners.py", line 118, in run
    return self._loop.run_until_complete(task)
  File "C:\Users\dayta\AppData\Local\Programs\Python\Python311\Lib\asyncio\base_events.py", line 640, in run_until_complete
    self.run_forever()
  File "C:\Users\dayta\AppData\Local\Programs\Python\Python311\Lib\asyncio\windows_events.py", line 321, in run_forever
    super().run_forever()
  File "C:\Users\dayta\AppData\Local\Programs\Python\Python311\Lib\asyncio\base_events.py", line 607, in run_forever
    self._run_once()
  File "C:\Users\dayta\AppData\Local\Programs\Python\Python311\Lib\asyncio\base_events.py", line 1922, in _run_once
    handle._run()
  File "C:\Users\dayta\AppData\Local\Programs\Python\Python311\Lib\asyncio\events.py", line 80, in _run
    self._context.run(self._callback, *self._args)
  File "C:\Projects\Сайт анализ ниш1\app\services\discovery_cycle.py", line 322, in run_discovery_cycle_async
    persist_results, kw_duplicates_from_batch = batch_persist_discovered_videos(
  File "C:\Projects\Сайт анализ ниш1\app\services\discovered_video_batch.py", line 63, in batch_persist_discovered_videos
    outcome = persist_discovered_video(
  File "C:\Projects\Сайт анализ ниш1\app\services\discovered_video_persistence.py", line 202, in persist_discovered_video
    _upsert_discovered_channel(
  File "C:\Projects\Сайт анализ ниш1\app\services\discovered_video_persistence.py", line 150, in _upsert_discovered_channel
    session.execute(
  File "C:\Users\dayta\AppData\Local\Programs\Python\Python311\Lib\site-packages\sqlalchemy\orm\session.py", line 2373, in execute
    return self._execute_internal(
  File "C:\Users\dayta\AppData\Local\Programs\Python\Python311\Lib\site-packages\sqlalchemy\orm\session.py", line 2271, in _execute_internal
    result: Result[Any] = compile_state_cls.orm_execute_statement(
  File "C:\Users\dayta\AppData\Local\Programs\Python\Python311\Lib\site-packages\sqlalchemy\orm\bulk_persistence.py", line 1306, in orm_execute_statement
    result = conn.execute(
  File "C:\Users\dayta\AppData\Local\Programs\Python\Python311\Lib\site-packages\sqlalchemy\engine\base.py", line 1421, in execute
    return meth(
  File "C:\Users\dayta\AppData\Local\Programs\Python\Python311\Lib\site-packages\sqlalchemy\sql\elements.py", line 526, in _execute_on_connection
    return connection._execute_clauseelement(
  File "C:\Users\dayta\AppData\Local\Programs\Python\Python311\Lib\site-packages\sqlalchemy\engine\base.py", line 1643, in _execute_clauseelement
    ret = self._execute_context(
  File "C:\Users\dayta\AppData\Local\Programs\Python\Python311\Lib\site-packages\sqlalchemy\engine\base.py", line 1848, in _execute_context
    return self._exec_single_context(
  File "C:\Users\dayta\AppData\Local\Programs\Python\Python311\Lib\site-packages\sqlalchemy\engine\base.py", line 1906, in _exec_single_context
    self._log_info(
  File "C:\Users\dayta\AppData\Local\Programs\Python\Python311\Lib\site-packages\sqlalchemy\engine\base.py", line 188, in _log_info
    self.engine.logger.info(message, *arg, **kw)
  File "C:\Users\dayta\AppData\Local\Programs\Python\Python311\Lib\site-packages\sqlalchemy\log.py", line 159, in info
    self.log(logging.INFO, msg, *args, **kwargs)
  File "C:\Users\dayta\AppData\Local\Programs\Python\Python311\Lib\site-packages\sqlalchemy\log.py", line 210, in log
    self.logger._log(level, msg, args, **kwargs)
Message: '[%s] %r'
Arguments: ('no key 0.00038s', {'id': 'UCYBgGycDMg71VtOo043ECLw', 'title': '\u30ac\u30eb\u30da\u30f3\u3061\u3083\u3093', 'subscribers_count': 0, 'topic': None, 'custom_url': None, 'created_at': datetime.datetime(2026, 10, 6, 15, 47, 59, 372318, tzinfo=datetime.timezone.utc), 'param_1': '\u30ac\u30eb\u30da\u30f3\u3061\u3083\u3093', 'param_2': datetime.datetime(2026, 10, 6, 15, 47, 59, 372318, tzinfo=datetime.timezone.utc)})
--- Logging error ---
Traceback (most recent call last):
  File "C:\Users\dayta\AppData\Local\Programs\Python\Python311\Lib\logging\__init__.py", line 1113, in emit
    stream.write(msg + self.terminator)
  File "C:\Users\dayta\AppData\Local\Programs\Python\Python311\Lib\encodings\cp1251.py", line 19, in encode
    return codecs.charmap_encode(input,self.errors,encoding_table)[0]
           ^^^^^^^^^^^^^^^^^^^^^^^^^^^^^^^^^^^^^^^^^^^^^^^^^^^^^^^
UnicodeEncodeError: 'charmap' codec can't encode character '\U0001f33f' in position 130: character maps to <undefined>
Call stack:
  File "C:\Projects\Сайт анализ ниш1\scripts\run_discovery_worker.py", line 117, in <module>
    raise SystemExit(main())
  File "C:\Projects\Сайт анализ ниш1\scripts\run_discovery_worker.py", line 99, in main
    run_discovery_worker(
  File "C:\Projects\Сайт анализ ниш1\app\services\discovery_worker_runtime.py", line 118, in run_discovery_worker
    summary = run_discovery_cycle(
  File "C:\Projects\Сайт анализ ниш1\app\services\discovery_cycle.py", line 491, in run_discovery_cycle
    return asyncio.run(
  File "C:\Users\dayta\AppData\Local\Programs\Python\Python311\Lib\asyncio\runners.py", line 190, in run
    return runner.run(main)
  File "C:\Users\dayta\AppData\Local\Programs\Python\Python311\Lib\asyncio\runners.py", line 118, in run
    return self._loop.run_until_complete(task)
  File "C:\Users\dayta\AppData\Local\Programs\Python\Python311\Lib\asyncio\base_events.py", line 640, in run_until_complete
    self.run_forever()
  File "C:\Users\dayta\AppData\Local\Programs\Python\Python311\Lib\asyncio\windows_events.py", line 321, in run_forever
    super().run_forever()
  File "C:\Users\dayta\AppData\Local\Programs\Python\Python311\Lib\asyncio\base_events.py", line 607, in run_forever
    self._run_once()
  File "C:\Users\dayta\AppData\Local\Programs\Python\Python311\Lib\asyncio\base_events.py", line 1922, in _run_once
    handle._run()
  File "C:\Users\dayta\AppData\Local\Programs\Python\Python311\Lib\asyncio\events.py", line 80, in _run
    self._context.run(self._callback, *self._args)
  File "C:\Projects\Сайт анализ ниш1\app\services\discovery_cycle.py", line 322, in run_discovery_cycle_async
    persist_results, kw_duplicates_from_batch = batch_persist_discovered_videos(
  File "C:\Projects\Сайт анализ ниш1\app\services\discovered_video_batch.py", line 63, in batch_persist_discovered_videos
    outcome = persist_discovered_video(
  File "C:\Projects\Сайт анализ ниш1\app\services\discovered_video_persistence.py", line 202, in persist_discovered_video
    _upsert_discovered_channel(
  File "C:\Projects\Сайт анализ ниш1\app\services\discovered_video_persistence.py", line 150, in _upsert_discovered_channel
    session.execute(
  File "C:\Users\dayta\AppData\Local\Programs\Python\Python311\Lib\site-packages\sqlalchemy\orm\session.py", line 2373, in execute
    return self._execute_internal(
  File "C:\Users\dayta\AppData\Local\Programs\Python\Python311\Lib\site-packages\sqlalchemy\orm\session.py", line 2271, in _execute_internal
    result: Result[Any] = compile_state_cls.orm_execute_statement(
  File "C:\Users\dayta\AppData\Local\Programs\Python\Python311\Lib\site-packages\sqlalchemy\orm\bulk_persistence.py", line 1306, in orm_execute_statement
    result = conn.execute(
  File "C:\Users\dayta\AppData\Local\Programs\Python\Python311\Lib\site-packages\sqlalchemy\engine\base.py", line 1421, in execute
    return meth(
  File "C:\Users\dayta\AppData\Local\Programs\Python\Python311\Lib\site-packages\sqlalchemy\sql\elements.py", line 526, in _execute_on_connection
    return connection._execute_clauseelement(
  File "C:\Users\dayta\AppData\Local\Programs\Python\Python311\Lib\site-packages\sqlalchemy\engine\base.py", line 1643, in _execute_clauseelement
    ret = self._execute_context(
  File "C:\Users\dayta\AppData\Local\Programs\Python\Python311\Lib\site-packages\sqlalchemy\engine\base.py", line 1848, in _execute_context
    return self._exec_single_context(
  File "C:\Users\dayta\AppData\Local\Programs\Python\Python311\Lib\site-packages\sqlalchemy\engine\base.py", line 1906, in _exec_single_context
    self._log_info(
  File "C:\Users\dayta\AppData\Local\Programs\Python\Python311\Lib\site-packages\sqlalchemy\engine\base.py", line 188, in _log_info
    self.engine.logger.info(message, *arg, **kw)
  File "C:\Users\dayta\AppData\Local\Programs\Python\Python311\Lib\site-packages\sqlalchemy\log.py", line 159, in info
    self.log(logging.INFO, msg, *args, **kwargs)
  File "C:\Users\dayta\AppData\Local\Programs\Python\Python311\Lib\site-packages\sqlalchemy\log.py", line 210, in log
    self.logger._log(level, msg, args, **kwargs)
Message: '[%s] %r'
Arguments: ('no key 0.00038s', {'id': 'UCEerxab7ox96GjeL8jx5PuQ', 'title': 'Payong Ginto \U0001f33f', 'subscribers_count': 0, 'topic': None, 'custom_url': None, 'created_at': datetime.datetime(2026, 10, 6, 15, 47, 59, 542292, tzinfo=datetime.timezone.utc), 'param_1': 'Payong Ginto \U0001f33f', 'param_2': datetime.datetime(2026, 10, 6, 15, 47, 59, 542292, tzinfo=datetime.timezone.utc)})
--- Logging error ---
Traceback (most recent call last):
  File "C:\Users\dayta\AppData\Local\Programs\Python\Python311\Lib\logging\__init__.py", line 1113, in emit
    stream.write(msg + self.terminator)
  File "C:\Users\dayta\AppData\Local\Programs\Python\Python311\Lib\encodings\cp1251.py", line 19, in encode
    return codecs.charmap_encode(input,self.errors,encoding_table)[0]
           ^^^^^^^^^^^^^^^^^^^^^^^^^^^^^^^^^^^^^^^^^^^^^^^^^^^^^^^
UnicodeEncodeError: 'charmap' codec can't encode character '\U0001f525' in position 399: character maps to <undefined>
Call stack:
  File "C:\Projects\Сайт анализ ниш1\scripts\run_discovery_worker.py", line 117, in <module>
    raise SystemExit(main())
  File "C:\Projects\Сайт анализ ниш1\scripts\run_discovery_worker.py", line 99, in main
    run_discovery_worker(
  File "C:\Projects\Сайт анализ ниш1\app\services\discovery_worker_runtime.py", line 118, in run_discovery_worker
    summary = run_discovery_cycle(
  File "C:\Projects\Сайт анализ ниш1\app\services\discovery_cycle.py", line 491, in run_discovery_cycle
    return asyncio.run(
  File "C:\Users\dayta\AppData\Local\Programs\Python\Python311\Lib\asyncio\runners.py", line 190, in run
    return runner.run(main)
  File "C:\Users\dayta\AppData\Local\Programs\Python\Python311\Lib\asyncio\runners.py", line 118, in run
    return self._loop.run_until_complete(task)
  File "C:\Users\dayta\AppData\Local\Programs\Python\Python311\Lib\asyncio\base_events.py", line 640, in run_until_complete
    self.run_forever()
  File "C:\Users\dayta\AppData\Local\Programs\Python\Python311\Lib\asyncio\windows_events.py", line 321, in run_forever
    super().run_forever()
  File "C:\Users\dayta\AppData\Local\Programs\Python\Python311\Lib\asyncio\base_events.py", line 607, in run_forever
    self._run_once()
  File "C:\Users\dayta\AppData\Local\Programs\Python\Python311\Lib\asyncio\base_events.py", line 1922, in _run_once
    handle._run()
  File "C:\Users\dayta\AppData\Local\Programs\Python\Python311\Lib\asyncio\events.py", line 80, in _run
    self._context.run(self._callback, *self._args)
  File "C:\Projects\Сайт анализ ниш1\app\services\discovery_cycle.py", line 348, in run_discovery_cycle_async
    mark_hits_persisted_for_monitoring(
  File "C:\Projects\Сайт анализ ниш1\app\services\keyword_discovery_metrics_storage.py", line 154, in mark_hits_persisted_for_monitoring
    session.flush()
  File "C:\Users\dayta\AppData\Local\Programs\Python\Python311\Lib\site-packages\sqlalchemy\orm\session.py", line 4353, in flush
    self._flush(objects)
  File "C:\Users\dayta\AppData\Local\Programs\Python\Python311\Lib\site-packages\sqlalchemy\orm\session.py", line 4449, in _flush
    flush_context.execute()
  File "C:\Users\dayta\AppData\Local\Programs\Python\Python311\Lib\site-packages\sqlalchemy\orm\unitofwork.py", line 465, in execute
    rec.execute(self)
  File "C:\Users\dayta\AppData\Local\Programs\Python\Python311\Lib\site-packages\sqlalchemy\orm\unitofwork.py", line 641, in execute
    util.preloaded.orm_persistence.save_obj(
  File "C:\Users\dayta\AppData\Local\Programs\Python\Python311\Lib\site-packages\sqlalchemy\orm\persistence.py", line 86, in save_obj
    _emit_update_statements(
  File "C:\Users\dayta\AppData\Local\Programs\Python\Python311\Lib\site-packages\sqlalchemy\orm\persistence.py", line 913, in _emit_update_statements
    c = connection.execute(
  File "C:\Users\dayta\AppData\Local\Programs\Python\Python311\Lib\site-packages\sqlalchemy\engine\base.py", line 1421, in execute
    return meth(
  File "C:\Users\dayta\AppData\Local\Programs\Python\Python311\Lib\site-packages\sqlalchemy\sql\elements.py", line 526, in _execute_on_connection
    return connection._execute_clauseelement(
  File "C:\Users\dayta\AppData\Local\Programs\Python\Python311\Lib\site-packages\sqlalchemy\engine\base.py", line 1643, in _execute_clauseelement
    ret = self._execute_context(
  File "C:\Users\dayta\AppData\Local\Programs\Python\Python311\Lib\site-packages\sqlalchemy\engine\base.py", line 1848, in _execute_context
    return self._exec_single_context(
  File "C:\Users\dayta\AppData\Local\Programs\Python\Python311\Lib\site-packages\sqlalchemy\engine\base.py", line 1906, in _exec_single_context
    self._log_info(
  File "C:\Users\dayta\AppData\Local\Programs\Python\Python311\Lib\site-packages\sqlalchemy\engine\base.py", line 188, in _log_info
    self.engine.logger.info(message, *arg, **kw)
  File "C:\Users\dayta\AppData\Local\Programs\Python\Python311\Lib\site-packages\sqlalchemy\log.py", line 159, in info
    self.log(logging.INFO, msg, *args, **kwargs)
  File "C:\Users\dayta\AppData\Local\Programs\Python\Python311\Lib\site-packages\sqlalchemy\log.py", line 210, in log
    self.logger._log(level, msg, args, **kwargs)
Message: '[%s] %r'
Arguments: ('cached since 558.2s ago', [{'title': 'How much I spend on groceries, Cottage cheese ball recipe, How I cook semolina, Tasty recommendat...', 'views_count': 3501, 'published_at': datetime.datetime(2026, 10, 6, 10, 47, 58, 995072, tzinfo=datetime.timezone.utc), 'published_at_source': 'innertube_relative', 'videos_id': 'czaa2TyGDE4'}, {'title': '\U0001f525 Insane Epoxy Hacks That Actually Work! | Easy DIY Resin Crafts', 'views_count': 558, 'published_at': datetime.datetime(2026, 10, 6, 9, 47, 58, 974990, tzinfo=datetime.timezone.utc), 'published_at_source': 'innertube_relative', 'videos_id': 'eWNFZ-MnTVI'}])
--- Logging error ---
Traceback (most recent call last):
  File "C:\Users\dayta\AppData\Local\Programs\Python\Python311\Lib\logging\__init__.py", line 1113, in emit
    stream.write(msg + self.terminator)
  File "C:\Users\dayta\AppData\Local\Programs\Python\Python311\Lib\encodings\cp1251.py", line 19, in encode
    return codecs.charmap_encode(input,self.errors,encoding_table)[0]
           ^^^^^^^^^^^^^^^^^^^^^^^^^^^^^^^^^^^^^^^^^^^^^^^^^^^^^^^
UnicodeEncodeError: 'charmap' codec can't encode character '\U0001f4a5' in position 724: character maps to <undefined>
Call stack:
  File "C:\Projects\Сайт анализ ниш1\scripts\run_discovery_worker.py", line 117, in <module>
    raise SystemExit(main())
  File "C:\Projects\Сайт анализ ниш1\scripts\run_discovery_worker.py", line 99, in main
    run_discovery_worker(
  File "C:\Projects\Сайт анализ ниш1\app\services\discovery_worker_runtime.py", line 118, in run_discovery_worker
    summary = run_discovery_cycle(
  File "C:\Projects\Сайт анализ ниш1\app\services\discovery_cycle.py", line 491, in run_discovery_cycle
    return asyncio.run(
  File "C:\Users\dayta\AppData\Local\Programs\Python\Python311\Lib\asyncio\runners.py", line 190, in run
    return runner.run(main)
  File "C:\Users\dayta\AppData\Local\Programs\Python\Python311\Lib\asyncio\runners.py", line 118, in run
    return self._loop.run_until_complete(task)
  File "C:\Users\dayta\AppData\Local\Programs\Python\Python311\Lib\asyncio\base_events.py", line 640, in run_until_complete
    self.run_forever()
  File "C:\Users\dayta\AppData\Local\Programs\Python\Python311\Lib\asyncio\windows_events.py", line 321, in run_forever
    super().run_forever()
  File "C:\Users\dayta\AppData\Local\Programs\Python\Python311\Lib\asyncio\base_events.py", line 607, in run_forever
    self._run_once()
  File "C:\Users\dayta\AppData\Local\Programs\Python\Python311\Lib\asyncio\base_events.py", line 1922, in _run_once
    handle._run()
  File "C:\Users\dayta\AppData\Local\Programs\Python\Python311\Lib\asyncio\events.py", line 80, in _run
    self._context.run(self._callback, *self._args)
  File "C:\Projects\Сайт анализ ниш1\app\services\discovery_cycle.py", line 348, in run_discovery_cycle_async
    mark_hits_persisted_for_monitoring(
  File "C:\Projects\Сайт анализ ниш1\app\services\keyword_discovery_metrics_storage.py", line 154, in mark_hits_persisted_for_monitoring
    session.flush()
  File "C:\Users\dayta\AppData\Local\Programs\Python\Python311\Lib\site-packages\sqlalchemy\orm\session.py", line 4353, in flush
    self._flush(objects)
  File "C:\Users\dayta\AppData\Local\Programs\Python\Python311\Lib\site-packages\sqlalchemy\orm\session.py", line 4449, in _flush
    flush_context.execute()
  File "C:\Users\dayta\AppData\Local\Programs\Python\Python311\Lib\site-packages\sqlalchemy\orm\unitofwork.py", line 465, in execute
    rec.execute(self)
  File "C:\Users\dayta\AppData\Local\Programs\Python\Python311\Lib\site-packages\sqlalchemy\orm\unitofwork.py", line 641, in execute
    util.preloaded.orm_persistence.save_obj(
  File "C:\Users\dayta\AppData\Local\Programs\Python\Python311\Lib\site-packages\sqlalchemy\orm\persistence.py", line 94, in save_obj
    _emit_insert_statements(
  File "C:\Users\dayta\AppData\Local\Programs\Python\Python311\Lib\site-packages\sqlalchemy\orm\persistence.py", line 1144, in _emit_insert_statements
    result = connection.execute(
  File "C:\Users\dayta\AppData\Local\Programs\Python\Python311\Lib\site-packages\sqlalchemy\engine\base.py", line 1421, in execute
    return meth(
  File "C:\Users\dayta\AppData\Local\Programs\Python\Python311\Lib\site-packages\sqlalchemy\sql\elements.py", line 526, in _execute_on_connection
    return connection._execute_clauseelement(
  File "C:\Users\dayta\AppData\Local\Programs\Python\Python311\Lib\site-packages\sqlalchemy\engine\base.py", line 1643, in _execute_clauseelement
    ret = self._execute_context(
  File "C:\Users\dayta\AppData\Local\Programs\Python\Python311\Lib\site-packages\sqlalchemy\engine\base.py", line 1846, in _execute_context
    return self._exec_insertmany_context(dialect, context)
  File "C:\Users\dayta\AppData\Local\Programs\Python\Python311\Lib\site-packages\sqlalchemy\engine\base.py", line 2101, in _exec_insertmany_context
    self._log_info(
  File "C:\Users\dayta\AppData\Local\Programs\Python\Python311\Lib\site-packages\sqlalchemy\engine\base.py", line 188, in _log_info
    self.engine.logger.info(message, *arg, **kw)
  File "C:\Users\dayta\AppData\Local\Programs\Python\Python311\Lib\site-packages\sqlalchemy\log.py", line 159, in info
    self.log(logging.INFO, msg, *args, **kwargs)
  File "C:\Users\dayta\AppData\Local\Programs\Python\Python311\Lib\site-packages\sqlalchemy\log.py", line 210, in log
    self.logger._log(level, msg, args, **kwargs)
Message: '[%s] %r'
Arguments: ('cached since 768.2s ago (insertmanyvalues) 1/1 (ordered)', {'duration_seconds__0': 502, 'id__0': '_uRhanrtzX4', 'content_format__0': 'MEDIUM', 'topic__0': 'life hacks', 'title__0': '99% of People Use Plastic Wrap Wrong! 17 Genius Hacks You’ll Wish You Knew Sooner!', 'published_at__0': datetime.datetime(2026, 10, 6, 13, 47, 58, 768815, tzinfo=datetime.timezone.utc), 'tags__0': '[]', 'views_count__0': 1042, 'likes_count__0': 0, 'channel_id__0': 'UCiLWWzsEiDDkEFMa1_QQoyg', 'published_at_source__0': 'innertube_relative', 'comments_count__0': 0, 'duration_seconds__1': 3027, 'id__1': 'hpYJFyriJpI', 'content_format__1': 'MEDIUM', 'topic__1': 'life hacks', 'title__1': '\U0001f4a5 Simple Ideas That Solve Surprisingly Annoying Problems!', 'published_at__1': datetime.datetime(2026, 10, 6, 6, 47, 58, 773064, tzinfo=datetime.timezone.utc), 'tags__1': '[]', 'views_count__1': 1909, 'likes_count__1': 0, 'channel_id__1': 'UC63mNFJR8EAb8wAIJwoCmTA', 'published_at_source__1': 'innertube_relative', 'comments_count__1': 0, 'duration_seconds__2': 2807, 'id__2': '86o1zOOO8NM', 'content_format__2': 'MEDIUM', 'topic__2': 'life hacks', 'title__2': 'Easy Camping life hacks for Perfect Outdoor Adventures', 'published_at__2': datetime.datetime(2026, 10, 6, 14, 48, 58, 776841, tzinfo=datetime.timezone.utc), 'tags__2': '[]', 'views_count__2': 124, 'likes_count__2': 0, 'channel_id__2': 'UC1SaV8cJ5u5U9iEZS6QRbpg', 'published_at_source__2': 'innertube_relative', 'comments_count__2': 0, 'duration_seconds__3': 2705, 'id__3': 'XBKvvv027lg', 'content_format__3': 'MEDIUM', 'topic__3': 'life hacks', 'title__3': '\U0001f341 FALL Is Coming! \U0001f383 Easy Crafts & Hacks Everyone Will Love', 'published_at__3': datetime.datetime(2026, 10, 6, 11, 47, 58, 781739, tzinfo=datetime.timezone.utc), 'tags__3': '[]', 'views_count__3': 6762, 'likes_count__3': 0, 'channel_id__3': 'UC295-Dw_tDNtZXFeAPAW6Aw', 'published_at_source__3': 'innertube_relative', 'comments_count__3': 0, 'duration_seconds__4': 945, 'id__4': 'rwtljhe54T4' ... 2696 parameters truncated ... 'published_at_source__228': 'innertube_relative', 'comments_count__228': 0, 'duration_seconds__229': 779, 'id__229': '_Bplok5S41k', 'content_format__229': 'MEDIUM', 'topic__229': 'life hacks', 'title__229': '33 LIFE HACKS INCR\xcdVEIS QUE VOC\xca PRECISA TESTAR \U0001f631', 'published_at__229': datetime.datetime(2026, 10, 5, 21, 47, 59, 570597, tzinfo=datetime.timezone.utc), 'tags__229': '[]', 'views_count__229': 359, 'likes_count__229': 0, 'channel_id__229': 'UC1dSvZWoU6O1d8mrz7erJTw', 'published_at_source__229': 'innertube_relative', 'comments_count__229': 0, 'duration_seconds__230': 897, 'id__230': 'AUhtp6aTjJs', 'content_format__230': 'MEDIUM', 'topic__230': 'life hacks', 'title__230': 'Survival Skills SMART idea and USEFUL in Forest', 'published_at__230': datetime.datetime(2026, 10, 6, 4, 47, 59, 572693, tzinfo=datetime.timezone.utc), 'tags__230': '[]', 'views_count__230': 4, 'likes_count__230': 0, 'channel_id__230': 'UCzxs4sqvkLtKbkBkY5p1Hcw', 'published_at_source__230': 'innertube_relative', 'comments_count__230': 0, 'duration_seconds__231': 997, 'id__231': 'DvB0S3gbkz0', 'content_format__231': 'MEDIUM', 'topic__231': 'life hacks', 'title__231': 'Plastic Welding Secret \U0001f631! Genius Technique to Fix Holes Using PVC Pipe I DIY Hacks', 'published_at__231': datetime.datetime(2026, 10, 6, 10, 47, 59, 574777, tzinfo=datetime.timezone.utc), 'tags__231': '[]', 'views_count__231': 29, 'likes_count__231': 0, 'channel_id__231': 'UCbl4FZJfxh8tGVOwTTIrSYg', 'published_at_source__231': 'innertube_relative', 'comments_count__231': 0, 'duration_seconds__232': 86, 'id__232': 'gIhhbjABZHo', 'content_format__232': 'MEDIUM', 'topic__232': 'life hacks', 'title__232': 'NEXT | Best Budget Ark Survival Ascended/ASA Cheat/Hack | Aimbot/ESP/Misc | Undetected 2026', 'published_at__232': datetime.datetime(2026, 10, 5, 21, 47, 59, 576393, tzinfo=datetime.timezone.utc), 'tags__232': '[]', 'views_count__232': 0, 'likes_count__232': 0, 'channel_id__232': 'UCqZPn_aniqvONCYNS1Q-PSw', 'published_at_source__232': 'innertube_relative', 'comments_count__232': 0})
--- Logging error ---
Traceback (most recent call last):
  File "C:\Users\dayta\AppData\Local\Programs\Python\Python311\Lib\logging\__init__.py", line 1113, in emit
    stream.write(msg + self.terminator)
  File "C:\Users\dayta\AppData\Local\Programs\Python\Python311\Lib\encodings\cp1251.py", line 19, in encode
    return codecs.charmap_encode(input,self.errors,encoding_table)[0]
           ^^^^^^^^^^^^^^^^^^^^^^^^^^^^^^^^^^^^^^^^^^^^^^^^^^^^^^^
UnicodeEncodeError: 'charmap' codec can't encode character '\xf1' in position 130: character maps to <undefined>
Call stack:
  File "C:\Projects\Сайт анализ ниш1\scripts\run_discovery_worker.py", line 117, in <module>
    raise SystemExit(main())
  File "C:\Projects\Сайт анализ ниш1\scripts\run_discovery_worker.py", line 99, in main
    run_discovery_worker(
  File "C:\Projects\Сайт анализ ниш1\app\services\discovery_worker_runtime.py", line 118, in run_discovery_worker
    summary = run_discovery_cycle(
  File "C:\Projects\Сайт анализ ниш1\app\services\discovery_cycle.py", line 491, in run_discovery_cycle
    return asyncio.run(
  File "C:\Users\dayta\AppData\Local\Programs\Python\Python311\Lib\asyncio\runners.py", line 190, in run
    return runner.run(main)
  File "C:\Users\dayta\AppData\Local\Programs\Python\Python311\Lib\asyncio\runners.py", line 118, in run
    return self._loop.run_until_complete(task)
  File "C:\Users\dayta\AppData\Local\Programs\Python\Python311\Lib\asyncio\base_events.py", line 640, in run_until_complete
    self.run_forever()
  File "C:\Users\dayta\AppData\Local\Programs\Python\Python311\Lib\asyncio\windows_events.py", line 321, in run_forever
    super().run_forever()
  File "C:\Users\dayta\AppData\Local\Programs\Python\Python311\Lib\asyncio\base_events.py", line 607, in run_forever
    self._run_once()
  File "C:\Users\dayta\AppData\Local\Programs\Python\Python311\Lib\asyncio\base_events.py", line 1922, in _run_once
    handle._run()
  File "C:\Users\dayta\AppData\Local\Programs\Python\Python311\Lib\asyncio\events.py", line 80, in _run
    self._context.run(self._callback, *self._args)
  File "C:\Projects\Сайт анализ ниш1\app\services\discovery_cycle.py", line 322, in run_discovery_cycle_async
    persist_results, kw_duplicates_from_batch = batch_persist_discovered_videos(
  File "C:\Projects\Сайт анализ ниш1\app\services\discovered_video_batch.py", line 63, in batch_persist_discovered_videos
    outcome = persist_discovered_video(
  File "C:\Projects\Сайт анализ ниш1\app\services\discovered_video_persistence.py", line 202, in persist_discovered_video
    _upsert_discovered_channel(
  File "C:\Projects\Сайт анализ ниш1\app\services\discovered_video_persistence.py", line 150, in _upsert_discovered_channel
    session.execute(
  File "C:\Users\dayta\AppData\Local\Programs\Python\Python311\Lib\site-packages\sqlalchemy\orm\session.py", line 2373, in execute
    return self._execute_internal(
  File "C:\Users\dayta\AppData\Local\Programs\Python\Python311\Lib\site-packages\sqlalchemy\orm\session.py", line 2271, in _execute_internal
    result: Result[Any] = compile_state_cls.orm_execute_statement(
  File "C:\Users\dayta\AppData\Local\Programs\Python\Python311\Lib\site-packages\sqlalchemy\orm\bulk_persistence.py", line 1306, in orm_execute_statement
    result = conn.execute(
  File "C:\Users\dayta\AppData\Local\Programs\Python\Python311\Lib\site-packages\sqlalchemy\engine\base.py", line 1421, in execute
    return meth(
  File "C:\Users\dayta\AppData\Local\Programs\Python\Python311\Lib\site-packages\sqlalchemy\sql\elements.py", line 526, in _execute_on_connection
    return connection._execute_clauseelement(
  File "C:\Users\dayta\AppData\Local\Programs\Python\Python311\Lib\site-packages\sqlalchemy\engine\base.py", line 1643, in _execute_clauseelement
    ret = self._execute_context(
  File "C:\Users\dayta\AppData\Local\Programs\Python\Python311\Lib\site-packages\sqlalchemy\engine\base.py", line 1848, in _execute_context
    return self._exec_single_context(
  File "C:\Users\dayta\AppData\Local\Programs\Python\Python311\Lib\site-packages\sqlalchemy\engine\base.py", line 1906, in _exec_single_context
    self._log_info(
  File "C:\Users\dayta\AppData\Local\Programs\Python\Python311\Lib\site-packages\sqlalchemy\engine\base.py", line 188, in _log_info
    self.engine.logger.info(message, *arg, **kw)
  File "C:\Users\dayta\AppData\Local\Programs\Python\Python311\Lib\site-packages\sqlalchemy\log.py", line 159, in info
    self.log(logging.INFO, msg, *args, **kwargs)
  File "C:\Users\dayta\AppData\Local\Programs\Python\Python311\Lib\site-packages\sqlalchemy\log.py", line 210, in log
    self.logger._log(level, msg, args, **kwargs)
Message: '[%s] %r'
Arguments: ('no key 0.00027s', {'id': 'UC-hwY11aBIybGbBJqKBAoUQ', 'title': 'Inday sa Espa\xf1a', 'subscribers_count': 0, 'topic': None, 'custom_url': None, 'created_at': datetime.datetime(2026, 10, 6, 15, 50, 17, 217301, tzinfo=datetime.timezone.utc), 'param_1': 'Inday sa Espa\xf1a', 'param_2': datetime.datetime(2026, 10, 6, 15, 50, 17, 217301, tzinfo=datetime.timezone.utc)})
--- Logging error ---
Traceback (most recent call last):
  File "C:\Users\dayta\AppData\Local\Programs\Python\Python311\Lib\logging\__init__.py", line 1113, in emit
    stream.write(msg + self.terminator)
  File "C:\Users\dayta\AppData\Local\Programs\Python\Python311\Lib\encodings\cp1251.py", line 19, in encode
    return codecs.charmap_encode(input,self.errors,encoding_table)[0]
           ^^^^^^^^^^^^^^^^^^^^^^^^^^^^^^^^^^^^^^^^^^^^^^^^^^^^^^^
UnicodeEncodeError: 'charmap' codec can't encode characters in position 117-120: character maps to <undefined>
Call stack:
  File "C:\Projects\Сайт анализ ниш1\scripts\run_discovery_worker.py", line 117, in <module>
    raise SystemExit(main())
  File "C:\Projects\Сайт анализ ниш1\scripts\run_discovery_worker.py", line 99, in main
    run_discovery_worker(
  File "C:\Projects\Сайт анализ ниш1\app\services\discovery_worker_runtime.py", line 118, in run_discovery_worker
    summary = run_discovery_cycle(
  File "C:\Projects\Сайт анализ ниш1\app\services\discovery_cycle.py", line 491, in run_discovery_cycle
    return asyncio.run(
  File "C:\Users\dayta\AppData\Local\Programs\Python\Python311\Lib\asyncio\runners.py", line 190, in run
    return runner.run(main)
  File "C:\Users\dayta\AppData\Local\Programs\Python\Python311\Lib\asyncio\runners.py", line 118, in run
    return self._loop.run_until_complete(task)
  File "C:\Users\dayta\AppData\Local\Programs\Python\Python311\Lib\asyncio\base_events.py", line 640, in run_until_complete
    self.run_forever()
  File "C:\Users\dayta\AppData\Local\Programs\Python\Python311\Lib\asyncio\windows_events.py", line 321, in run_forever
    super().run_forever()
  File "C:\Users\dayta\AppData\Local\Programs\Python\Python311\Lib\asyncio\base_events.py", line 607, in run_forever
    self._run_once()
  File "C:\Users\dayta\AppData\Local\Programs\Python\Python311\Lib\asyncio\base_events.py", line 1922, in _run_once
    handle._run()
  File "C:\Users\dayta\AppData\Local\Programs\Python\Python311\Lib\asyncio\events.py", line 80, in _run
    self._context.run(self._callback, *self._args)
  File "C:\Projects\Сайт анализ ниш1\app\services\discovery_cycle.py", line 322, in run_discovery_cycle_async
    persist_results, kw_duplicates_from_batch = batch_persist_discovered_videos(
  File "C:\Projects\Сайт анализ ниш1\app\services\discovered_video_batch.py", line 63, in batch_persist_discovered_videos
    outcome = persist_discovered_video(
  File "C:\Projects\Сайт анализ ниш1\app\services\discovered_video_persistence.py", line 202, in persist_discovered_video
    _upsert_discovered_channel(
  File "C:\Projects\Сайт анализ ниш1\app\services\discovered_video_persistence.py", line 150, in _upsert_discovered_channel
    session.execute(
  File "C:\Users\dayta\AppData\Local\Programs\Python\Python311\Lib\site-packages\sqlalchemy\orm\session.py", line 2373, in execute
    return self._execute_internal(
  File "C:\Users\dayta\AppData\Local\Programs\Python\Python311\Lib\site-packages\sqlalchemy\orm\session.py", line 2271, in _execute_internal
    result: Result[Any] = compile_state_cls.orm_execute_statement(
  File "C:\Users\dayta\AppData\Local\Programs\Python\Python311\Lib\site-packages\sqlalchemy\orm\bulk_persistence.py", line 1306, in orm_execute_statement
    result = conn.execute(
  File "C:\Users\dayta\AppData\Local\Programs\Python\Python311\Lib\site-packages\sqlalchemy\engine\base.py", line 1421, in execute
    return meth(
  File "C:\Users\dayta\AppData\Local\Programs\Python\Python311\Lib\site-packages\sqlalchemy\sql\elements.py", line 526, in _execute_on_connection
    return connection._execute_clauseelement(
  File "C:\Users\dayta\AppData\Local\Programs\Python\Python311\Lib\site-packages\sqlalchemy\engine\base.py", line 1643, in _execute_clauseelement
    ret = self._execute_context(
  File "C:\Users\dayta\AppData\Local\Programs\Python\Python311\Lib\site-packages\sqlalchemy\engine\base.py", line 1848, in _execute_context
    return self._exec_single_context(
  File "C:\Users\dayta\AppData\Local\Programs\Python\Python311\Lib\site-packages\sqlalchemy\engine\base.py", line 1906, in _exec_single_context
    self._log_info(
  File "C:\Users\dayta\AppData\Local\Programs\Python\Python311\Lib\site-packages\sqlalchemy\engine\base.py", line 188, in _log_info
    self.engine.logger.info(message, *arg, **kw)
  File "C:\Users\dayta\AppData\Local\Programs\Python\Python311\Lib\site-packages\sqlalchemy\log.py", line 159, in info
    self.log(logging.INFO, msg, *args, **kwargs)
  File "C:\Users\dayta\AppData\Local\Programs\Python\Python311\Lib\site-packages\sqlalchemy\log.py", line 210, in log
    self.logger._log(level, msg, args, **kwargs)
Message: '[%s] %r'
Arguments: ('no key 0.00057s', {'id': 'UC4nEQI74rZkFKlUSwi0ur4A', 'title': '\uc0c1\ub0a8\uc790\uc758 \uc5ec\ud589\ubc95', 'subscribers_count': 0, 'topic': None, 'custom_url': None, 'created_at': datetime.datetime(2026, 10, 6, 15, 50, 17, 242028, tzinfo=datetime.timezone.utc), 'param_1': '\uc0c1\ub0a8\uc790\uc758 \uc5ec\ud589\ubc95', 'param_2': datetime.datetime(2026, 10, 6, 15, 50, 17, 242028, tzinfo=datetime.timezone.utc)})
--- Logging error ---
Traceback (most recent call last):
  File "C:\Users\dayta\AppData\Local\Programs\Python\Python311\Lib\logging\__init__.py", line 1113, in emit
    stream.write(msg + self.terminator)
  File "C:\Users\dayta\AppData\Local\Programs\Python\Python311\Lib\encodings\cp1251.py", line 19, in encode
    return codecs.charmap_encode(input,self.errors,encoding_table)[0]
           ^^^^^^^^^^^^^^^^^^^^^^^^^^^^^^^^^^^^^^^^^^^^^^^^^^^^^^^
UnicodeEncodeError: 'charmap' codec can't encode characters in position 117-123: character maps to <undefined>
Call stack:
  File "C:\Projects\Сайт анализ ниш1\scripts\run_discovery_worker.py", line 117, in <module>
    raise SystemExit(main())
  File "C:\Projects\Сайт анализ ниш1\scripts\run_discovery_worker.py", line 99, in main
    run_discovery_worker(
  File "C:\Projects\Сайт анализ ниш1\app\services\discovery_worker_runtime.py", line 118, in run_discovery_worker
    summary = run_discovery_cycle(
  File "C:\Projects\Сайт анализ ниш1\app\services\discovery_cycle.py", line 491, in run_discovery_cycle
    return asyncio.run(
  File "C:\Users\dayta\AppData\Local\Programs\Python\Python311\Lib\asyncio\runners.py", line 190, in run
    return runner.run(main)
  File "C:\Users\dayta\AppData\Local\Programs\Python\Python311\Lib\asyncio\runners.py", line 118, in run
    return self._loop.run_until_complete(task)
  File "C:\Users\dayta\AppData\Local\Programs\Python\Python311\Lib\asyncio\base_events.py", line 640, in run_until_complete
    self.run_forever()
  File "C:\Users\dayta\AppData\Local\Programs\Python\Python311\Lib\asyncio\windows_events.py", line 321, in run_forever
    super().run_forever()
  File "C:\Users\dayta\AppData\Local\Programs\Python\Python311\Lib\asyncio\base_events.py", line 607, in run_forever
    self._run_once()
  File "C:\Users\dayta\AppData\Local\Programs\Python\Python311\Lib\asyncio\base_events.py", line 1922, in _run_once
    handle._run()
  File "C:\Users\dayta\AppData\Local\Programs\Python\Python311\Lib\asyncio\events.py", line 80, in _run
    self._context.run(self._callback, *self._args)
  File "C:\Projects\Сайт анализ ниш1\app\services\discovery_cycle.py", line 322, in run_discovery_cycle_async
    persist_results, kw_duplicates_from_batch = batch_persist_discovered_videos(
  File "C:\Projects\Сайт анализ ниш1\app\services\discovered_video_batch.py", line 63, in batch_persist_discovered_videos
    outcome = persist_discovered_video(
  File "C:\Projects\Сайт анализ ниш1\app\services\discovered_video_persistence.py", line 202, in persist_discovered_video
    _upsert_discovered_channel(
  File "C:\Projects\Сайт анализ ниш1\app\services\discovered_video_persistence.py", line 150, in _upsert_discovered_channel
    session.execute(
  File "C:\Users\dayta\AppData\Local\Programs\Python\Python311\Lib\site-packages\sqlalchemy\orm\session.py", line 2373, in execute
    return self._execute_internal(
  File "C:\Users\dayta\AppData\Local\Programs\Python\Python311\Lib\site-packages\sqlalchemy\orm\session.py", line 2271, in _execute_internal
    result: Result[Any] = compile_state_cls.orm_execute_statement(
  File "C:\Users\dayta\AppData\Local\Programs\Python\Python311\Lib\site-packages\sqlalchemy\orm\bulk_persistence.py", line 1306, in orm_execute_statement
    result = conn.execute(
  File "C:\Users\dayta\AppData\Local\Programs\Python\Python311\Lib\site-packages\sqlalchemy\engine\base.py", line 1421, in execute
    return meth(
  File "C:\Users\dayta\AppData\Local\Programs\Python\Python311\Lib\site-packages\sqlalchemy\sql\elements.py", line 526, in _execute_on_connection
    return connection._execute_clauseelement(
  File "C:\Users\dayta\AppData\Local\Programs\Python\Python311\Lib\site-packages\sqlalchemy\engine\base.py", line 1643, in _execute_clauseelement
    ret = self._execute_context(
  File "C:\Users\dayta\AppData\Local\Programs\Python\Python311\Lib\site-packages\sqlalchemy\engine\base.py", line 1848, in _execute_context
    return self._exec_single_context(
  File "C:\Users\dayta\AppData\Local\Programs\Python\Python311\Lib\site-packages\sqlalchemy\engine\base.py", line 1906, in _exec_single_context
    self._log_info(
  File "C:\Users\dayta\AppData\Local\Programs\Python\Python311\Lib\site-packages\sqlalchemy\engine\base.py", line 188, in _log_info
    self.engine.logger.info(message, *arg, **kw)
  File "C:\Users\dayta\AppData\Local\Programs\Python\Python311\Lib\site-packages\sqlalchemy\log.py", line 159, in info
    self.log(logging.INFO, msg, *args, **kwargs)
  File "C:\Users\dayta\AppData\Local\Programs\Python\Python311\Lib\site-packages\sqlalchemy\log.py", line 210, in log
    self.logger._log(level, msg, args, **kwargs)
Message: '[%s] %r'
Arguments: ('no key 0.00031s', {'id': 'UCls9wW5Rhaj1IGqHTCmeNHw', 'title': '\U0001d413\U0001d430\U0001d422\U0001d427\U0001d424\U0001d425\U0001d41e \U0001d412\U0001d421\U0001d41a\U0001d41d\U0001d428\U0001d430', 'subscribers_count': 0, 'topic': None, 'custom_url': None, 'created_at': datetime.datetime(2026, 10, 6, 15, 50, 17, 275815, tzinfo=datetime.timezone.utc), 'param_1': '\U0001d413\U0001d430\U0001d422\U0001d427\U0001d424\U0001d425\U0001d41e \U0001d412\U0001d421\U0001d41a\U0001d41d\U0001d428\U0001d430', 'param_2': datetime.datetime(2026, 10, 6, 15, 50, 17, 275815, tzinfo=datetime.timezone.utc)})
--- Logging error ---
Traceback (most recent call last):
  File "C:\Users\dayta\AppData\Local\Programs\Python\Python311\Lib\logging\__init__.py", line 1113, in emit
    stream.write(msg + self.terminator)
  File "C:\Users\dayta\AppData\Local\Programs\Python\Python311\Lib\encodings\cp1251.py", line 19, in encode
    return codecs.charmap_encode(input,self.errors,encoding_table)[0]
           ^^^^^^^^^^^^^^^^^^^^^^^^^^^^^^^^^^^^^^^^^^^^^^^^^^^^^^^
UnicodeEncodeError: 'charmap' codec can't encode character '\U0001f98b' in position 124: character maps to <undefined>
Call stack:
  File "C:\Projects\Сайт анализ ниш1\scripts\run_discovery_worker.py", line 117, in <module>
    raise SystemExit(main())
  File "C:\Projects\Сайт анализ ниш1\scripts\run_discovery_worker.py", line 99, in main
    run_discovery_worker(
  File "C:\Projects\Сайт анализ ниш1\app\services\discovery_worker_runtime.py", line 118, in run_discovery_worker
    summary = run_discovery_cycle(
  File "C:\Projects\Сайт анализ ниш1\app\services\discovery_cycle.py", line 491, in run_discovery_cycle
    return asyncio.run(
  File "C:\Users\dayta\AppData\Local\Programs\Python\Python311\Lib\asyncio\runners.py", line 190, in run
    return runner.run(main)
  File "C:\Users\dayta\AppData\Local\Programs\Python\Python311\Lib\asyncio\runners.py", line 118, in run
    return self._loop.run_until_complete(task)
  File "C:\Users\dayta\AppData\Local\Programs\Python\Python311\Lib\asyncio\base_events.py", line 640, in run_until_complete
    self.run_forever()
  File "C:\Users\dayta\AppData\Local\Programs\Python\Python311\Lib\asyncio\windows_events.py", line 321, in run_forever
    super().run_forever()
  File "C:\Users\dayta\AppData\Local\Programs\Python\Python311\Lib\asyncio\base_events.py", line 607, in run_forever
    self._run_once()
  File "C:\Users\dayta\AppData\Local\Programs\Python\Python311\Lib\asyncio\base_events.py", line 1922, in _run_once
    handle._run()
  File "C:\Users\dayta\AppData\Local\Programs\Python\Python311\Lib\asyncio\events.py", line 80, in _run
    self._context.run(self._callback, *self._args)
  File "C:\Projects\Сайт анализ ниш1\app\services\discovery_cycle.py", line 322, in run_discovery_cycle_async
    persist_results, kw_duplicates_from_batch = batch_persist_discovered_videos(
  File "C:\Projects\Сайт анализ ниш1\app\services\discovered_video_batch.py", line 63, in batch_persist_discovered_videos
    outcome = persist_discovered_video(
  File "C:\Projects\Сайт анализ ниш1\app\services\discovered_video_persistence.py", line 202, in persist_discovered_video
    _upsert_discovered_channel(
  File "C:\Projects\Сайт анализ ниш1\app\services\discovered_video_persistence.py", line 150, in _upsert_discovered_channel
    session.execute(
  File "C:\Users\dayta\AppData\Local\Programs\Python\Python311\Lib\site-packages\sqlalchemy\orm\session.py", line 2373, in execute
    return self._execute_internal(
  File "C:\Users\dayta\AppData\Local\Programs\Python\Python311\Lib\site-packages\sqlalchemy\orm\session.py", line 2271, in _execute_internal
    result: Result[Any] = compile_state_cls.orm_execute_statement(
  File "C:\Users\dayta\AppData\Local\Programs\Python\Python311\Lib\site-packages\sqlalchemy\orm\bulk_persistence.py", line 1306, in orm_execute_statement
    result = conn.execute(
  File "C:\Users\dayta\AppData\Local\Programs\Python\Python311\Lib\site-packages\sqlalchemy\engine\base.py", line 1421, in execute
    return meth(
  File "C:\Users\dayta\AppData\Local\Programs\Python\Python311\Lib\site-packages\sqlalchemy\sql\elements.py", line 526, in _execute_on_connection
    return connection._execute_clauseelement(
  File "C:\Users\dayta\AppData\Local\Programs\Python\Python311\Lib\site-packages\sqlalchemy\engine\base.py", line 1643, in _execute_clauseelement
    ret = self._execute_context(
  File "C:\Users\dayta\AppData\Local\Programs\Python\Python311\Lib\site-packages\sqlalchemy\engine\base.py", line 1848, in _execute_context
    return self._exec_single_context(
  File "C:\Users\dayta\AppData\Local\Programs\Python\Python311\Lib\site-packages\sqlalchemy\engine\base.py", line 1906, in _exec_single_context
    self._log_info(
  File "C:\Users\dayta\AppData\Local\Programs\Python\Python311\Lib\site-packages\sqlalchemy\engine\base.py", line 188, in _log_info
    self.engine.logger.info(message, *arg, **kw)
  File "C:\Users\dayta\AppData\Local\Programs\Python\Python311\Lib\site-packages\sqlalchemy\log.py", line 159, in info
    self.log(logging.INFO, msg, *args, **kwargs)
  File "C:\Users\dayta\AppData\Local\Programs\Python\Python311\Lib\site-packages\sqlalchemy\log.py", line 210, in log
    self.logger._log(level, msg, args, **kwargs)
Message: '[%s] %r'
Arguments: ('no key 0.00027s', {'id': 'UCiWKlNIMZOAetHr-X4xxhLg', 'title': 'SANAYAA\U0001f98b', 'subscribers_count': 0, 'topic': None, 'custom_url': None, 'created_at': datetime.datetime(2026, 10, 6, 15, 50, 17, 308739, tzinfo=datetime.timezone.utc), 'param_1': 'SANAYAA\U0001f98b', 'param_2': datetime.datetime(2026, 10, 6, 15, 50, 17, 308739, tzinfo=datetime.timezone.utc)})
--- Logging error ---
Traceback (most recent call last):
  File "C:\Users\dayta\AppData\Local\Programs\Python\Python311\Lib\logging\__init__.py", line 1113, in emit
    stream.write(msg + self.terminator)
  File "C:\Users\dayta\AppData\Local\Programs\Python\Python311\Lib\encodings\cp1251.py", line 19, in encode
    return codecs.charmap_encode(input,self.errors,encoding_table)[0]
           ^^^^^^^^^^^^^^^^^^^^^^^^^^^^^^^^^^^^^^^^^^^^^^^^^^^^^^^
UnicodeEncodeError: 'charmap' codec can't encode character '\U0001f331' in position 134: character maps to <undefined>
Call stack:
  File "C:\Projects\Сайт анализ ниш1\scripts\run_discovery_worker.py", line 117, in <module>
    raise SystemExit(main())
  File "C:\Projects\Сайт анализ ниш1\scripts\run_discovery_worker.py", line 99, in main
    run_discovery_worker(
  File "C:\Projects\Сайт анализ ниш1\app\services\discovery_worker_runtime.py", line 118, in run_discovery_worker
    summary = run_discovery_cycle(
  File "C:\Projects\Сайт анализ ниш1\app\services\discovery_cycle.py", line 491, in run_discovery_cycle
    return asyncio.run(
  File "C:\Users\dayta\AppData\Local\Programs\Python\Python311\Lib\asyncio\runners.py", line 190, in run
    return runner.run(main)
  File "C:\Users\dayta\AppData\Local\Programs\Python\Python311\Lib\asyncio\runners.py", line 118, in run
    return self._loop.run_until_complete(task)
  File "C:\Users\dayta\AppData\Local\Programs\Python\Python311\Lib\asyncio\base_events.py", line 640, in run_until_complete
    self.run_forever()
  File "C:\Users\dayta\AppData\Local\Programs\Python\Python311\Lib\asyncio\windows_events.py", line 321, in run_forever
    super().run_forever()
  File "C:\Users\dayta\AppData\Local\Programs\Python\Python311\Lib\asyncio\base_events.py", line 607, in run_forever
    self._run_once()
  File "C:\Users\dayta\AppData\Local\Programs\Python\Python311\Lib\asyncio\base_events.py", line 1922, in _run_once
    handle._run()
  File "C:\Users\dayta\AppData\Local\Programs\Python\Python311\Lib\asyncio\events.py", line 80, in _run
    self._context.run(self._callback, *self._args)
  File "C:\Projects\Сайт анализ ниш1\app\services\discovery_cycle.py", line 322, in run_discovery_cycle_async
    persist_results, kw_duplicates_from_batch = batch_persist_discovered_videos(
  File "C:\Projects\Сайт анализ ниш1\app\services\discovered_video_batch.py", line 63, in batch_persist_discovered_videos
    outcome = persist_discovered_video(
  File "C:\Projects\Сайт анализ ниш1\app\services\discovered_video_persistence.py", line 202, in persist_discovered_video
    _upsert_discovered_channel(
  File "C:\Projects\Сайт анализ ниш1\app\services\discovered_video_persistence.py", line 150, in _upsert_discovered_channel
    session.execute(
  File "C:\Users\dayta\AppData\Local\Programs\Python\Python311\Lib\site-packages\sqlalchemy\orm\session.py", line 2373, in execute
    return self._execute_internal(
  File "C:\Users\dayta\AppData\Local\Programs\Python\Python311\Lib\site-packages\sqlalchemy\orm\session.py", line 2271, in _execute_internal
    result: Result[Any] = compile_state_cls.orm_execute_statement(
  File "C:\Users\dayta\AppData\Local\Programs\Python\Python311\Lib\site-packages\sqlalchemy\orm\bulk_persistence.py", line 1306, in orm_execute_statement
    result = conn.execute(
  File "C:\Users\dayta\AppData\Local\Programs\Python\Python311\Lib\site-packages\sqlalchemy\engine\base.py", line 1421, in execute
    return meth(
  File "C:\Users\dayta\AppData\Local\Programs\Python\Python311\Lib\site-packages\sqlalchemy\sql\elements.py", line 526, in _execute_on_connection
    return connection._execute_clauseelement(
  File "C:\Users\dayta\AppData\Local\Programs\Python\Python311\Lib\site-packages\sqlalchemy\engine\base.py", line 1643, in _execute_clauseelement
    ret = self._execute_context(
  File "C:\Users\dayta\AppData\Local\Programs\Python\Python311\Lib\site-packages\sqlalchemy\engine\base.py", line 1848, in _execute_context
    return self._exec_single_context(
  File "C:\Users\dayta\AppData\Local\Programs\Python\Python311\Lib\site-packages\sqlalchemy\engine\base.py", line 1906, in _exec_single_context
    self._log_info(
  File "C:\Users\dayta\AppData\Local\Programs\Python\Python311\Lib\site-packages\sqlalchemy\engine\base.py", line 188, in _log_info
    self.engine.logger.info(message, *arg, **kw)
  File "C:\Users\dayta\AppData\Local\Programs\Python\Python311\Lib\site-packages\sqlalchemy\log.py", line 159, in info
    self.log(logging.INFO, msg, *args, **kwargs)
  File "C:\Users\dayta\AppData\Local\Programs\Python\Python311\Lib\site-packages\sqlalchemy\log.py", line 210, in log
    self.logger._log(level, msg, args, **kwargs)
Message: '[%s] %r'
Arguments: ('no key 0.00028s', {'id': 'UCsuvlvsAZWDhwIxvofxt0PQ', 'title': 'homestorybytoshi \U0001f331', 'subscribers_count': 0, 'topic': None, 'custom_url': None, 'created_at': datetime.datetime(2026, 10, 6, 15, 50, 17, 352746, tzinfo=datetime.timezone.utc), 'param_1': 'homestorybytoshi \U0001f331', 'param_2': datetime.datetime(2026, 10, 6, 15, 50, 17, 352746, tzinfo=datetime.timezone.utc)})
--- Logging error ---
Traceback (most recent call last):
  File "C:\Users\dayta\AppData\Local\Programs\Python\Python311\Lib\logging\__init__.py", line 1113, in emit
    stream.write(msg + self.terminator)
  File "C:\Users\dayta\AppData\Local\Programs\Python\Python311\Lib\encodings\cp1251.py", line 19, in encode
    return codecs.charmap_encode(input,self.errors,encoding_table)[0]
           ^^^^^^^^^^^^^^^^^^^^^^^^^^^^^^^^^^^^^^^^^^^^^^^^^^^^^^^
UnicodeEncodeError: 'charmap' codec can't encode characters in position 117-120: character maps to <undefined>
Call stack:
  File "C:\Projects\Сайт анализ ниш1\scripts\run_discovery_worker.py", line 117, in <module>
    raise SystemExit(main())
  File "C:\Projects\Сайт анализ ниш1\scripts\run_discovery_worker.py", line 99, in main
    run_discovery_worker(
  File "C:\Projects\Сайт анализ ниш1\app\services\discovery_worker_runtime.py", line 118, in run_discovery_worker
    summary = run_discovery_cycle(
  File "C:\Projects\Сайт анализ ниш1\app\services\discovery_cycle.py", line 491, in run_discovery_cycle
    return asyncio.run(
  File "C:\Users\dayta\AppData\Local\Programs\Python\Python311\Lib\asyncio\runners.py", line 190, in run
    return runner.run(main)
  File "C:\Users\dayta\AppData\Local\Programs\Python\Python311\Lib\asyncio\runners.py", line 118, in run
    return self._loop.run_until_complete(task)
  File "C:\Users\dayta\AppData\Local\Programs\Python\Python311\Lib\asyncio\base_events.py", line 640, in run_until_complete
    self.run_forever()
  File "C:\Users\dayta\AppData\Local\Programs\Python\Python311\Lib\asyncio\windows_events.py", line 321, in run_forever
    super().run_forever()
  File "C:\Users\dayta\AppData\Local\Programs\Python\Python311\Lib\asyncio\base_events.py", line 607, in run_forever
    self._run_once()
  File "C:\Users\dayta\AppData\Local\Programs\Python\Python311\Lib\asyncio\base_events.py", line 1922, in _run_once
    handle._run()
  File "C:\Users\dayta\AppData\Local\Programs\Python\Python311\Lib\asyncio\events.py", line 80, in _run
    self._context.run(self._callback, *self._args)
  File "C:\Projects\Сайт анализ ниш1\app\services\discovery_cycle.py", line 322, in run_discovery_cycle_async
    persist_results, kw_duplicates_from_batch = batch_persist_discovered_videos(
  File "C:\Projects\Сайт анализ ниш1\app\services\discovered_video_batch.py", line 63, in batch_persist_discovered_videos
    outcome = persist_discovered_video(
  File "C:\Projects\Сайт анализ ниш1\app\services\discovered_video_persistence.py", line 202, in persist_discovered_video
    _upsert_discovered_channel(
  File "C:\Projects\Сайт анализ ниш1\app\services\discovered_video_persistence.py", line 150, in _upsert_discovered_channel
    session.execute(
  File "C:\Users\dayta\AppData\Local\Programs\Python\Python311\Lib\site-packages\sqlalchemy\orm\session.py", line 2373, in execute
    return self._execute_internal(
  File "C:\Users\dayta\AppData\Local\Programs\Python\Python311\Lib\site-packages\sqlalchemy\orm\session.py", line 2271, in _execute_internal
    result: Result[Any] = compile_state_cls.orm_execute_statement(
  File "C:\Users\dayta\AppData\Local\Programs\Python\Python311\Lib\site-packages\sqlalchemy\orm\bulk_persistence.py", line 1306, in orm_execute_statement
    result = conn.execute(
  File "C:\Users\dayta\AppData\Local\Programs\Python\Python311\Lib\site-packages\sqlalchemy\engine\base.py", line 1421, in execute
    return meth(
  File "C:\Users\dayta\AppData\Local\Programs\Python\Python311\Lib\site-packages\sqlalchemy\sql\elements.py", line 526, in _execute_on_connection
    return connection._execute_clauseelement(
  File "C:\Users\dayta\AppData\Local\Programs\Python\Python311\Lib\site-packages\sqlalchemy\engine\base.py", line 1643, in _execute_clauseelement
    ret = self._execute_context(
  File "C:\Users\dayta\AppData\Local\Programs\Python\Python311\Lib\site-packages\sqlalchemy\engine\base.py", line 1848, in _execute_context
    return self._exec_single_context(
  File "C:\Users\dayta\AppData\Local\Programs\Python\Python311\Lib\site-packages\sqlalchemy\engine\base.py", line 1906, in _exec_single_context
    self._log_info(
  File "C:\Users\dayta\AppData\Local\Programs\Python\Python311\Lib\site-packages\sqlalchemy\engine\base.py", line 188, in _log_info
    self.engine.logger.info(message, *arg, **kw)
  File "C:\Users\dayta\AppData\Local\Programs\Python\Python311\Lib\site-packages\sqlalchemy\log.py", line 159, in info
    self.log(logging.INFO, msg, *args, **kwargs)
  File "C:\Users\dayta\AppData\Local\Programs\Python\Python311\Lib\site-packages\sqlalchemy\log.py", line 210, in log
    self.logger._log(level, msg, args, **kwargs)
Message: '[%s] %r'
Arguments: ('no key 0.00031s', {'id': 'UCpPPSlGRsZiww-Pqjf3Ehaw', 'title': '\u0627\u0644\u0639\u0645 \u0645\u064a\u062f\u0648 \u062c\u064a\u0645\u0631 Al3mMedo Gamer', 'subscribers_count': 0, 'topic': None, 'custom_url': None, 'created_at': datetime.datetime(2026, 10, 6, 15, 50, 17, 363334, tzinfo=datetime.timezone.utc), 'param_1': '\u0627\u0644\u0639\u0645 \u0645\u064a\u062f\u0648 \u062c\u064a\u0645\u0631 Al3mMedo Gamer', 'param_2': datetime.datetime(2026, 10, 6, 15, 50, 17, 363334, tzinfo=datetime.timezone.utc)})
--- Logging error ---
Traceback (most recent call last):
  File "C:\Users\dayta\AppData\Local\Programs\Python\Python311\Lib\logging\__init__.py", line 1113, in emit
    stream.write(msg + self.terminator)
  File "C:\Users\dayta\AppData\Local\Programs\Python\Python311\Lib\encodings\cp1251.py", line 19, in encode
    return codecs.charmap_encode(input,self.errors,encoding_table)[0]
           ^^^^^^^^^^^^^^^^^^^^^^^^^^^^^^^^^^^^^^^^^^^^^^^^^^^^^^^
UnicodeEncodeError: 'charmap' codec can't encode characters in position 136-137: character maps to <undefined>
Call stack:
  File "C:\Projects\Сайт анализ ниш1\scripts\run_discovery_worker.py", line 117, in <module>
    raise SystemExit(main())
  File "C:\Projects\Сайт анализ ниш1\scripts\run_discovery_worker.py", line 99, in main
    run_discovery_worker(
  File "C:\Projects\Сайт анализ ниш1\app\services\discovery_worker_runtime.py", line 118, in run_discovery_worker
    summary = run_discovery_cycle(
  File "C:\Projects\Сайт анализ ниш1\app\services\discovery_cycle.py", line 491, in run_discovery_cycle
    return asyncio.run(
  File "C:\Users\dayta\AppData\Local\Programs\Python\Python311\Lib\asyncio\runners.py", line 190, in run
    return runner.run(main)
  File "C:\Users\dayta\AppData\Local\Programs\Python\Python311\Lib\asyncio\runners.py", line 118, in run
    return self._loop.run_until_complete(task)
  File "C:\Users\dayta\AppData\Local\Programs\Python\Python311\Lib\asyncio\base_events.py", line 640, in run_until_complete
    self.run_forever()
  File "C:\Users\dayta\AppData\Local\Programs\Python\Python311\Lib\asyncio\windows_events.py", line 321, in run_forever
    super().run_forever()
  File "C:\Users\dayta\AppData\Local\Programs\Python\Python311\Lib\asyncio\base_events.py", line 607, in run_forever
    self._run_once()
  File "C:\Users\dayta\AppData\Local\Programs\Python\Python311\Lib\asyncio\base_events.py", line 1922, in _run_once
    handle._run()
  File "C:\Users\dayta\AppData\Local\Programs\Python\Python311\Lib\asyncio\events.py", line 80, in _run
    self._context.run(self._callback, *self._args)
  File "C:\Projects\Сайт анализ ниш1\app\services\discovery_cycle.py", line 322, in run_discovery_cycle_async
    persist_results, kw_duplicates_from_batch = batch_persist_discovered_videos(
  File "C:\Projects\Сайт анализ ниш1\app\services\discovered_video_batch.py", line 63, in batch_persist_discovered_videos
    outcome = persist_discovered_video(
  File "C:\Projects\Сайт анализ ниш1\app\services\discovered_video_persistence.py", line 202, in persist_discovered_video
    _upsert_discovered_channel(
  File "C:\Projects\Сайт анализ ниш1\app\services\discovered_video_persistence.py", line 150, in _upsert_discovered_channel
    session.execute(
  File "C:\Users\dayta\AppData\Local\Programs\Python\Python311\Lib\site-packages\sqlalchemy\orm\session.py", line 2373, in execute
    return self._execute_internal(
  File "C:\Users\dayta\AppData\Local\Programs\Python\Python311\Lib\site-packages\sqlalchemy\orm\session.py", line 2271, in _execute_internal
    result: Result[Any] = compile_state_cls.orm_execute_statement(
  File "C:\Users\dayta\AppData\Local\Programs\Python\Python311\Lib\site-packages\sqlalchemy\orm\bulk_persistence.py", line 1306, in orm_execute_statement
    result = conn.execute(
  File "C:\Users\dayta\AppData\Local\Programs\Python\Python311\Lib\site-packages\sqlalchemy\engine\base.py", line 1421, in execute
    return meth(
  File "C:\Users\dayta\AppData\Local\Programs\Python\Python311\Lib\site-packages\sqlalchemy\sql\elements.py", line 526, in _execute_on_connection
    return connection._execute_clauseelement(
  File "C:\Users\dayta\AppData\Local\Programs\Python\Python311\Lib\site-packages\sqlalchemy\engine\base.py", line 1643, in _execute_clauseelement
    ret = self._execute_context(
  File "C:\Users\dayta\AppData\Local\Programs\Python\Python311\Lib\site-packages\sqlalchemy\engine\base.py", line 1848, in _execute_context
    return self._exec_single_context(
  File "C:\Users\dayta\AppData\Local\Programs\Python\Python311\Lib\site-packages\sqlalchemy\engine\base.py", line 1906, in _exec_single_context
    self._log_info(
  File "C:\Users\dayta\AppData\Local\Programs\Python\Python311\Lib\site-packages\sqlalchemy\engine\base.py", line 188, in _log_info
    self.engine.logger.info(message, *arg, **kw)
  File "C:\Users\dayta\AppData\Local\Programs\Python\Python311\Lib\site-packages\sqlalchemy\log.py", line 159, in info
    self.log(logging.INFO, msg, *args, **kwargs)
  File "C:\Users\dayta\AppData\Local\Programs\Python\Python311\Lib\site-packages\sqlalchemy\log.py", line 210, in log
    self.logger._log(level, msg, args, **kwargs)
Message: '[%s] %r'
Arguments: ('no key 0.00028s', {'id': 'UCYxTTBFWhFjC6uIRuBHPG7g', 'title': 'Nomadic Bangladesh \U0001f1e7\U0001f1e9', 'subscribers_count': 0, 'topic': None, 'custom_url': None, 'created_at': datetime.datetime(2026, 10, 6, 15, 50, 17, 373823, tzinfo=datetime.timezone.utc), 'param_1': 'Nomadic Bangladesh \U0001f1e7\U0001f1e9', 'param_2': datetime.datetime(2026, 10, 6, 15, 50, 17, 373823, tzinfo=datetime.timezone.utc)})
--- Logging error ---
Traceback (most recent call last):
  File "C:\Users\dayta\AppData\Local\Programs\Python\Python311\Lib\logging\__init__.py", line 1113, in emit
    stream.write(msg + self.terminator)
  File "C:\Users\dayta\AppData\Local\Programs\Python\Python311\Lib\encodings\cp1251.py", line 19, in encode
    return codecs.charmap_encode(input,self.errors,encoding_table)[0]
           ^^^^^^^^^^^^^^^^^^^^^^^^^^^^^^^^^^^^^^^^^^^^^^^^^^^^^^^
UnicodeEncodeError: 'charmap' codec can't encode character '\xed' in position 132: character maps to <undefined>
Call stack:
  File "C:\Projects\Сайт анализ ниш1\scripts\run_discovery_worker.py", line 117, in <module>
    raise SystemExit(main())
  File "C:\Projects\Сайт анализ ниш1\scripts\run_discovery_worker.py", line 99, in main
    run_discovery_worker(
  File "C:\Projects\Сайт анализ ниш1\app\services\discovery_worker_runtime.py", line 118, in run_discovery_worker
    summary = run_discovery_cycle(
  File "C:\Projects\Сайт анализ ниш1\app\services\discovery_cycle.py", line 491, in run_discovery_cycle
    return asyncio.run(
  File "C:\Users\dayta\AppData\Local\Programs\Python\Python311\Lib\asyncio\runners.py", line 190, in run
    return runner.run(main)
  File "C:\Users\dayta\AppData\Local\Programs\Python\Python311\Lib\asyncio\runners.py", line 118, in run
    return self._loop.run_until_complete(task)
  File "C:\Users\dayta\AppData\Local\Programs\Python\Python311\Lib\asyncio\base_events.py", line 640, in run_until_complete
    self.run_forever()
  File "C:\Users\dayta\AppData\Local\Programs\Python\Python311\Lib\asyncio\windows_events.py", line 321, in run_forever
    super().run_forever()
  File "C:\Users\dayta\AppData\Local\Programs\Python\Python311\Lib\asyncio\base_events.py", line 607, in run_forever
    self._run_once()
  File "C:\Users\dayta\AppData\Local\Programs\Python\Python311\Lib\asyncio\base_events.py", line 1922, in _run_once
    handle._run()
  File "C:\Users\dayta\AppData\Local\Programs\Python\Python311\Lib\asyncio\events.py", line 80, in _run
    self._context.run(self._callback, *self._args)
  File "C:\Projects\Сайт анализ ниш1\app\services\discovery_cycle.py", line 322, in run_discovery_cycle_async
    persist_results, kw_duplicates_from_batch = batch_persist_discovered_videos(
  File "C:\Projects\Сайт анализ ниш1\app\services\discovered_video_batch.py", line 63, in batch_persist_discovered_videos
    outcome = persist_discovered_video(
  File "C:\Projects\Сайт анализ ниш1\app\services\discovered_video_persistence.py", line 202, in persist_discovered_video
    _upsert_discovered_channel(
  File "C:\Projects\Сайт анализ ниш1\app\services\discovered_video_persistence.py", line 150, in _upsert_discovered_channel
    session.execute(
  File "C:\Users\dayta\AppData\Local\Programs\Python\Python311\Lib\site-packages\sqlalchemy\orm\session.py", line 2373, in execute
    return self._execute_internal(
  File "C:\Users\dayta\AppData\Local\Programs\Python\Python311\Lib\site-packages\sqlalchemy\orm\session.py", line 2271, in _execute_internal
    result: Result[Any] = compile_state_cls.orm_execute_statement(
  File "C:\Users\dayta\AppData\Local\Programs\Python\Python311\Lib\site-packages\sqlalchemy\orm\bulk_persistence.py", line 1306, in orm_execute_statement
    result = conn.execute(
  File "C:\Users\dayta\AppData\Local\Programs\Python\Python311\Lib\site-packages\sqlalchemy\engine\base.py", line 1421, in execute
    return meth(
  File "C:\Users\dayta\AppData\Local\Programs\Python\Python311\Lib\site-packages\sqlalchemy\sql\elements.py", line 526, in _execute_on_connection
    return connection._execute_clauseelement(
  File "C:\Users\dayta\AppData\Local\Programs\Python\Python311\Lib\site-packages\sqlalchemy\engine\base.py", line 1643, in _execute_clauseelement
    ret = self._execute_context(
  File "C:\Users\dayta\AppData\Local\Programs\Python\Python311\Lib\site-packages\sqlalchemy\engine\base.py", line 1848, in _execute_context
    return self._exec_single_context(
  File "C:\Users\dayta\AppData\Local\Programs\Python\Python311\Lib\site-packages\sqlalchemy\engine\base.py", line 1906, in _exec_single_context
    self._log_info(
  File "C:\Users\dayta\AppData\Local\Programs\Python\Python311\Lib\site-packages\sqlalchemy\engine\base.py", line 188, in _log_info
    self.engine.logger.info(message, *arg, **kw)
  File "C:\Users\dayta\AppData\Local\Programs\Python\Python311\Lib\site-packages\sqlalchemy\log.py", line 159, in info
    self.log(logging.INFO, msg, *args, **kwargs)
  File "C:\Users\dayta\AppData\Local\Programs\Python\Python311\Lib\site-packages\sqlalchemy\log.py", line 210, in log
    self.logger._log(level, msg, args, **kwargs)
Message: '[%s] %r'
Arguments: ('no key 0.00029s', {'id': 'UC7d64l_CoQ9sd0hOaw1MEaA', 'title': 'Largados em Fam\xedlia', 'subscribers_count': 0, 'topic': None, 'custom_url': None, 'created_at': datetime.datetime(2026, 10, 6, 15, 50, 17, 384923, tzinfo=datetime.timezone.utc), 'param_1': 'Largados em Fam\xedlia', 'param_2': datetime.datetime(2026, 10, 6, 15, 50, 17, 384923, tzinfo=datetime.timezone.utc)})
--- Logging error ---
Traceback (most recent call last):
  File "C:\Users\dayta\AppData\Local\Programs\Python\Python311\Lib\logging\__init__.py", line 1113, in emit
    stream.write(msg + self.terminator)
  File "C:\Users\dayta\AppData\Local\Programs\Python\Python311\Lib\encodings\cp1251.py", line 19, in encode
    return codecs.charmap_encode(input,self.errors,encoding_table)[0]
           ^^^^^^^^^^^^^^^^^^^^^^^^^^^^^^^^^^^^^^^^^^^^^^^^^^^^^^^
UnicodeEncodeError: 'charmap' codec can't encode characters in position 129-133: character maps to <undefined>
Call stack:
  File "C:\Projects\Сайт анализ ниш1\scripts\run_discovery_worker.py", line 117, in <module>
    raise SystemExit(main())
  File "C:\Projects\Сайт анализ ниш1\scripts\run_discovery_worker.py", line 99, in main
    run_discovery_worker(
  File "C:\Projects\Сайт анализ ниш1\app\services\discovery_worker_runtime.py", line 118, in run_discovery_worker
    summary = run_discovery_cycle(
  File "C:\Projects\Сайт анализ ниш1\app\services\discovery_cycle.py", line 491, in run_discovery_cycle
    return asyncio.run(
  File "C:\Users\dayta\AppData\Local\Programs\Python\Python311\Lib\asyncio\runners.py", line 190, in run
    return runner.run(main)
  File "C:\Users\dayta\AppData\Local\Programs\Python\Python311\Lib\asyncio\runners.py", line 118, in run
    return self._loop.run_until_complete(task)
  File "C:\Users\dayta\AppData\Local\Programs\Python\Python311\Lib\asyncio\base_events.py", line 640, in run_until_complete
    self.run_forever()
  File "C:\Users\dayta\AppData\Local\Programs\Python\Python311\Lib\asyncio\windows_events.py", line 321, in run_forever
    super().run_forever()
  File "C:\Users\dayta\AppData\Local\Programs\Python\Python311\Lib\asyncio\base_events.py", line 607, in run_forever
    self._run_once()
  File "C:\Users\dayta\AppData\Local\Programs\Python\Python311\Lib\asyncio\base_events.py", line 1922, in _run_once
    handle._run()
  File "C:\Users\dayta\AppData\Local\Programs\Python\Python311\Lib\asyncio\events.py", line 80, in _run
    self._context.run(self._callback, *self._args)
  File "C:\Projects\Сайт анализ ниш1\app\services\discovery_cycle.py", line 322, in run_discovery_cycle_async
    persist_results, kw_duplicates_from_batch = batch_persist_discovered_videos(
  File "C:\Projects\Сайт анализ ниш1\app\services\discovered_video_batch.py", line 63, in batch_persist_discovered_videos
    outcome = persist_discovered_video(
  File "C:\Projects\Сайт анализ ниш1\app\services\discovered_video_persistence.py", line 202, in persist_discovered_video
    _upsert_discovered_channel(
  File "C:\Projects\Сайт анализ ниш1\app\services\discovered_video_persistence.py", line 150, in _upsert_discovered_channel
    session.execute(
  File "C:\Users\dayta\AppData\Local\Programs\Python\Python311\Lib\site-packages\sqlalchemy\orm\session.py", line 2373, in execute
    return self._execute_internal(
  File "C:\Users\dayta\AppData\Local\Programs\Python\Python311\Lib\site-packages\sqlalchemy\orm\session.py", line 2271, in _execute_internal
    result: Result[Any] = compile_state_cls.orm_execute_statement(
  File "C:\Users\dayta\AppData\Local\Programs\Python\Python311\Lib\site-packages\sqlalchemy\orm\bulk_persistence.py", line 1306, in orm_execute_statement
    result = conn.execute(
  File "C:\Users\dayta\AppData\Local\Programs\Python\Python311\Lib\site-packages\sqlalchemy\engine\base.py", line 1421, in execute
    return meth(
  File "C:\Users\dayta\AppData\Local\Programs\Python\Python311\Lib\site-packages\sqlalchemy\sql\elements.py", line 526, in _execute_on_connection
    return connection._execute_clauseelement(
  File "C:\Users\dayta\AppData\Local\Programs\Python\Python311\Lib\site-packages\sqlalchemy\engine\base.py", line 1643, in _execute_clauseelement
    ret = self._execute_context(
  File "C:\Users\dayta\AppData\Local\Programs\Python\Python311\Lib\site-packages\sqlalchemy\engine\base.py", line 1848, in _execute_context
    return self._exec_single_context(
  File "C:\Users\dayta\AppData\Local\Programs\Python\Python311\Lib\site-packages\sqlalchemy\engine\base.py", line 1906, in _exec_single_context
    self._log_info(
  File "C:\Users\dayta\AppData\Local\Programs\Python\Python311\Lib\site-packages\sqlalchemy\engine\base.py", line 188, in _log_info
    self.engine.logger.info(message, *arg, **kw)
  File "C:\Users\dayta\AppData\Local\Programs\Python\Python311\Lib\site-packages\sqlalchemy\log.py", line 159, in info
    self.log(logging.INFO, msg, *args, **kwargs)
  File "C:\Users\dayta\AppData\Local\Programs\Python\Python311\Lib\site-packages\sqlalchemy\log.py", line 210, in log
    self.logger._log(level, msg, args, **kwargs)
Message: '[%s] %r'
Arguments: ('no key 0.00030s', {'id': 'UCPGPKtg0POaeQIEZnAlsx3w', 'title': 'Mona Family \u0639\u0627\u0626\u0644\u0629 \u0645\u0646\u0649', 'subscribers_count': 0, 'topic': None, 'custom_url': None, 'created_at': datetime.datetime(2026, 10, 6, 15, 50, 17, 406287, tzinfo=datetime.timezone.utc), 'param_1': 'Mona Family \u0639\u0627\u0626\u0644\u0629 \u0645\u0646\u0649', 'param_2': datetime.datetime(2026, 10, 6, 15, 50, 17, 406287, tzinfo=datetime.timezone.utc)})
--- Logging error ---
Traceback (most recent call last):
  File "C:\Users\dayta\AppData\Local\Programs\Python\Python311\Lib\logging\__init__.py", line 1113, in emit
    stream.write(msg + self.terminator)
  File "C:\Users\dayta\AppData\Local\Programs\Python\Python311\Lib\encodings\cp1251.py", line 19, in encode
    return codecs.charmap_encode(input,self.errors,encoding_table)[0]
           ^^^^^^^^^^^^^^^^^^^^^^^^^^^^^^^^^^^^^^^^^^^^^^^^^^^^^^^
UnicodeEncodeError: 'charmap' codec can't encode characters in position 117-118: character maps to <undefined>
Call stack:
  File "C:\Projects\Сайт анализ ниш1\scripts\run_discovery_worker.py", line 117, in <module>
    raise SystemExit(main())
  File "C:\Projects\Сайт анализ ниш1\scripts\run_discovery_worker.py", line 99, in main
    run_discovery_worker(
  File "C:\Projects\Сайт анализ ниш1\app\services\discovery_worker_runtime.py", line 118, in run_discovery_worker
    summary = run_discovery_cycle(
  File "C:\Projects\Сайт анализ ниш1\app\services\discovery_cycle.py", line 491, in run_discovery_cycle
    return asyncio.run(
  File "C:\Users\dayta\AppData\Local\Programs\Python\Python311\Lib\asyncio\runners.py", line 190, in run
    return runner.run(main)
  File "C:\Users\dayta\AppData\Local\Programs\Python\Python311\Lib\asyncio\runners.py", line 118, in run
    return self._loop.run_until_complete(task)
  File "C:\Users\dayta\AppData\Local\Programs\Python\Python311\Lib\asyncio\base_events.py", line 640, in run_until_complete
    self.run_forever()
  File "C:\Users\dayta\AppData\Local\Programs\Python\Python311\Lib\asyncio\windows_events.py", line 321, in run_forever
    super().run_forever()
  File "C:\Users\dayta\AppData\Local\Programs\Python\Python311\Lib\asyncio\base_events.py", line 607, in run_forever
    self._run_once()
  File "C:\Users\dayta\AppData\Local\Programs\Python\Python311\Lib\asyncio\base_events.py", line 1922, in _run_once
    handle._run()
  File "C:\Users\dayta\AppData\Local\Programs\Python\Python311\Lib\asyncio\events.py", line 80, in _run
    self._context.run(self._callback, *self._args)
  File "C:\Projects\Сайт анализ ниш1\app\services\discovery_cycle.py", line 322, in run_discovery_cycle_async
    persist_results, kw_duplicates_from_batch = batch_persist_discovered_videos(
  File "C:\Projects\Сайт анализ ниш1\app\services\discovered_video_batch.py", line 63, in batch_persist_discovered_videos
    outcome = persist_discovered_video(
  File "C:\Projects\Сайт анализ ниш1\app\services\discovered_video_persistence.py", line 202, in persist_discovered_video
    _upsert_discovered_channel(
  File "C:\Projects\Сайт анализ ниш1\app\services\discovered_video_persistence.py", line 150, in _upsert_discovered_channel
    session.execute(
  File "C:\Users\dayta\AppData\Local\Programs\Python\Python311\Lib\site-packages\sqlalchemy\orm\session.py", line 2373, in execute
    return self._execute_internal(
  File "C:\Users\dayta\AppData\Local\Programs\Python\Python311\Lib\site-packages\sqlalchemy\orm\session.py", line 2271, in _execute_internal
    result: Result[Any] = compile_state_cls.orm_execute_statement(
  File "C:\Users\dayta\AppData\Local\Programs\Python\Python311\Lib\site-packages\sqlalchemy\orm\bulk_persistence.py", line 1306, in orm_execute_statement
    result = conn.execute(
  File "C:\Users\dayta\AppData\Local\Programs\Python\Python311\Lib\site-packages\sqlalchemy\engine\base.py", line 1421, in execute
    return meth(
  File "C:\Users\dayta\AppData\Local\Programs\Python\Python311\Lib\site-packages\sqlalchemy\sql\elements.py", line 526, in _execute_on_connection
    return connection._execute_clauseelement(
  File "C:\Users\dayta\AppData\Local\Programs\Python\Python311\Lib\site-packages\sqlalchemy\engine\base.py", line 1643, in _execute_clauseelement
    ret = self._execute_context(
  File "C:\Users\dayta\AppData\Local\Programs\Python\Python311\Lib\site-packages\sqlalchemy\engine\base.py", line 1848, in _execute_context
    return self._exec_single_context(
  File "C:\Users\dayta\AppData\Local\Programs\Python\Python311\Lib\site-packages\sqlalchemy\engine\base.py", line 1906, in _exec_single_context
    self._log_info(
  File "C:\Users\dayta\AppData\Local\Programs\Python\Python311\Lib\site-packages\sqlalchemy\engine\base.py", line 188, in _log_info
    self.engine.logger.info(message, *arg, **kw)
  File "C:\Users\dayta\AppData\Local\Programs\Python\Python311\Lib\site-packages\sqlalchemy\log.py", line 159, in info
    self.log(logging.INFO, msg, *args, **kwargs)
  File "C:\Users\dayta\AppData\Local\Programs\Python\Python311\Lib\site-packages\sqlalchemy\log.py", line 210, in log
    self.logger._log(level, msg, args, **kwargs)
Message: '[%s] %r'
Arguments: ('no key 0.00033s', {'id': 'UC_BL_gm2gjJCNR7QC6mmg2w', 'title': '\u0110\u1eddi S\u1ed1ng Th\xe1nh Ca B\xecnh An', 'subscribers_count': 0, 'topic': None, 'custom_url': None, 'created_at': datetime.datetime(2026, 10, 6, 15, 50, 17, 507636, tzinfo=datetime.timezone.utc), 'param_1': '\u0110\u1eddi S\u1ed1ng Th\xe1nh Ca B\xecnh An', 'param_2': datetime.datetime(2026, 10, 6, 15, 50, 17, 507636, tzinfo=datetime.timezone.utc)})
--- Logging error ---
Traceback (most recent call last):
  File "C:\Users\dayta\AppData\Local\Programs\Python\Python311\Lib\logging\__init__.py", line 1113, in emit
    stream.write(msg + self.terminator)
  File "C:\Users\dayta\AppData\Local\Programs\Python\Python311\Lib\encodings\cp1251.py", line 19, in encode
    return codecs.charmap_encode(input,self.errors,encoding_table)[0]
           ^^^^^^^^^^^^^^^^^^^^^^^^^^^^^^^^^^^^^^^^^^^^^^^^^^^^^^^
UnicodeEncodeError: 'charmap' codec can't encode character '\xe0' in position 118: character maps to <undefined>
Call stack:
  File "C:\Projects\Сайт анализ ниш1\scripts\run_discovery_worker.py", line 117, in <module>
    raise SystemExit(main())
  File "C:\Projects\Сайт анализ ниш1\scripts\run_discovery_worker.py", line 99, in main
    run_discovery_worker(
  File "C:\Projects\Сайт анализ ниш1\app\services\discovery_worker_runtime.py", line 118, in run_discovery_worker
    summary = run_discovery_cycle(
  File "C:\Projects\Сайт анализ ниш1\app\services\discovery_cycle.py", line 491, in run_discovery_cycle
    return asyncio.run(
  File "C:\Users\dayta\AppData\Local\Programs\Python\Python311\Lib\asyncio\runners.py", line 190, in run
    return runner.run(main)
  File "C:\Users\dayta\AppData\Local\Programs\Python\Python311\Lib\asyncio\runners.py", line 118, in run
    return self._loop.run_until_complete(task)
  File "C:\Users\dayta\AppData\Local\Programs\Python\Python311\Lib\asyncio\base_events.py", line 640, in run_until_complete
    self.run_forever()
  File "C:\Users\dayta\AppData\Local\Programs\Python\Python311\Lib\asyncio\windows_events.py", line 321, in run_forever
    super().run_forever()
  File "C:\Users\dayta\AppData\Local\Programs\Python\Python311\Lib\asyncio\base_events.py", line 607, in run_forever
    self._run_once()
  File "C:\Users\dayta\AppData\Local\Programs\Python\Python311\Lib\asyncio\base_events.py", line 1922, in _run_once
    handle._run()
  File "C:\Users\dayta\AppData\Local\Programs\Python\Python311\Lib\asyncio\events.py", line 80, in _run
    self._context.run(self._callback, *self._args)
  File "C:\Projects\Сайт анализ ниш1\app\services\discovery_cycle.py", line 322, in run_discovery_cycle_async
    persist_results, kw_duplicates_from_batch = batch_persist_discovered_videos(
  File "C:\Projects\Сайт анализ ниш1\app\services\discovered_video_batch.py", line 63, in batch_persist_discovered_videos
    outcome = persist_discovered_video(
  File "C:\Projects\Сайт анализ ниш1\app\services\discovered_video_persistence.py", line 202, in persist_discovered_video
    _upsert_discovered_channel(
  File "C:\Projects\Сайт анализ ниш1\app\services\discovered_video_persistence.py", line 150, in _upsert_discovered_channel
    session.execute(
  File "C:\Users\dayta\AppData\Local\Programs\Python\Python311\Lib\site-packages\sqlalchemy\orm\session.py", line 2373, in execute
    return self._execute_internal(
  File "C:\Users\dayta\AppData\Local\Programs\Python\Python311\Lib\site-packages\sqlalchemy\orm\session.py", line 2271, in _execute_internal
    result: Result[Any] = compile_state_cls.orm_execute_statement(
  File "C:\Users\dayta\AppData\Local\Programs\Python\Python311\Lib\site-packages\sqlalchemy\orm\bulk_persistence.py", line 1306, in orm_execute_statement
    result = conn.execute(
  File "C:\Users\dayta\AppData\Local\Programs\Python\Python311\Lib\site-packages\sqlalchemy\engine\base.py", line 1421, in execute
    return meth(
  File "C:\Users\dayta\AppData\Local\Programs\Python\Python311\Lib\site-packages\sqlalchemy\sql\elements.py", line 526, in _execute_on_connection
    return connection._execute_clauseelement(
  File "C:\Users\dayta\AppData\Local\Programs\Python\Python311\Lib\site-packages\sqlalchemy\engine\base.py", line 1643, in _execute_clauseelement
    ret = self._execute_context(
  File "C:\Users\dayta\AppData\Local\Programs\Python\Python311\Lib\site-packages\sqlalchemy\engine\base.py", line 1848, in _execute_context
    return self._exec_single_context(
  File "C:\Users\dayta\AppData\Local\Programs\Python\Python311\Lib\site-packages\sqlalchemy\engine\base.py", line 1906, in _exec_single_context
    self._log_info(
  File "C:\Users\dayta\AppData\Local\Programs\Python\Python311\Lib\site-packages\sqlalchemy\engine\base.py", line 188, in _log_info
    self.engine.logger.info(message, *arg, **kw)
  File "C:\Users\dayta\AppData\Local\Programs\Python\Python311\Lib\site-packages\sqlalchemy\log.py", line 159, in info
    self.log(logging.INFO, msg, *args, **kwargs)
  File "C:\Users\dayta\AppData\Local\Programs\Python\Python311\Lib\site-packages\sqlalchemy\log.py", line 210, in log
    self.logger._log(level, msg, args, **kwargs)
Message: '[%s] %r'
Arguments: ('no key 0.00052s', {'id': 'UCsh8bUi-KIlngsaGeAbavgQ', 'title': 'h\xe0 vy', 'subscribers_count': 0, 'topic': None, 'custom_url': None, 'created_at': datetime.datetime(2026, 10, 6, 15, 50, 17, 665375, tzinfo=datetime.timezone.utc), 'param_1': 'h\xe0 vy', 'param_2': datetime.datetime(2026, 10, 6, 15, 50, 17, 665375, tzinfo=datetime.timezone.utc)})
--- Logging error ---
Traceback (most recent call last):
  File "C:\Users\dayta\AppData\Local\Programs\Python\Python311\Lib\logging\__init__.py", line 1113, in emit
    stream.write(msg + self.terminator)
  File "C:\Users\dayta\AppData\Local\Programs\Python\Python311\Lib\encodings\cp1251.py", line 19, in encode
    return codecs.charmap_encode(input,self.errors,encoding_table)[0]
           ^^^^^^^^^^^^^^^^^^^^^^^^^^^^^^^^^^^^^^^^^^^^^^^^^^^^^^^
UnicodeEncodeError: 'charmap' codec can't encode character '\u1ecb' in position 121: character maps to <undefined>
Call stack:
  File "C:\Projects\Сайт анализ ниш1\scripts\run_discovery_worker.py", line 117, in <module>
    raise SystemExit(main())
  File "C:\Projects\Сайт анализ ниш1\scripts\run_discovery_worker.py", line 99, in main
    run_discovery_worker(
  File "C:\Projects\Сайт анализ ниш1\app\services\discovery_worker_runtime.py", line 118, in run_discovery_worker
    summary = run_discovery_cycle(
  File "C:\Projects\Сайт анализ ниш1\app\services\discovery_cycle.py", line 491, in run_discovery_cycle
    return asyncio.run(
  File "C:\Users\dayta\AppData\Local\Programs\Python\Python311\Lib\asyncio\runners.py", line 190, in run
    return runner.run(main)
  File "C:\Users\dayta\AppData\Local\Programs\Python\Python311\Lib\asyncio\runners.py", line 118, in run
    return self._loop.run_until_complete(task)
  File "C:\Users\dayta\AppData\Local\Programs\Python\Python311\Lib\asyncio\base_events.py", line 640, in run_until_complete
    self.run_forever()
  File "C:\Users\dayta\AppData\Local\Programs\Python\Python311\Lib\asyncio\windows_events.py", line 321, in run_forever
    super().run_forever()
  File "C:\Users\dayta\AppData\Local\Programs\Python\Python311\Lib\asyncio\base_events.py", line 607, in run_forever
    self._run_once()
  File "C:\Users\dayta\AppData\Local\Programs\Python\Python311\Lib\asyncio\base_events.py", line 1922, in _run_once
    handle._run()
  File "C:\Users\dayta\AppData\Local\Programs\Python\Python311\Lib\asyncio\events.py", line 80, in _run
    self._context.run(self._callback, *self._args)
  File "C:\Projects\Сайт анализ ниш1\app\services\discovery_cycle.py", line 322, in run_discovery_cycle_async
    persist_results, kw_duplicates_from_batch = batch_persist_discovered_videos(
  File "C:\Projects\Сайт анализ ниш1\app\services\discovered_video_batch.py", line 63, in batch_persist_discovered_videos
    outcome = persist_discovered_video(
  File "C:\Projects\Сайт анализ ниш1\app\services\discovered_video_persistence.py", line 202, in persist_discovered_video
    _upsert_discovered_channel(
  File "C:\Projects\Сайт анализ ниш1\app\services\discovered_video_persistence.py", line 150, in _upsert_discovered_channel
    session.execute(
  File "C:\Users\dayta\AppData\Local\Programs\Python\Python311\Lib\site-packages\sqlalchemy\orm\session.py", line 2373, in execute
    return self._execute_internal(
  File "C:\Users\dayta\AppData\Local\Programs\Python\Python311\Lib\site-packages\sqlalchemy\orm\session.py", line 2271, in _execute_internal
    result: Result[Any] = compile_state_cls.orm_execute_statement(
  File "C:\Users\dayta\AppData\Local\Programs\Python\Python311\Lib\site-packages\sqlalchemy\orm\bulk_persistence.py", line 1306, in orm_execute_statement
    result = conn.execute(
  File "C:\Users\dayta\AppData\Local\Programs\Python\Python311\Lib\site-packages\sqlalchemy\engine\base.py", line 1421, in execute
    return meth(
  File "C:\Users\dayta\AppData\Local\Programs\Python\Python311\Lib\site-packages\sqlalchemy\sql\elements.py", line 526, in _execute_on_connection
    return connection._execute_clauseelement(
  File "C:\Users\dayta\AppData\Local\Programs\Python\Python311\Lib\site-packages\sqlalchemy\engine\base.py", line 1643, in _execute_clauseelement
    ret = self._execute_context(
  File "C:\Users\dayta\AppData\Local\Programs\Python\Python311\Lib\site-packages\sqlalchemy\engine\base.py", line 1848, in _execute_context
    return self._exec_single_context(
  File "C:\Users\dayta\AppData\Local\Programs\Python\Python311\Lib\site-packages\sqlalchemy\engine\base.py", line 1906, in _exec_single_context
    self._log_info(
  File "C:\Users\dayta\AppData\Local\Programs\Python\Python311\Lib\site-packages\sqlalchemy\engine\base.py", line 188, in _log_info
    self.engine.logger.info(message, *arg, **kw)
  File "C:\Users\dayta\AppData\Local\Programs\Python\Python311\Lib\site-packages\sqlalchemy\log.py", line 159, in info
    self.log(logging.INFO, msg, *args, **kwargs)
  File "C:\Users\dayta\AppData\Local\Programs\Python\Python311\Lib\site-packages\sqlalchemy\log.py", line 210, in log
    self.logger._log(level, msg, args, **kwargs)
Message: '[%s] %r'
Arguments: ('no key 0.00029s', {'id': 'UCLNn-Mv-g7gIJl7eB-8NiAg', 'title': 'Du l\u1ecbch T\xe2n Th\u1ebf Gi\u1edbi - New World Travel', 'subscribers_count': 0, 'topic': None, 'custom_url': None, 'created_at': datetime.datetime(2026, 10, 6, 15, 50, 17, 754487, tzinfo=datetime.timezone.utc), 'param_1': 'Du l\u1ecbch T\xe2n Th\u1ebf Gi\u1edbi - New World Travel', 'param_2': datetime.datetime(2026, 10, 6, 15, 50, 17, 754487, tzinfo=datetime.timezone.utc)})
--- Logging error ---
Traceback (most recent call last):
  File "C:\Users\dayta\AppData\Local\Programs\Python\Python311\Lib\logging\__init__.py", line 1113, in emit
    stream.write(msg + self.terminator)
  File "C:\Users\dayta\AppData\Local\Programs\Python\Python311\Lib\encodings\cp1251.py", line 19, in encode
    return codecs.charmap_encode(input,self.errors,encoding_table)[0]
           ^^^^^^^^^^^^^^^^^^^^^^^^^^^^^^^^^^^^^^^^^^^^^^^^^^^^^^^
UnicodeEncodeError: 'charmap' codec can't encode character '\U0001f33a' in position 130: character maps to <undefined>
Call stack:
  File "C:\Projects\Сайт анализ ниш1\scripts\run_discovery_worker.py", line 117, in <module>
    raise SystemExit(main())
  File "C:\Projects\Сайт анализ ниш1\scripts\run_discovery_worker.py", line 99, in main
    run_discovery_worker(
  File "C:\Projects\Сайт анализ ниш1\app\services\discovery_worker_runtime.py", line 118, in run_discovery_worker
    summary = run_discovery_cycle(
  File "C:\Projects\Сайт анализ ниш1\app\services\discovery_cycle.py", line 491, in run_discovery_cycle
    return asyncio.run(
  File "C:\Users\dayta\AppData\Local\Programs\Python\Python311\Lib\asyncio\runners.py", line 190, in run
    return runner.run(main)
  File "C:\Users\dayta\AppData\Local\Programs\Python\Python311\Lib\asyncio\runners.py", line 118, in run
    return self._loop.run_until_complete(task)
  File "C:\Users\dayta\AppData\Local\Programs\Python\Python311\Lib\asyncio\base_events.py", line 640, in run_until_complete
    self.run_forever()
  File "C:\Users\dayta\AppData\Local\Programs\Python\Python311\Lib\asyncio\windows_events.py", line 321, in run_forever
    super().run_forever()
  File "C:\Users\dayta\AppData\Local\Programs\Python\Python311\Lib\asyncio\base_events.py", line 607, in run_forever
    self._run_once()
  File "C:\Users\dayta\AppData\Local\Programs\Python\Python311\Lib\asyncio\base_events.py", line 1922, in _run_once
    handle._run()
  File "C:\Users\dayta\AppData\Local\Programs\Python\Python311\Lib\asyncio\events.py", line 80, in _run
    self._context.run(self._callback, *self._args)
  File "C:\Projects\Сайт анализ ниш1\app\services\discovery_cycle.py", line 322, in run_discovery_cycle_async
    persist_results, kw_duplicates_from_batch = batch_persist_discovered_videos(
  File "C:\Projects\Сайт анализ ниш1\app\services\discovered_video_batch.py", line 63, in batch_persist_discovered_videos
    outcome = persist_discovered_video(
  File "C:\Projects\Сайт анализ ниш1\app\services\discovered_video_persistence.py", line 202, in persist_discovered_video
    _upsert_discovered_channel(
  File "C:\Projects\Сайт анализ ниш1\app\services\discovered_video_persistence.py", line 150, in _upsert_discovered_channel
    session.execute(
  File "C:\Users\dayta\AppData\Local\Programs\Python\Python311\Lib\site-packages\sqlalchemy\orm\session.py", line 2373, in execute
    return self._execute_internal(
  File "C:\Users\dayta\AppData\Local\Programs\Python\Python311\Lib\site-packages\sqlalchemy\orm\session.py", line 2271, in _execute_internal
    result: Result[Any] = compile_state_cls.orm_execute_statement(
  File "C:\Users\dayta\AppData\Local\Programs\Python\Python311\Lib\site-packages\sqlalchemy\orm\bulk_persistence.py", line 1306, in orm_execute_statement
    result = conn.execute(
  File "C:\Users\dayta\AppData\Local\Programs\Python\Python311\Lib\site-packages\sqlalchemy\engine\base.py", line 1421, in execute
    return meth(
  File "C:\Users\dayta\AppData\Local\Programs\Python\Python311\Lib\site-packages\sqlalchemy\sql\elements.py", line 526, in _execute_on_connection
    return connection._execute_clauseelement(
  File "C:\Users\dayta\AppData\Local\Programs\Python\Python311\Lib\site-packages\sqlalchemy\engine\base.py", line 1643, in _execute_clauseelement
    ret = self._execute_context(
  File "C:\Users\dayta\AppData\Local\Programs\Python\Python311\Lib\site-packages\sqlalchemy\engine\base.py", line 1848, in _execute_context
    return self._exec_single_context(
  File "C:\Users\dayta\AppData\Local\Programs\Python\Python311\Lib\site-packages\sqlalchemy\engine\base.py", line 1906, in _exec_single_context
    self._log_info(
  File "C:\Users\dayta\AppData\Local\Programs\Python\Python311\Lib\site-packages\sqlalchemy\engine\base.py", line 188, in _log_info
    self.engine.logger.info(message, *arg, **kw)
  File "C:\Users\dayta\AppData\Local\Programs\Python\Python311\Lib\site-packages\sqlalchemy\log.py", line 159, in info
    self.log(logging.INFO, msg, *args, **kwargs)
  File "C:\Users\dayta\AppData\Local\Programs\Python\Python311\Lib\site-packages\sqlalchemy\log.py", line 210, in log
    self.logger._log(level, msg, args, **kwargs)
Message: '[%s] %r'
Arguments: ('no key 0.00029s', {'id': 'UC71W_SxBsyYpw1QbwRsOPTQ', 'title': 'Rekha sharma \U0001f33a \U0001f9ff and JAMMU threesixty', 'subscribers_count': 4220, 'topic': None, 'custom_url': None, 'created_at': datetime.datetime(2026, 10, 6, 15, 50, 17, 825091, tzinfo=datetime.timezone.utc), 'param_1': 'Rekha sharma \U0001f33a \U0001f9ff and JAMMU threesixty', 'param_2': 4220, 'param_3': datetime.datetime(2026, 10, 6, 15, 50, 17, 825091, tzinfo=datetime.timezone.utc)})
--- Logging error ---
Traceback (most recent call last):
  File "C:\Users\dayta\AppData\Local\Programs\Python\Python311\Lib\logging\__init__.py", line 1113, in emit
    stream.write(msg + self.terminator)
  File "C:\Users\dayta\AppData\Local\Programs\Python\Python311\Lib\encodings\cp1251.py", line 19, in encode
    return codecs.charmap_encode(input,self.errors,encoding_table)[0]
           ^^^^^^^^^^^^^^^^^^^^^^^^^^^^^^^^^^^^^^^^^^^^^^^^^^^^^^^
UnicodeEncodeError: 'charmap' codec can't encode character '\u0130' in position 118: character maps to <undefined>
Call stack:
  File "C:\Projects\Сайт анализ ниш1\scripts\run_discovery_worker.py", line 117, in <module>
    raise SystemExit(main())
  File "C:\Projects\Сайт анализ ниш1\scripts\run_discovery_worker.py", line 99, in main
    run_discovery_worker(
  File "C:\Projects\Сайт анализ ниш1\app\services\discovery_worker_runtime.py", line 118, in run_discovery_worker
    summary = run_discovery_cycle(
  File "C:\Projects\Сайт анализ ниш1\app\services\discovery_cycle.py", line 491, in run_discovery_cycle
    return asyncio.run(
  File "C:\Users\dayta\AppData\Local\Programs\Python\Python311\Lib\asyncio\runners.py", line 190, in run
    return runner.run(main)
  File "C:\Users\dayta\AppData\Local\Programs\Python\Python311\Lib\asyncio\runners.py", line 118, in run
    return self._loop.run_until_complete(task)
  File "C:\Users\dayta\AppData\Local\Programs\Python\Python311\Lib\asyncio\base_events.py", line 640, in run_until_complete
    self.run_forever()
  File "C:\Users\dayta\AppData\Local\Programs\Python\Python311\Lib\asyncio\windows_events.py", line 321, in run_forever
    super().run_forever()
  File "C:\Users\dayta\AppData\Local\Programs\Python\Python311\Lib\asyncio\base_events.py", line 607, in run_forever
    self._run_once()
  File "C:\Users\dayta\AppData\Local\Programs\Python\Python311\Lib\asyncio\base_events.py", line 1922, in _run_once
    handle._run()
  File "C:\Users\dayta\AppData\Local\Programs\Python\Python311\Lib\asyncio\events.py", line 80, in _run
    self._context.run(self._callback, *self._args)
  File "C:\Projects\Сайт анализ ниш1\app\services\discovery_cycle.py", line 322, in run_discovery_cycle_async
    persist_results, kw_duplicates_from_batch = batch_persist_discovered_videos(
  File "C:\Projects\Сайт анализ ниш1\app\services\discovered_video_batch.py", line 63, in batch_persist_discovered_videos
    outcome = persist_discovered_video(
  File "C:\Projects\Сайт анализ ниш1\app\services\discovered_video_persistence.py", line 202, in persist_discovered_video
    _upsert_discovered_channel(
  File "C:\Projects\Сайт анализ ниш1\app\services\discovered_video_persistence.py", line 150, in _upsert_discovered_channel
    session.execute(
  File "C:\Users\dayta\AppData\Local\Programs\Python\Python311\Lib\site-packages\sqlalchemy\orm\session.py", line 2373, in execute
    return self._execute_internal(
  File "C:\Users\dayta\AppData\Local\Programs\Python\Python311\Lib\site-packages\sqlalchemy\orm\session.py", line 2271, in _execute_internal
    result: Result[Any] = compile_state_cls.orm_execute_statement(
  File "C:\Users\dayta\AppData\Local\Programs\Python\Python311\Lib\site-packages\sqlalchemy\orm\bulk_persistence.py", line 1306, in orm_execute_statement
    result = conn.execute(
  File "C:\Users\dayta\AppData\Local\Programs\Python\Python311\Lib\site-packages\sqlalchemy\engine\base.py", line 1421, in execute
    return meth(
  File "C:\Users\dayta\AppData\Local\Programs\Python\Python311\Lib\site-packages\sqlalchemy\sql\elements.py", line 526, in _execute_on_connection
    return connection._execute_clauseelement(
  File "C:\Users\dayta\AppData\Local\Programs\Python\Python311\Lib\site-packages\sqlalchemy\engine\base.py", line 1643, in _execute_clauseelement
    ret = self._execute_context(
  File "C:\Users\dayta\AppData\Local\Programs\Python\Python311\Lib\site-packages\sqlalchemy\engine\base.py", line 1848, in _execute_context
    return self._exec_single_context(
  File "C:\Users\dayta\AppData\Local\Programs\Python\Python311\Lib\site-packages\sqlalchemy\engine\base.py", line 1906, in _exec_single_context
    self._log_info(
  File "C:\Users\dayta\AppData\Local\Programs\Python\Python311\Lib\site-packages\sqlalchemy\engine\base.py", line 188, in _log_info
    self.engine.logger.info(message, *arg, **kw)
  File "C:\Users\dayta\AppData\Local\Programs\Python\Python311\Lib\site-packages\sqlalchemy\log.py", line 159, in info
    self.log(logging.INFO, msg, *args, **kwargs)
  File "C:\Users\dayta\AppData\Local\Programs\Python\Python311\Lib\site-packages\sqlalchemy\log.py", line 210, in log
    self.logger._log(level, msg, args, **kwargs)
Message: '[%s] %r'
Arguments: ('no key 0.00031s', {'id': 'UCl8-tStxM-RlYDnKPUCMk7A', 'title': 'F\u0130L\u0130ZCE PAYLA\u015eIMLAR', 'subscribers_count': 0, 'topic': None, 'custom_url': None, 'created_at': datetime.datetime(2026, 10, 6, 15, 50, 17, 925934, tzinfo=datetime.timezone.utc), 'param_1': 'F\u0130L\u0130ZCE PAYLA\u015eIMLAR', 'param_2': datetime.datetime(2026, 10, 6, 15, 50, 17, 925934, tzinfo=datetime.timezone.utc)})
--- Logging error ---
Traceback (most recent call last):
  File "C:\Users\dayta\AppData\Local\Programs\Python\Python311\Lib\logging\__init__.py", line 1113, in emit
    stream.write(msg + self.terminator)
  File "C:\Users\dayta\AppData\Local\Programs\Python\Python311\Lib\encodings\cp1251.py", line 19, in encode
    return codecs.charmap_encode(input,self.errors,encoding_table)[0]
           ^^^^^^^^^^^^^^^^^^^^^^^^^^^^^^^^^^^^^^^^^^^^^^^^^^^^^^^
UnicodeEncodeError: 'charmap' codec can't encode character '\U0001f3b5' in position 134: character maps to <undefined>
Call stack:
  File "C:\Projects\Сайт анализ ниш1\scripts\run_discovery_worker.py", line 117, in <module>
    raise SystemExit(main())
  File "C:\Projects\Сайт анализ ниш1\scripts\run_discovery_worker.py", line 99, in main
    run_discovery_worker(
  File "C:\Projects\Сайт анализ ниш1\app\services\discovery_worker_runtime.py", line 118, in run_discovery_worker
    summary = run_discovery_cycle(
  File "C:\Projects\Сайт анализ ниш1\app\services\discovery_cycle.py", line 491, in run_discovery_cycle
    return asyncio.run(
  File "C:\Users\dayta\AppData\Local\Programs\Python\Python311\Lib\asyncio\runners.py", line 190, in run
    return runner.run(main)
  File "C:\Users\dayta\AppData\Local\Programs\Python\Python311\Lib\asyncio\runners.py", line 118, in run
    return self._loop.run_until_complete(task)
  File "C:\Users\dayta\AppData\Local\Programs\Python\Python311\Lib\asyncio\base_events.py", line 640, in run_until_complete
    self.run_forever()
  File "C:\Users\dayta\AppData\Local\Programs\Python\Python311\Lib\asyncio\windows_events.py", line 321, in run_forever
    super().run_forever()
  File "C:\Users\dayta\AppData\Local\Programs\Python\Python311\Lib\asyncio\base_events.py", line 607, in run_forever
    self._run_once()
  File "C:\Users\dayta\AppData\Local\Programs\Python\Python311\Lib\asyncio\base_events.py", line 1922, in _run_once
    handle._run()
  File "C:\Users\dayta\AppData\Local\Programs\Python\Python311\Lib\asyncio\events.py", line 80, in _run
    self._context.run(self._callback, *self._args)
  File "C:\Projects\Сайт анализ ниш1\app\services\discovery_cycle.py", line 322, in run_discovery_cycle_async
    persist_results, kw_duplicates_from_batch = batch_persist_discovered_videos(
  File "C:\Projects\Сайт анализ ниш1\app\services\discovered_video_batch.py", line 63, in batch_persist_discovered_videos
    outcome = persist_discovered_video(
  File "C:\Projects\Сайт анализ ниш1\app\services\discovered_video_persistence.py", line 202, in persist_discovered_video
    _upsert_discovered_channel(
  File "C:\Projects\Сайт анализ ниш1\app\services\discovered_video_persistence.py", line 150, in _upsert_discovered_channel
    session.execute(
  File "C:\Users\dayta\AppData\Local\Programs\Python\Python311\Lib\site-packages\sqlalchemy\orm\session.py", line 2373, in execute
    return self._execute_internal(
  File "C:\Users\dayta\AppData\Local\Programs\Python\Python311\Lib\site-packages\sqlalchemy\orm\session.py", line 2271, in _execute_internal
    result: Result[Any] = compile_state_cls.orm_execute_statement(
  File "C:\Users\dayta\AppData\Local\Programs\Python\Python311\Lib\site-packages\sqlalchemy\orm\bulk_persistence.py", line 1306, in orm_execute_statement
    result = conn.execute(
  File "C:\Users\dayta\AppData\Local\Programs\Python\Python311\Lib\site-packages\sqlalchemy\engine\base.py", line 1421, in execute
    return meth(
  File "C:\Users\dayta\AppData\Local\Programs\Python\Python311\Lib\site-packages\sqlalchemy\sql\elements.py", line 526, in _execute_on_connection
    return connection._execute_clauseelement(
  File "C:\Users\dayta\AppData\Local\Programs\Python\Python311\Lib\site-packages\sqlalchemy\engine\base.py", line 1643, in _execute_clauseelement
    ret = self._execute_context(
  File "C:\Users\dayta\AppData\Local\Programs\Python\Python311\Lib\site-packages\sqlalchemy\engine\base.py", line 1848, in _execute_context
    return self._exec_single_context(
  File "C:\Users\dayta\AppData\Local\Programs\Python\Python311\Lib\site-packages\sqlalchemy\engine\base.py", line 1906, in _exec_single_context
    self._log_info(
  File "C:\Users\dayta\AppData\Local\Programs\Python\Python311\Lib\site-packages\sqlalchemy\engine\base.py", line 188, in _log_info
    self.engine.logger.info(message, *arg, **kw)
  File "C:\Users\dayta\AppData\Local\Programs\Python\Python311\Lib\site-packages\sqlalchemy\log.py", line 159, in info
    self.log(logging.INFO, msg, *args, **kwargs)
  File "C:\Users\dayta\AppData\Local\Programs\Python\Python311\Lib\site-packages\sqlalchemy\log.py", line 210, in log
    self.logger._log(level, msg, args, **kwargs)
Message: '[%s] %r'
Arguments: ('no key 0.00029s', {'id': 'UCWTqzishtOiRlCL27mNQoIA', 'title': 'Vibe With Dhiraj \U0001f3b5', 'subscribers_count': 0, 'topic': None, 'custom_url': None, 'created_at': datetime.datetime(2026, 10, 6, 15, 50, 17, 989422, tzinfo=datetime.timezone.utc), 'param_1': 'Vibe With Dhiraj \U0001f3b5', 'param_2': datetime.datetime(2026, 10, 6, 15, 50, 17, 989422, tzinfo=datetime.timezone.utc)})
--- Logging error ---
Traceback (most recent call last):
  File "C:\Users\dayta\AppData\Local\Programs\Python\Python311\Lib\logging\__init__.py", line 1113, in emit
    stream.write(msg + self.terminator)
  File "C:\Users\dayta\AppData\Local\Programs\Python\Python311\Lib\encodings\cp1251.py", line 19, in encode
    return codecs.charmap_encode(input,self.errors,encoding_table)[0]
           ^^^^^^^^^^^^^^^^^^^^^^^^^^^^^^^^^^^^^^^^^^^^^^^^^^^^^^^
UnicodeEncodeError: 'charmap' codec can't encode character '\U0001f947' in position 124: character maps to <undefined>
Call stack:
  File "C:\Projects\Сайт анализ ниш1\scripts\run_discovery_worker.py", line 117, in <module>
    raise SystemExit(main())
  File "C:\Projects\Сайт анализ ниш1\scripts\run_discovery_worker.py", line 99, in main
    run_discovery_worker(
  File "C:\Projects\Сайт анализ ниш1\app\services\discovery_worker_runtime.py", line 118, in run_discovery_worker
    summary = run_discovery_cycle(
  File "C:\Projects\Сайт анализ ниш1\app\services\discovery_cycle.py", line 491, in run_discovery_cycle
    return asyncio.run(
  File "C:\Users\dayta\AppData\Local\Programs\Python\Python311\Lib\asyncio\runners.py", line 190, in run
    return runner.run(main)
  File "C:\Users\dayta\AppData\Local\Programs\Python\Python311\Lib\asyncio\runners.py", line 118, in run
    return self._loop.run_until_complete(task)
  File "C:\Users\dayta\AppData\Local\Programs\Python\Python311\Lib\asyncio\base_events.py", line 640, in run_until_complete
    self.run_forever()
  File "C:\Users\dayta\AppData\Local\Programs\Python\Python311\Lib\asyncio\windows_events.py", line 321, in run_forever
    super().run_forever()
  File "C:\Users\dayta\AppData\Local\Programs\Python\Python311\Lib\asyncio\base_events.py", line 607, in run_forever
    self._run_once()
  File "C:\Users\dayta\AppData\Local\Programs\Python\Python311\Lib\asyncio\base_events.py", line 1922, in _run_once
    handle._run()
  File "C:\Users\dayta\AppData\Local\Programs\Python\Python311\Lib\asyncio\events.py", line 80, in _run
    self._context.run(self._callback, *self._args)
  File "C:\Projects\Сайт анализ ниш1\app\services\discovery_cycle.py", line 322, in run_discovery_cycle_async
    persist_results, kw_duplicates_from_batch = batch_persist_discovered_videos(
  File "C:\Projects\Сайт анализ ниш1\app\services\discovered_video_batch.py", line 63, in batch_persist_discovered_videos
    outcome = persist_discovered_video(
  File "C:\Projects\Сайт анализ ниш1\app\services\discovered_video_persistence.py", line 202, in persist_discovered_video
    _upsert_discovered_channel(
  File "C:\Projects\Сайт анализ ниш1\app\services\discovered_video_persistence.py", line 150, in _upsert_discovered_channel
    session.execute(
  File "C:\Users\dayta\AppData\Local\Programs\Python\Python311\Lib\site-packages\sqlalchemy\orm\session.py", line 2373, in execute
    return self._execute_internal(
  File "C:\Users\dayta\AppData\Local\Programs\Python\Python311\Lib\site-packages\sqlalchemy\orm\session.py", line 2271, in _execute_internal
    result: Result[Any] = compile_state_cls.orm_execute_statement(
  File "C:\Users\dayta\AppData\Local\Programs\Python\Python311\Lib\site-packages\sqlalchemy\orm\bulk_persistence.py", line 1306, in orm_execute_statement
    result = conn.execute(
  File "C:\Users\dayta\AppData\Local\Programs\Python\Python311\Lib\site-packages\sqlalchemy\engine\base.py", line 1421, in execute
    return meth(
  File "C:\Users\dayta\AppData\Local\Programs\Python\Python311\Lib\site-packages\sqlalchemy\sql\elements.py", line 526, in _execute_on_connection
    return connection._execute_clauseelement(
  File "C:\Users\dayta\AppData\Local\Programs\Python\Python311\Lib\site-packages\sqlalchemy\engine\base.py", line 1643, in _execute_clauseelement
    ret = self._execute_context(
  File "C:\Users\dayta\AppData\Local\Programs\Python\Python311\Lib\site-packages\sqlalchemy\engine\base.py", line 1848, in _execute_context
    return self._exec_single_context(
  File "C:\Users\dayta\AppData\Local\Programs\Python\Python311\Lib\site-packages\sqlalchemy\engine\base.py", line 1906, in _exec_single_context
    self._log_info(
  File "C:\Users\dayta\AppData\Local\Programs\Python\Python311\Lib\site-packages\sqlalchemy\engine\base.py", line 188, in _log_info
    self.engine.logger.info(message, *arg, **kw)
  File "C:\Users\dayta\AppData\Local\Programs\Python\Python311\Lib\site-packages\sqlalchemy\log.py", line 159, in info
    self.log(logging.INFO, msg, *args, **kwargs)
  File "C:\Users\dayta\AppData\Local\Programs\Python\Python311\Lib\site-packages\sqlalchemy\log.py", line 210, in log
    self.logger._log(level, msg, args, **kwargs)
Message: '[%s] %r'
Arguments: ('no key 0.00031s', {'id': 'UCw-ga57AitdadoVCz-dcGQA', 'title': 'The EGO\U0001f947', 'subscribers_count': 0, 'topic': None, 'custom_url': None, 'created_at': datetime.datetime(2026, 10, 6, 15, 50, 18, 12831, tzinfo=datetime.timezone.utc), 'param_1': 'The EGO\U0001f947', 'param_2': datetime.datetime(2026, 10, 6, 15, 50, 18, 12831, tzinfo=datetime.timezone.utc)})
--- Logging error ---
Traceback (most recent call last):
  File "C:\Users\dayta\AppData\Local\Programs\Python\Python311\Lib\logging\__init__.py", line 1113, in emit
    stream.write(msg + self.terminator)
  File "C:\Users\dayta\AppData\Local\Programs\Python\Python311\Lib\encodings\cp1251.py", line 19, in encode
    return codecs.charmap_encode(input,self.errors,encoding_table)[0]
           ^^^^^^^^^^^^^^^^^^^^^^^^^^^^^^^^^^^^^^^^^^^^^^^^^^^^^^^
UnicodeEncodeError: 'charmap' codec can't encode characters in position 117-119: character maps to <undefined>
Call stack:
  File "C:\Projects\Сайт анализ ниш1\scripts\run_discovery_worker.py", line 117, in <module>
    raise SystemExit(main())
  File "C:\Projects\Сайт анализ ниш1\scripts\run_discovery_worker.py", line 99, in main
    run_discovery_worker(
  File "C:\Projects\Сайт анализ ниш1\app\services\discovery_worker_runtime.py", line 118, in run_discovery_worker
    summary = run_discovery_cycle(
  File "C:\Projects\Сайт анализ ниш1\app\services\discovery_cycle.py", line 491, in run_discovery_cycle
    return asyncio.run(
  File "C:\Users\dayta\AppData\Local\Programs\Python\Python311\Lib\asyncio\runners.py", line 190, in run
    return runner.run(main)
  File "C:\Users\dayta\AppData\Local\Programs\Python\Python311\Lib\asyncio\runners.py", line 118, in run
    return self._loop.run_until_complete(task)
  File "C:\Users\dayta\AppData\Local\Programs\Python\Python311\Lib\asyncio\base_events.py", line 640, in run_until_complete
    self.run_forever()
  File "C:\Users\dayta\AppData\Local\Programs\Python\Python311\Lib\asyncio\windows_events.py", line 321, in run_forever
    super().run_forever()
  File "C:\Users\dayta\AppData\Local\Programs\Python\Python311\Lib\asyncio\base_events.py", line 607, in run_forever
    self._run_once()
  File "C:\Users\dayta\AppData\Local\Programs\Python\Python311\Lib\asyncio\base_events.py", line 1922, in _run_once
    handle._run()
  File "C:\Users\dayta\AppData\Local\Programs\Python\Python311\Lib\asyncio\events.py", line 80, in _run
    self._context.run(self._callback, *self._args)
  File "C:\Projects\Сайт анализ ниш1\app\services\discovery_cycle.py", line 322, in run_discovery_cycle_async
    persist_results, kw_duplicates_from_batch = batch_persist_discovered_videos(
  File "C:\Projects\Сайт анализ ниш1\app\services\discovered_video_batch.py", line 63, in batch_persist_discovered_videos
    outcome = persist_discovered_video(
  File "C:\Projects\Сайт анализ ниш1\app\services\discovered_video_persistence.py", line 202, in persist_discovered_video
    _upsert_discovered_channel(
  File "C:\Projects\Сайт анализ ниш1\app\services\discovered_video_persistence.py", line 150, in _upsert_discovered_channel
    session.execute(
  File "C:\Users\dayta\AppData\Local\Programs\Python\Python311\Lib\site-packages\sqlalchemy\orm\session.py", line 2373, in execute
    return self._execute_internal(
  File "C:\Users\dayta\AppData\Local\Programs\Python\Python311\Lib\site-packages\sqlalchemy\orm\session.py", line 2271, in _execute_internal
    result: Result[Any] = compile_state_cls.orm_execute_statement(
  File "C:\Users\dayta\AppData\Local\Programs\Python\Python311\Lib\site-packages\sqlalchemy\orm\bulk_persistence.py", line 1306, in orm_execute_statement
    result = conn.execute(
  File "C:\Users\dayta\AppData\Local\Programs\Python\Python311\Lib\site-packages\sqlalchemy\engine\base.py", line 1421, in execute
    return meth(
  File "C:\Users\dayta\AppData\Local\Programs\Python\Python311\Lib\site-packages\sqlalchemy\sql\elements.py", line 526, in _execute_on_connection
    return connection._execute_clauseelement(
  File "C:\Users\dayta\AppData\Local\Programs\Python\Python311\Lib\site-packages\sqlalchemy\engine\base.py", line 1643, in _execute_clauseelement
    ret = self._execute_context(
  File "C:\Users\dayta\AppData\Local\Programs\Python\Python311\Lib\site-packages\sqlalchemy\engine\base.py", line 1848, in _execute_context
    return self._exec_single_context(
  File "C:\Users\dayta\AppData\Local\Programs\Python\Python311\Lib\site-packages\sqlalchemy\engine\base.py", line 1906, in _exec_single_context
    self._log_info(
  File "C:\Users\dayta\AppData\Local\Programs\Python\Python311\Lib\site-packages\sqlalchemy\engine\base.py", line 188, in _log_info
    self.engine.logger.info(message, *arg, **kw)
  File "C:\Users\dayta\AppData\Local\Programs\Python\Python311\Lib\site-packages\sqlalchemy\log.py", line 159, in info
    self.log(logging.INFO, msg, *args, **kwargs)
  File "C:\Users\dayta\AppData\Local\Programs\Python\Python311\Lib\site-packages\sqlalchemy\log.py", line 210, in log
    self.logger._log(level, msg, args, **kwargs)
Message: '[%s] %r'
Arguments: ('no key 0.00028s', {'id': 'UCs2wzXxJnRP2IKAf1Tk0n5g', 'title': '\u661f\u65b0\u805e', 'subscribers_count': 0, 'topic': None, 'custom_url': None, 'created_at': datetime.datetime(2026, 10, 6, 15, 50, 18, 31268, tzinfo=datetime.timezone.utc), 'param_1': '\u661f\u65b0\u805e', 'param_2': datetime.datetime(2026, 10, 6, 15, 50, 18, 31268, tzinfo=datetime.timezone.utc)})
--- Logging error ---
Traceback (most recent call last):
  File "C:\Users\dayta\AppData\Local\Programs\Python\Python311\Lib\logging\__init__.py", line 1113, in emit
    stream.write(msg + self.terminator)
  File "C:\Users\dayta\AppData\Local\Programs\Python\Python311\Lib\encodings\cp1251.py", line 19, in encode
    return codecs.charmap_encode(input,self.errors,encoding_table)[0]
           ^^^^^^^^^^^^^^^^^^^^^^^^^^^^^^^^^^^^^^^^^^^^^^^^^^^^^^^
UnicodeEncodeError: 'charmap' codec can't encode character '\U0001f695' in position 631: character maps to <undefined>
Call stack:
  File "C:\Projects\Сайт анализ ниш1\scripts\run_discovery_worker.py", line 117, in <module>
    raise SystemExit(main())
  File "C:\Projects\Сайт анализ ниш1\scripts\run_discovery_worker.py", line 99, in main
    run_discovery_worker(
  File "C:\Projects\Сайт анализ ниш1\app\services\discovery_worker_runtime.py", line 118, in run_discovery_worker
    summary = run_discovery_cycle(
  File "C:\Projects\Сайт анализ ниш1\app\services\discovery_cycle.py", line 491, in run_discovery_cycle
    return asyncio.run(
  File "C:\Users\dayta\AppData\Local\Programs\Python\Python311\Lib\asyncio\runners.py", line 190, in run
    return runner.run(main)
  File "C:\Users\dayta\AppData\Local\Programs\Python\Python311\Lib\asyncio\runners.py", line 118, in run
    return self._loop.run_until_complete(task)
  File "C:\Users\dayta\AppData\Local\Programs\Python\Python311\Lib\asyncio\base_events.py", line 640, in run_until_complete
    self.run_forever()
  File "C:\Users\dayta\AppData\Local\Programs\Python\Python311\Lib\asyncio\windows_events.py", line 321, in run_forever
    super().run_forever()
  File "C:\Users\dayta\AppData\Local\Programs\Python\Python311\Lib\asyncio\base_events.py", line 607, in run_forever
    self._run_once()
  File "C:\Users\dayta\AppData\Local\Programs\Python\Python311\Lib\asyncio\base_events.py", line 1922, in _run_once
    handle._run()
  File "C:\Users\dayta\AppData\Local\Programs\Python\Python311\Lib\asyncio\events.py", line 80, in _run
    self._context.run(self._callback, *self._args)
  File "C:\Projects\Сайт анализ ниш1\app\services\discovery_cycle.py", line 348, in run_discovery_cycle_async
    mark_hits_persisted_for_monitoring(
  File "C:\Projects\Сайт анализ ниш1\app\services\keyword_discovery_metrics_storage.py", line 154, in mark_hits_persisted_for_monitoring
    session.flush()
  File "C:\Users\dayta\AppData\Local\Programs\Python\Python311\Lib\site-packages\sqlalchemy\orm\session.py", line 4353, in flush
    self._flush(objects)
  File "C:\Users\dayta\AppData\Local\Programs\Python\Python311\Lib\site-packages\sqlalchemy\orm\session.py", line 4449, in _flush
    flush_context.execute()
  File "C:\Users\dayta\AppData\Local\Programs\Python\Python311\Lib\site-packages\sqlalchemy\orm\unitofwork.py", line 465, in execute
    rec.execute(self)
  File "C:\Users\dayta\AppData\Local\Programs\Python\Python311\Lib\site-packages\sqlalchemy\orm\unitofwork.py", line 641, in execute
    util.preloaded.orm_persistence.save_obj(
  File "C:\Users\dayta\AppData\Local\Programs\Python\Python311\Lib\site-packages\sqlalchemy\orm\persistence.py", line 86, in save_obj
    _emit_update_statements(
  File "C:\Users\dayta\AppData\Local\Programs\Python\Python311\Lib\site-packages\sqlalchemy\orm\persistence.py", line 913, in _emit_update_statements
    c = connection.execute(
  File "C:\Users\dayta\AppData\Local\Programs\Python\Python311\Lib\site-packages\sqlalchemy\engine\base.py", line 1421, in execute
    return meth(
  File "C:\Users\dayta\AppData\Local\Programs\Python\Python311\Lib\site-packages\sqlalchemy\sql\elements.py", line 526, in _execute_on_connection
    return connection._execute_clauseelement(
  File "C:\Users\dayta\AppData\Local\Programs\Python\Python311\Lib\site-packages\sqlalchemy\engine\base.py", line 1643, in _execute_clauseelement
    ret = self._execute_context(
  File "C:\Users\dayta\AppData\Local\Programs\Python\Python311\Lib\site-packages\sqlalchemy\engine\base.py", line 1848, in _execute_context
    return self._exec_single_context(
  File "C:\Users\dayta\AppData\Local\Programs\Python\Python311\Lib\site-packages\sqlalchemy\engine\base.py", line 1906, in _exec_single_context
    self._log_info(
  File "C:\Users\dayta\AppData\Local\Programs\Python\Python311\Lib\site-packages\sqlalchemy\engine\base.py", line 188, in _log_info
    self.engine.logger.info(message, *arg, **kw)
  File "C:\Users\dayta\AppData\Local\Programs\Python\Python311\Lib\site-packages\sqlalchemy\log.py", line 159, in info
    self.log(logging.INFO, msg, *args, **kwargs)
  File "C:\Users\dayta\AppData\Local\Programs\Python\Python311\Lib\site-packages\sqlalchemy\log.py", line 210, in log
    self.logger._log(level, msg, args, **kwargs)
Message: '[%s] %r'
Arguments: ('cached since 696.8s ago', [{'title': 'Days in the life - book updates, traveling, chatty catch up', 'views_count': 3311, 'published_at': datetime.datetime(2026, 10, 5, 19, 50, 17, 171980, tzinfo=datetime.timezone.utc), 'published_at_source': 'innertube_relative', 'videos_id': 'L2GAPjteysA'}, {'title': 'How I Travel The World As My Job (And How You Can Too)', 'views_count': 15600, 'published_at': datetime.datetime(2026, 10, 5, 21, 50, 17, 36141, tzinfo=datetime.timezone.utc), 'published_at_source': 'innertube_relative', 'videos_id': 'RaI12HlpjCk'}, {'title': 'LIFE IN NYC \U0001f695  im back!! post travel reset, extreme fall closet clean out & solo movie dates', 'views_count': 8999, 'published_at': datetime.datetime(2026, 10, 5, 18, 50, 17, 77399, tzinfo=datetime.timezone.utc), 'published_at_source': 'innertube_relative', 'videos_id': 'SGJjbwzMXN8'}])
--- Logging error ---
Traceback (most recent call last):
  File "C:\Users\dayta\AppData\Local\Programs\Python\Python311\Lib\logging\__init__.py", line 1113, in emit
    stream.write(msg + self.terminator)
  File "C:\Users\dayta\AppData\Local\Programs\Python\Python311\Lib\encodings\cp1251.py", line 19, in encode
    return codecs.charmap_encode(input,self.errors,encoding_table)[0]
           ^^^^^^^^^^^^^^^^^^^^^^^^^^^^^^^^^^^^^^^^^^^^^^^^^^^^^^^
UnicodeEncodeError: 'charmap' codec can't encode characters in position 110-111: character maps to <undefined>
Call stack:
  File "C:\Projects\Сайт анализ ниш1\scripts\run_discovery_worker.py", line 117, in <module>
    raise SystemExit(main())
  File "C:\Projects\Сайт анализ ниш1\scripts\run_discovery_worker.py", line 99, in main
    run_discovery_worker(
  File "C:\Projects\Сайт анализ ниш1\app\services\discovery_worker_runtime.py", line 118, in run_discovery_worker
    summary = run_discovery_cycle(
  File "C:\Projects\Сайт анализ ниш1\app\services\discovery_cycle.py", line 491, in run_discovery_cycle
    return asyncio.run(
  File "C:\Users\dayta\AppData\Local\Programs\Python\Python311\Lib\asyncio\runners.py", line 190, in run
    return runner.run(main)
  File "C:\Users\dayta\AppData\Local\Programs\Python\Python311\Lib\asyncio\runners.py", line 118, in run
    return self._loop.run_until_complete(task)
  File "C:\Users\dayta\AppData\Local\Programs\Python\Python311\Lib\asyncio\base_events.py", line 640, in run_until_complete
    self.run_forever()
  File "C:\Users\dayta\AppData\Local\Programs\Python\Python311\Lib\asyncio\windows_events.py", line 321, in run_forever
    super().run_forever()
  File "C:\Users\dayta\AppData\Local\Programs\Python\Python311\Lib\asyncio\base_events.py", line 607, in run_forever
    self._run_once()
  File "C:\Users\dayta\AppData\Local\Programs\Python\Python311\Lib\asyncio\base_events.py", line 1922, in _run_once
    handle._run()
  File "C:\Users\dayta\AppData\Local\Programs\Python\Python311\Lib\asyncio\events.py", line 80, in _run
    self._context.run(self._callback, *self._args)
  File "C:\Projects\Сайт анализ ниш1\app\services\discovery_cycle.py", line 348, in run_discovery_cycle_async
    mark_hits_persisted_for_monitoring(
  File "C:\Projects\Сайт анализ ниш1\app\services\keyword_discovery_metrics_storage.py", line 154, in mark_hits_persisted_for_monitoring
    session.flush()
  File "C:\Users\dayta\AppData\Local\Programs\Python\Python311\Lib\site-packages\sqlalchemy\orm\session.py", line 4353, in flush
    self._flush(objects)
  File "C:\Users\dayta\AppData\Local\Programs\Python\Python311\Lib\site-packages\sqlalchemy\orm\session.py", line 4449, in _flush
    flush_context.execute()
  File "C:\Users\dayta\AppData\Local\Programs\Python\Python311\Lib\site-packages\sqlalchemy\orm\unitofwork.py", line 465, in execute
    rec.execute(self)
  File "C:\Users\dayta\AppData\Local\Programs\Python\Python311\Lib\site-packages\sqlalchemy\orm\unitofwork.py", line 641, in execute
    util.preloaded.orm_persistence.save_obj(
  File "C:\Users\dayta\AppData\Local\Programs\Python\Python311\Lib\site-packages\sqlalchemy\orm\persistence.py", line 86, in save_obj
    _emit_update_statements(
  File "C:\Users\dayta\AppData\Local\Programs\Python\Python311\Lib\site-packages\sqlalchemy\orm\persistence.py", line 913, in _emit_update_statements
    c = connection.execute(
  File "C:\Users\dayta\AppData\Local\Programs\Python\Python311\Lib\site-packages\sqlalchemy\engine\base.py", line 1421, in execute
    return meth(
  File "C:\Users\dayta\AppData\Local\Programs\Python\Python311\Lib\site-packages\sqlalchemy\sql\elements.py", line 526, in _execute_on_connection
    return connection._execute_clauseelement(
  File "C:\Users\dayta\AppData\Local\Programs\Python\Python311\Lib\site-packages\sqlalchemy\engine\base.py", line 1643, in _execute_clauseelement
    ret = self._execute_context(
  File "C:\Users\dayta\AppData\Local\Programs\Python\Python311\Lib\site-packages\sqlalchemy\engine\base.py", line 1848, in _execute_context
    return self._exec_single_context(
  File "C:\Users\dayta\AppData\Local\Programs\Python\Python311\Lib\site-packages\sqlalchemy\engine\base.py", line 1906, in _exec_single_context
    self._log_info(
  File "C:\Users\dayta\AppData\Local\Programs\Python\Python311\Lib\site-packages\sqlalchemy\engine\base.py", line 188, in _log_info
    self.engine.logger.info(message, *arg, **kw)
  File "C:\Users\dayta\AppData\Local\Programs\Python\Python311\Lib\site-packages\sqlalchemy\log.py", line 159, in info
    self.log(logging.INFO, msg, *args, **kwargs)
  File "C:\Users\dayta\AppData\Local\Programs\Python\Python311\Lib\site-packages\sqlalchemy\log.py", line 210, in log
    self.logger._log(level, msg, args, **kwargs)
Message: '[%s] %r'
Arguments: ('cached since 906.8s ago', {'title': 'Travel to Sorrento \U0001f1ee\U0001f1f9 | Honeymoon Diaries Ep. 2', 'views_count': 13268, 'published_at': datetime.datetime(2026, 10, 5, 15, 50, 17, 50462, tzinfo=datetime.timezone.utc), 'published_at_source': 'innertube_relative', 'videos_id': 'XIkp8bYyWEk'})
--- Logging error ---
Traceback (most recent call last):
  File "C:\Users\dayta\AppData\Local\Programs\Python\Python311\Lib\logging\__init__.py", line 1113, in emit
    stream.write(msg + self.terminator)
  File "C:\Users\dayta\AppData\Local\Programs\Python\Python311\Lib\encodings\cp1251.py", line 19, in encode
    return codecs.charmap_encode(input,self.errors,encoding_table)[0]
           ^^^^^^^^^^^^^^^^^^^^^^^^^^^^^^^^^^^^^^^^^^^^^^^^^^^^^^^
UnicodeEncodeError: 'charmap' codec can't encode characters in position 2846-2855: character maps to <undefined>
Call stack:
  File "C:\Projects\Сайт анализ ниш1\scripts\run_discovery_worker.py", line 117, in <module>
    raise SystemExit(main())
  File "C:\Projects\Сайт анализ ниш1\scripts\run_discovery_worker.py", line 99, in main
    run_discovery_worker(
  File "C:\Projects\Сайт анализ ниш1\app\services\discovery_worker_runtime.py", line 118, in run_discovery_worker
    summary = run_discovery_cycle(
  File "C:\Projects\Сайт анализ ниш1\app\services\discovery_cycle.py", line 491, in run_discovery_cycle
    return asyncio.run(
  File "C:\Users\dayta\AppData\Local\Programs\Python\Python311\Lib\asyncio\runners.py", line 190, in run
    return runner.run(main)
  File "C:\Users\dayta\AppData\Local\Programs\Python\Python311\Lib\asyncio\runners.py", line 118, in run
    return self._loop.run_until_complete(task)
  File "C:\Users\dayta\AppData\Local\Programs\Python\Python311\Lib\asyncio\base_events.py", line 640, in run_until_complete
    self.run_forever()
  File "C:\Users\dayta\AppData\Local\Programs\Python\Python311\Lib\asyncio\windows_events.py", line 321, in run_forever
    super().run_forever()
  File "C:\Users\dayta\AppData\Local\Programs\Python\Python311\Lib\asyncio\base_events.py", line 607, in run_forever
    self._run_once()
  File "C:\Users\dayta\AppData\Local\Programs\Python\Python311\Lib\asyncio\base_events.py", line 1922, in _run_once
    handle._run()
  File "C:\Users\dayta\AppData\Local\Programs\Python\Python311\Lib\asyncio\events.py", line 80, in _run
    self._context.run(self._callback, *self._args)
  File "C:\Projects\Сайт анализ ниш1\app\services\discovery_cycle.py", line 348, in run_discovery_cycle_async
    mark_hits_persisted_for_monitoring(
  File "C:\Projects\Сайт анализ ниш1\app\services\keyword_discovery_metrics_storage.py", line 154, in mark_hits_persisted_for_monitoring
    session.flush()
  File "C:\Users\dayta\AppData\Local\Programs\Python\Python311\Lib\site-packages\sqlalchemy\orm\session.py", line 4353, in flush
    self._flush(objects)
  File "C:\Users\dayta\AppData\Local\Programs\Python\Python311\Lib\site-packages\sqlalchemy\orm\session.py", line 4449, in _flush
    flush_context.execute()
  File "C:\Users\dayta\AppData\Local\Programs\Python\Python311\Lib\site-packages\sqlalchemy\orm\unitofwork.py", line 465, in execute
    rec.execute(self)
  File "C:\Users\dayta\AppData\Local\Programs\Python\Python311\Lib\site-packages\sqlalchemy\orm\unitofwork.py", line 641, in execute
    util.preloaded.orm_persistence.save_obj(
  File "C:\Users\dayta\AppData\Local\Programs\Python\Python311\Lib\site-packages\sqlalchemy\orm\persistence.py", line 94, in save_obj
    _emit_insert_statements(
  File "C:\Users\dayta\AppData\Local\Programs\Python\Python311\Lib\site-packages\sqlalchemy\orm\persistence.py", line 1144, in _emit_insert_statements
    result = connection.execute(
  File "C:\Users\dayta\AppData\Local\Programs\Python\Python311\Lib\site-packages\sqlalchemy\engine\base.py", line 1421, in execute
    return meth(
  File "C:\Users\dayta\AppData\Local\Programs\Python\Python311\Lib\site-packages\sqlalchemy\sql\elements.py", line 526, in _execute_on_connection
    return connection._execute_clauseelement(
  File "C:\Users\dayta\AppData\Local\Programs\Python\Python311\Lib\site-packages\sqlalchemy\engine\base.py", line 1643, in _execute_clauseelement
    ret = self._execute_context(
  File "C:\Users\dayta\AppData\Local\Programs\Python\Python311\Lib\site-packages\sqlalchemy\engine\base.py", line 1846, in _execute_context
    return self._exec_insertmany_context(dialect, context)
  File "C:\Users\dayta\AppData\Local\Programs\Python\Python311\Lib\site-packages\sqlalchemy\engine\base.py", line 2101, in _exec_insertmany_context
    self._log_info(
  File "C:\Users\dayta\AppData\Local\Programs\Python\Python311\Lib\site-packages\sqlalchemy\engine\base.py", line 188, in _log_info
    self.engine.logger.info(message, *arg, **kw)
  File "C:\Users\dayta\AppData\Local\Programs\Python\Python311\Lib\site-packages\sqlalchemy\log.py", line 159, in info
    self.log(logging.INFO, msg, *args, **kwargs)
  File "C:\Users\dayta\AppData\Local\Programs\Python\Python311\Lib\site-packages\sqlalchemy\log.py", line 210, in log
    self.logger._log(level, msg, args, **kwargs)
Message: '[%s] %r'
Arguments: ('cached since 906.8s ago (insertmanyvalues) 1/1 (ordered)', {'duration_seconds__0': 790, 'id__0': 'dSqgCc-20Wg', 'content_format__0': 'MEDIUM', 'topic__0': 'travel', 'title__0': 'My MOST-USED Travel Essentials Are ON SALE Right Now! (Amazon Prime Big Deal Days)', 'published_at__0': datetime.datetime(2026, 10, 6, 14, 50, 17, 34036, tzinfo=datetime.timezone.utc), 'tags__0': '[]', 'views_count__0': 1403, 'likes_count__0': 0, 'channel_id__0': 'UCjHBvutnv4fE6EoBjbBZHKg', 'published_at_source__0': 'innertube_relative', 'comments_count__0': 0, 'duration_seconds__1': 698, 'id__1': '19dEEk6Nho0', 'content_format__1': 'MEDIUM', 'topic__1': 'travel', 'title__1': 'The BEST Travel Gear Worth Buying on Amazon Prime Day 2026', 'published_at__1': datetime.datetime(2026, 10, 6, 13, 50, 17, 38731, tzinfo=datetime.timezone.utc), 'tags__1': '[]', 'views_count__1': 3503, 'likes_count__1': 0, 'channel_id__1': 'UChRPxEtVjOnubXwXC0dm6Uw', 'published_at_source__1': 'innertube_relative', 'comments_count__1': 0, 'duration_seconds__2': 2324, 'id__2': 'So061Z9VrcI', 'content_format__2': 'MEDIUM', 'topic__2': 'travel', 'title__2': 'This Road Trip Was Supposed to be a Good Experience... (Sea to Sky Highway)', 'published_at__2': datetime.datetime(2026, 10, 5, 22, 50, 17, 40927, tzinfo=datetime.timezone.utc), 'tags__2': '[]', 'views_count__2': 48999, 'likes_count__2': 0, 'channel_id__2': 'UCK7KJjTcNjT3UvDoIjgRQQQ', 'published_at_source__2': 'innertube_relative', 'comments_count__2': 0, 'duration_seconds__3': 1791, 'id__3': '1nsfDH9nedI', 'content_format__3': 'MEDIUM', 'topic__3': 'travel', 'title__3': 'Canada Me Grand 40th Birthday Party...', 'published_at__3': datetime.datetime(2026, 10, 6, 13, 50, 17, 43040, tzinfo=datetime.timezone.utc), 'tags__3': '[]', 'views_count__3': 31778, 'likes_count__3': 0, 'channel_id__3': 'UChoyAdkZQVa4V7AbZshiLDg', 'published_at_source__3': 'innertube_relative', 'comments_count__3': 0, 'duration_seconds__4': 715, 'id__4': 'WJM-QOcdER8' ... 5612 parameters truncated ... 'published_at_source__471': 'innertube_relative', 'comments_count__471': 0, 'duration_seconds__472': 607, 'id__472': 'SLB_Pzpapeg', 'content_format__472': 'MEDIUM', 'topic__472': 'travel', 'title__472': 'Do not travel to Thailand before you watch this video! Soi 24 Sukhumvit Nightlife!', 'published_at__472': datetime.datetime(2026, 10, 6, 9, 50, 18, 74036, tzinfo=datetime.timezone.utc), 'tags__472': '[]', 'views_count__472': 794, 'likes_count__472': 0, 'channel_id__472': 'UC8BuroesU5yF4qR-uAGV5Rg', 'published_at_source__472': 'innertube_relative', 'comments_count__472': 0, 'duration_seconds__473': 791, 'id__473': 'lAcQVitvL6w', 'content_format__473': 'MEDIUM', 'topic__473': 'travel', 'title__473': 'Turkmenistan Travel Vlog | Amazing Facts, History & Documentary Of Turkmenistan | \u062a\u0631\u06a9\u0645\u0627\u0646\u0633\u062a\u0627\u0646 \u06a9\u06cc \u0633\u06cc\u0631', 'published_at__473': datetime.datetime(2026, 10, 6, 15, 23, 18, 77166, tzinfo=datetime.timezone.utc), 'tags__473': '[]', 'views_count__473': 46, 'likes_count__473': 0, 'channel_id__473': 'UC0ngiTcjc314ytCJTn8_39Q', 'published_at_source__473': 'innertube_relative', 'comments_count__473': 0, 'duration_seconds__474': 6183, 'id__474': 'lrkeILJ_DX4', 'content_format__474': 'MEDIUM', 'topic__474': 'travel', 'title__474': '[Travel Vlog] Vienna, Austria', 'published_at__474': datetime.datetime(2026, 10, 5, 22, 50, 18, 79332, tzinfo=datetime.timezone.utc), 'tags__474': '[]', 'views_count__474': 26, 'likes_count__474': 0, 'channel_id__474': 'UCmOxPPRux4850V6r8GreQZA', 'published_at_source__474': 'innertube_relative', 'comments_count__474': 0, 'duration_seconds__475': 31, 'id__475': 'MgIKtcvbSDA', 'content_format__475': 'MEDIUM', 'topic__475': 'travel', 'title__475': '#viral #travel #train #vlog #trending #india #locomotive', 'published_at__475': datetime.datetime(2026, 10, 6, 6, 50, 18, 81440, tzinfo=datetime.timezone.utc), 'tags__475': '[]', 'views_count__475': 2, 'likes_count__475': 0, 'channel_id__475': 'UCutWXvPPlYwr_VcUZ4wwCmg', 'published_at_source__475': 'innertube_relative', 'comments_count__475': 0})
--- Logging error ---
Traceback (most recent call last):
  File "C:\Users\dayta\AppData\Local\Programs\Python\Python311\Lib\logging\__init__.py", line 1113, in emit
    stream.write(msg + self.terminator)
  File "C:\Users\dayta\AppData\Local\Programs\Python\Python311\Lib\encodings\cp1251.py", line 19, in encode
    return codecs.charmap_encode(input,self.errors,encoding_table)[0]
           ^^^^^^^^^^^^^^^^^^^^^^^^^^^^^^^^^^^^^^^^^^^^^^^^^^^^^^^
UnicodeEncodeError: 'charmap' codec can't encode characters in position 534-535: character maps to <undefined>
Call stack:
  File "C:\Projects\Сайт анализ ниш1\scripts\run_discovery_worker.py", line 117, in <module>
    raise SystemExit(main())
  File "C:\Projects\Сайт анализ ниш1\scripts\run_discovery_worker.py", line 99, in main
    run_discovery_worker(
  File "C:\Projects\Сайт анализ ниш1\app\services\discovery_worker_runtime.py", line 118, in run_discovery_worker
    summary = run_discovery_cycle(
  File "C:\Projects\Сайт анализ ниш1\app\services\discovery_cycle.py", line 491, in run_discovery_cycle
    return asyncio.run(
  File "C:\Users\dayta\AppData\Local\Programs\Python\Python311\Lib\asyncio\runners.py", line 190, in run
    return runner.run(main)
  File "C:\Users\dayta\AppData\Local\Programs\Python\Python311\Lib\asyncio\runners.py", line 118, in run
    return self._loop.run_until_complete(task)
  File "C:\Users\dayta\AppData\Local\Programs\Python\Python311\Lib\asyncio\base_events.py", line 640, in run_until_complete
    self.run_forever()
  File "C:\Users\dayta\AppData\Local\Programs\Python\Python311\Lib\asyncio\windows_events.py", line 321, in run_forever
    super().run_forever()
  File "C:\Users\dayta\AppData\Local\Programs\Python\Python311\Lib\asyncio\base_events.py", line 607, in run_forever
    self._run_once()
  File "C:\Users\dayta\AppData\Local\Programs\Python\Python311\Lib\asyncio\base_events.py", line 1922, in _run_once
    handle._run()
  File "C:\Users\dayta\AppData\Local\Programs\Python\Python311\Lib\asyncio\events.py", line 80, in _run
    self._context.run(self._callback, *self._args)
  File "C:\Projects\Сайт анализ ниш1\app\services\discovery_cycle.py", line 219, in run_discovery_cycle_async
    scan = await scan_keyword_for_discovery(
  File "C:\Projects\Сайт анализ ниш1\app\services\discovery_keyword_scan.py", line 149, in scan_keyword_for_discovery
    process_result = await service.process_radar_videos(
  File "C:\Projects\Сайт анализ ниш1\app\services\explosive_channels_service.py", line 845, in process_radar_videos
    hit = self._register_channel_video(
  File "C:\Projects\Сайт анализ ниш1\app\services\explosive_channels_service.py", line 1066, in _register_channel_video
    db.flush()
  File "C:\Users\dayta\AppData\Local\Programs\Python\Python311\Lib\site-packages\sqlalchemy\orm\session.py", line 4353, in flush
    self._flush(objects)
  File "C:\Users\dayta\AppData\Local\Programs\Python\Python311\Lib\site-packages\sqlalchemy\orm\session.py", line 4449, in _flush
    flush_context.execute()
  File "C:\Users\dayta\AppData\Local\Programs\Python\Python311\Lib\site-packages\sqlalchemy\orm\unitofwork.py", line 465, in execute
    rec.execute(self)
  File "C:\Users\dayta\AppData\Local\Programs\Python\Python311\Lib\site-packages\sqlalchemy\orm\unitofwork.py", line 641, in execute
    util.preloaded.orm_persistence.save_obj(
  File "C:\Users\dayta\AppData\Local\Programs\Python\Python311\Lib\site-packages\sqlalchemy\orm\persistence.py", line 94, in save_obj
    _emit_insert_statements(
  File "C:\Users\dayta\AppData\Local\Programs\Python\Python311\Lib\site-packages\sqlalchemy\orm\persistence.py", line 1049, in _emit_insert_statements
    result = connection.execute(
  File "C:\Users\dayta\AppData\Local\Programs\Python\Python311\Lib\site-packages\sqlalchemy\engine\base.py", line 1421, in execute
    return meth(
  File "C:\Users\dayta\AppData\Local\Programs\Python\Python311\Lib\site-packages\sqlalchemy\sql\elements.py", line 526, in _execute_on_connection
    return connection._execute_clauseelement(
  File "C:\Users\dayta\AppData\Local\Programs\Python\Python311\Lib\site-packages\sqlalchemy\engine\base.py", line 1643, in _execute_clauseelement
    ret = self._execute_context(
  File "C:\Users\dayta\AppData\Local\Programs\Python\Python311\Lib\site-packages\sqlalchemy\engine\base.py", line 1848, in _execute_context
    return self._exec_single_context(
  File "C:\Users\dayta\AppData\Local\Programs\Python\Python311\Lib\site-packages\sqlalchemy\engine\base.py", line 1906, in _exec_single_context
    self._log_info(
  File "C:\Users\dayta\AppData\Local\Programs\Python\Python311\Lib\site-packages\sqlalchemy\engine\base.py", line 188, in _log_info
    self.engine.logger.info(message, *arg, **kw)
  File "C:\Users\dayta\AppData\Local\Programs\Python\Python311\Lib\site-packages\sqlalchemy\log.py", line 159, in info
    self.log(logging.INFO, msg, *args, **kwargs)
  File "C:\Users\dayta\AppData\Local\Programs\Python\Python311\Lib\site-packages\sqlalchemy\log.py", line 210, in log
    self.logger._log(level, msg, args, **kwargs)
Message: '[%s] %r'
Arguments: ('cached since 969.8s ago', {'channel_id': 'UCUdQfveo-4TVzh5Y5zNHTHg', 'channel_name': 'Shakura Dream World', 'avatar_url': 'https://yt3.ggpht.com/VR5jJYyPp_15eIqdhR7CQlq0z9ymql1cLH6t-PA_Idu_2yu-HYlUa2O7dsA4DhZxsnbdF8JbZ0A=s68-c-k-c0x00ffffff-no-rj', 'subscribers': 635, 'channel_age_days': 0, 'total_views': 0, 'viral_coefficient': 217.22, 'representative_video_id': 'snAuEvmmMsw', 'representative_video_title': 'I Explored a Mysterious Palace at Night in Sakura School Simulator! \U0001f631\U0001f319 | Amazing Hidden Places', 'representative_video_thumbnail': 'https://i.ytimg.com/vi/snAuEvmmMsw/hq720.jpg?sqp=-oaymwEgCNAFEJQDSFXyq4qpAxIIARUAAIhCGAFwAcABBrgC9xg=&rs=AOn4CLBqZKNwl8XxOsjZQAwTIrqEOxUtXw', 'representative_video_views': 137932, 'vph': 5747.17, 'updated_at': datetime.datetime(2026, 10, 6, 15, 51, 29, 875095, tzinfo=datetime.timezone.utc)})
--- Logging error ---
Traceback (most recent call last):
  File "C:\Users\dayta\AppData\Local\Programs\Python\Python311\Lib\logging\__init__.py", line 1113, in emit
    stream.write(msg + self.terminator)
  File "C:\Users\dayta\AppData\Local\Programs\Python\Python311\Lib\encodings\cp1251.py", line 19, in encode
    return codecs.charmap_encode(input,self.errors,encoding_table)[0]
           ^^^^^^^^^^^^^^^^^^^^^^^^^^^^^^^^^^^^^^^^^^^^^^^^^^^^^^^
UnicodeEncodeError: 'charmap' codec can't encode characters in position 135-136: character maps to <undefined>
Call stack:
  File "C:\Projects\Сайт анализ ниш1\scripts\run_discovery_worker.py", line 117, in <module>
    raise SystemExit(main())
  File "C:\Projects\Сайт анализ ниш1\scripts\run_discovery_worker.py", line 99, in main
    run_discovery_worker(
  File "C:\Projects\Сайт анализ ниш1\app\services\discovery_worker_runtime.py", line 118, in run_discovery_worker
    summary = run_discovery_cycle(
  File "C:\Projects\Сайт анализ ниш1\app\services\discovery_cycle.py", line 491, in run_discovery_cycle
    return asyncio.run(
  File "C:\Users\dayta\AppData\Local\Programs\Python\Python311\Lib\asyncio\runners.py", line 190, in run
    return runner.run(main)
  File "C:\Users\dayta\AppData\Local\Programs\Python\Python311\Lib\asyncio\runners.py", line 118, in run
    return self._loop.run_until_complete(task)
  File "C:\Users\dayta\AppData\Local\Programs\Python\Python311\Lib\asyncio\base_events.py", line 640, in run_until_complete
    self.run_forever()
  File "C:\Users\dayta\AppData\Local\Programs\Python\Python311\Lib\asyncio\windows_events.py", line 321, in run_forever
    super().run_forever()
  File "C:\Users\dayta\AppData\Local\Programs\Python\Python311\Lib\asyncio\base_events.py", line 607, in run_forever
    self._run_once()
  File "C:\Users\dayta\AppData\Local\Programs\Python\Python311\Lib\asyncio\base_events.py", line 1922, in _run_once
    handle._run()
  File "C:\Users\dayta\AppData\Local\Programs\Python\Python311\Lib\asyncio\events.py", line 80, in _run
    self._context.run(self._callback, *self._args)
  File "C:\Projects\Сайт анализ ниш1\app\services\discovery_cycle.py", line 322, in run_discovery_cycle_async
    persist_results, kw_duplicates_from_batch = batch_persist_discovered_videos(
  File "C:\Projects\Сайт анализ ниш1\app\services\discovered_video_batch.py", line 63, in batch_persist_discovered_videos
    outcome = persist_discovered_video(
  File "C:\Projects\Сайт анализ ниш1\app\services\discovered_video_persistence.py", line 202, in persist_discovered_video
    _upsert_discovered_channel(
  File "C:\Projects\Сайт анализ ниш1\app\services\discovered_video_persistence.py", line 150, in _upsert_discovered_channel
    session.execute(
  File "C:\Users\dayta\AppData\Local\Programs\Python\Python311\Lib\site-packages\sqlalchemy\orm\session.py", line 2373, in execute
    return self._execute_internal(
  File "C:\Users\dayta\AppData\Local\Programs\Python\Python311\Lib\site-packages\sqlalchemy\orm\session.py", line 2271, in _execute_internal
    result: Result[Any] = compile_state_cls.orm_execute_statement(
  File "C:\Users\dayta\AppData\Local\Programs\Python\Python311\Lib\site-packages\sqlalchemy\orm\bulk_persistence.py", line 1306, in orm_execute_statement
    result = conn.execute(
  File "C:\Users\dayta\AppData\Local\Programs\Python\Python311\Lib\site-packages\sqlalchemy\engine\base.py", line 1421, in execute
    return meth(
  File "C:\Users\dayta\AppData\Local\Programs\Python\Python311\Lib\site-packages\sqlalchemy\sql\elements.py", line 526, in _execute_on_connection
    return connection._execute_clauseelement(
  File "C:\Users\dayta\AppData\Local\Programs\Python\Python311\Lib\site-packages\sqlalchemy\engine\base.py", line 1643, in _execute_clauseelement
    ret = self._execute_context(
  File "C:\Users\dayta\AppData\Local\Programs\Python\Python311\Lib\site-packages\sqlalchemy\engine\base.py", line 1848, in _execute_context
    return self._exec_single_context(
  File "C:\Users\dayta\AppData\Local\Programs\Python\Python311\Lib\site-packages\sqlalchemy\engine\base.py", line 1906, in _exec_single_context
    self._log_info(
  File "C:\Users\dayta\AppData\Local\Programs\Python\Python311\Lib\site-packages\sqlalchemy\engine\base.py", line 188, in _log_info
    self.engine.logger.info(message, *arg, **kw)
  File "C:\Users\dayta\AppData\Local\Programs\Python\Python311\Lib\site-packages\sqlalchemy\log.py", line 159, in info
    self.log(logging.INFO, msg, *args, **kwargs)
  File "C:\Users\dayta\AppData\Local\Programs\Python\Python311\Lib\site-packages\sqlalchemy\log.py", line 210, in log
    self.logger._log(level, msg, args, **kwargs)
Message: '[%s] %r'
Arguments: ('no key 0.00029s', {'id': 'UCroQiZSKd4iOohUVDw_O2Fg', 'title': 'Hidden Bangladesh \U0001f1e7\U0001f1e9', 'subscribers_count': 0, 'topic': None, 'custom_url': None, 'created_at': datetime.datetime(2026, 10, 6, 15, 52, 11, 677249, tzinfo=datetime.timezone.utc), 'param_1': 'Hidden Bangladesh \U0001f1e7\U0001f1e9', 'param_2': datetime.datetime(2026, 10, 6, 15, 52, 11, 677249, tzinfo=datetime.timezone.utc)})
--- Logging error ---
Traceback (most recent call last):
  File "C:\Users\dayta\AppData\Local\Programs\Python\Python311\Lib\logging\__init__.py", line 1113, in emit
    stream.write(msg + self.terminator)
  File "C:\Users\dayta\AppData\Local\Programs\Python\Python311\Lib\encodings\cp1251.py", line 19, in encode
    return codecs.charmap_encode(input,self.errors,encoding_table)[0]
           ^^^^^^^^^^^^^^^^^^^^^^^^^^^^^^^^^^^^^^^^^^^^^^^^^^^^^^^
UnicodeEncodeError: 'charmap' codec can't encode characters in position 135-136: character maps to <undefined>
Call stack:
  File "C:\Projects\Сайт анализ ниш1\scripts\run_discovery_worker.py", line 117, in <module>
    raise SystemExit(main())
  File "C:\Projects\Сайт анализ ниш1\scripts\run_discovery_worker.py", line 99, in main
    run_discovery_worker(
  File "C:\Projects\Сайт анализ ниш1\app\services\discovery_worker_runtime.py", line 118, in run_discovery_worker
    summary = run_discovery_cycle(
  File "C:\Projects\Сайт анализ ниш1\app\services\discovery_cycle.py", line 491, in run_discovery_cycle
    return asyncio.run(
  File "C:\Users\dayta\AppData\Local\Programs\Python\Python311\Lib\asyncio\runners.py", line 190, in run
    return runner.run(main)
  File "C:\Users\dayta\AppData\Local\Programs\Python\Python311\Lib\asyncio\runners.py", line 118, in run
    return self._loop.run_until_complete(task)
  File "C:\Users\dayta\AppData\Local\Programs\Python\Python311\Lib\asyncio\base_events.py", line 640, in run_until_complete
    self.run_forever()
  File "C:\Users\dayta\AppData\Local\Programs\Python\Python311\Lib\asyncio\windows_events.py", line 321, in run_forever
    super().run_forever()
  File "C:\Users\dayta\AppData\Local\Programs\Python\Python311\Lib\asyncio\base_events.py", line 607, in run_forever
    self._run_once()
  File "C:\Users\dayta\AppData\Local\Programs\Python\Python311\Lib\asyncio\base_events.py", line 1922, in _run_once
    handle._run()
  File "C:\Users\dayta\AppData\Local\Programs\Python\Python311\Lib\asyncio\events.py", line 80, in _run
    self._context.run(self._callback, *self._args)
  File "C:\Projects\Сайт анализ ниш1\app\services\discovery_cycle.py", line 322, in run_discovery_cycle_async
    persist_results, kw_duplicates_from_batch = batch_persist_discovered_videos(
  File "C:\Projects\Сайт анализ ниш1\app\services\discovered_video_batch.py", line 63, in batch_persist_discovered_videos
    outcome = persist_discovered_video(
  File "C:\Projects\Сайт анализ ниш1\app\services\discovered_video_persistence.py", line 202, in persist_discovered_video
    _upsert_discovered_channel(
  File "C:\Projects\Сайт анализ ниш1\app\services\discovered_video_persistence.py", line 150, in _upsert_discovered_channel
    session.execute(
  File "C:\Users\dayta\AppData\Local\Programs\Python\Python311\Lib\site-packages\sqlalchemy\orm\session.py", line 2373, in execute
    return self._execute_internal(
  File "C:\Users\dayta\AppData\Local\Programs\Python\Python311\Lib\site-packages\sqlalchemy\orm\session.py", line 2271, in _execute_internal
    result: Result[Any] = compile_state_cls.orm_execute_statement(
  File "C:\Users\dayta\AppData\Local\Programs\Python\Python311\Lib\site-packages\sqlalchemy\orm\bulk_persistence.py", line 1306, in orm_execute_statement
    result = conn.execute(
  File "C:\Users\dayta\AppData\Local\Programs\Python\Python311\Lib\site-packages\sqlalchemy\engine\base.py", line 1421, in execute
    return meth(
  File "C:\Users\dayta\AppData\Local\Programs\Python\Python311\Lib\site-packages\sqlalchemy\sql\elements.py", line 526, in _execute_on_connection
    return connection._execute_clauseelement(
  File "C:\Users\dayta\AppData\Local\Programs\Python\Python311\Lib\site-packages\sqlalchemy\engine\base.py", line 1643, in _execute_clauseelement
    ret = self._execute_context(
  File "C:\Users\dayta\AppData\Local\Programs\Python\Python311\Lib\site-packages\sqlalchemy\engine\base.py", line 1848, in _execute_context
    return self._exec_single_context(
  File "C:\Users\dayta\AppData\Local\Programs\Python\Python311\Lib\site-packages\sqlalchemy\engine\base.py", line 1906, in _exec_single_context
    self._log_info(
  File "C:\Users\dayta\AppData\Local\Programs\Python\Python311\Lib\site-packages\sqlalchemy\engine\base.py", line 188, in _log_info
    self.engine.logger.info(message, *arg, **kw)
  File "C:\Users\dayta\AppData\Local\Programs\Python\Python311\Lib\site-packages\sqlalchemy\log.py", line 159, in info
    self.log(logging.INFO, msg, *args, **kwargs)
  File "C:\Users\dayta\AppData\Local\Programs\Python\Python311\Lib\site-packages\sqlalchemy\log.py", line 210, in log
    self.logger._log(level, msg, args, **kwargs)
Message: '[%s] %r'
Arguments: ('no key 0.00029s', {'id': 'UC7MnpCxlPkBlHiaaNt3Ujww', 'title': 'Navigator Chinduli\U0001f1f9\U0001f1ff', 'subscribers_count': 0, 'topic': None, 'custom_url': None, 'created_at': datetime.datetime(2026, 10, 6, 15, 52, 11, 697036, tzinfo=datetime.timezone.utc), 'param_1': 'Navigator Chinduli\U0001f1f9\U0001f1ff', 'param_2': datetime.datetime(2026, 10, 6, 15, 52, 11, 697036, tzinfo=datetime.timezone.utc)})
--- Logging error ---
Traceback (most recent call last):
  File "C:\Users\dayta\AppData\Local\Programs\Python\Python311\Lib\logging\__init__.py", line 1113, in emit
    stream.write(msg + self.terminator)
  File "C:\Users\dayta\AppData\Local\Programs\Python\Python311\Lib\encodings\cp1251.py", line 19, in encode
    return codecs.charmap_encode(input,self.errors,encoding_table)[0]
           ^^^^^^^^^^^^^^^^^^^^^^^^^^^^^^^^^^^^^^^^^^^^^^^^^^^^^^^
UnicodeEncodeError: 'charmap' codec can't encode character '\xfc' in position 138: character maps to <undefined>
Call stack:
  File "C:\Projects\Сайт анализ ниш1\scripts\run_discovery_worker.py", line 117, in <module>
    raise SystemExit(main())
  File "C:\Projects\Сайт анализ ниш1\scripts\run_discovery_worker.py", line 99, in main
    run_discovery_worker(
  File "C:\Projects\Сайт анализ ниш1\app\services\discovery_worker_runtime.py", line 118, in run_discovery_worker
    summary = run_discovery_cycle(
  File "C:\Projects\Сайт анализ ниш1\app\services\discovery_cycle.py", line 491, in run_discovery_cycle
    return asyncio.run(
  File "C:\Users\dayta\AppData\Local\Programs\Python\Python311\Lib\asyncio\runners.py", line 190, in run
    return runner.run(main)
  File "C:\Users\dayta\AppData\Local\Programs\Python\Python311\Lib\asyncio\runners.py", line 118, in run
    return self._loop.run_until_complete(task)
  File "C:\Users\dayta\AppData\Local\Programs\Python\Python311\Lib\asyncio\base_events.py", line 640, in run_until_complete
    self.run_forever()
  File "C:\Users\dayta\AppData\Local\Programs\Python\Python311\Lib\asyncio\windows_events.py", line 321, in run_forever
    super().run_forever()
  File "C:\Users\dayta\AppData\Local\Programs\Python\Python311\Lib\asyncio\base_events.py", line 607, in run_forever
    self._run_once()
  File "C:\Users\dayta\AppData\Local\Programs\Python\Python311\Lib\asyncio\base_events.py", line 1922, in _run_once
    handle._run()
  File "C:\Users\dayta\AppData\Local\Programs\Python\Python311\Lib\asyncio\events.py", line 80, in _run
    self._context.run(self._callback, *self._args)
  File "C:\Projects\Сайт анализ ниш1\app\services\discovery_cycle.py", line 322, in run_discovery_cycle_async
    persist_results, kw_duplicates_from_batch = batch_persist_discovered_videos(
  File "C:\Projects\Сайт анализ ниш1\app\services\discovered_video_batch.py", line 63, in batch_persist_discovered_videos
    outcome = persist_discovered_video(
  File "C:\Projects\Сайт анализ ниш1\app\services\discovered_video_persistence.py", line 202, in persist_discovered_video
    _upsert_discovered_channel(
  File "C:\Projects\Сайт анализ ниш1\app\services\discovered_video_persistence.py", line 150, in _upsert_discovered_channel
    session.execute(
  File "C:\Users\dayta\AppData\Local\Programs\Python\Python311\Lib\site-packages\sqlalchemy\orm\session.py", line 2373, in execute
    return self._execute_internal(
  File "C:\Users\dayta\AppData\Local\Programs\Python\Python311\Lib\site-packages\sqlalchemy\orm\session.py", line 2271, in _execute_internal
    result: Result[Any] = compile_state_cls.orm_execute_statement(
  File "C:\Users\dayta\AppData\Local\Programs\Python\Python311\Lib\site-packages\sqlalchemy\orm\bulk_persistence.py", line 1306, in orm_execute_statement
    result = conn.execute(
  File "C:\Users\dayta\AppData\Local\Programs\Python\Python311\Lib\site-packages\sqlalchemy\engine\base.py", line 1421, in execute
    return meth(
  File "C:\Users\dayta\AppData\Local\Programs\Python\Python311\Lib\site-packages\sqlalchemy\sql\elements.py", line 526, in _execute_on_connection
    return connection._execute_clauseelement(
  File "C:\Users\dayta\AppData\Local\Programs\Python\Python311\Lib\site-packages\sqlalchemy\engine\base.py", line 1643, in _execute_clauseelement
    ret = self._execute_context(
  File "C:\Users\dayta\AppData\Local\Programs\Python\Python311\Lib\site-packages\sqlalchemy\engine\base.py", line 1848, in _execute_context
    return self._exec_single_context(
  File "C:\Users\dayta\AppData\Local\Programs\Python\Python311\Lib\site-packages\sqlalchemy\engine\base.py", line 1906, in _exec_single_context
    self._log_info(
  File "C:\Users\dayta\AppData\Local\Programs\Python\Python311\Lib\site-packages\sqlalchemy\engine\base.py", line 188, in _log_info
    self.engine.logger.info(message, *arg, **kw)
  File "C:\Users\dayta\AppData\Local\Programs\Python\Python311\Lib\site-packages\sqlalchemy\log.py", line 159, in info
    self.log(logging.INFO, msg, *args, **kwargs)
  File "C:\Users\dayta\AppData\Local\Programs\Python\Python311\Lib\site-packages\sqlalchemy\log.py", line 210, in log
    self.logger._log(level, msg, args, **kwargs)
Message: '[%s] %r'
Arguments: ('no key 0.00030s', {'id': 'UCWSgBEK7zqsjjs09TLH6BCA', 'title': 'Eudaimonia by Yaren T\xfcrko\u011flu', 'subscribers_count': 0, 'topic': None, 'custom_url': None, 'created_at': datetime.datetime(2026, 10, 6, 15, 52, 11, 778894, tzinfo=datetime.timezone.utc), 'param_1': 'Eudaimonia by Yaren T\xfcrko\u011flu', 'param_2': datetime.datetime(2026, 10, 6, 15, 52, 11, 778894, tzinfo=datetime.timezone.utc)})
--- Logging error ---
Traceback (most recent call last):
  File "C:\Users\dayta\AppData\Local\Programs\Python\Python311\Lib\logging\__init__.py", line 1113, in emit
    stream.write(msg + self.terminator)
  File "C:\Users\dayta\AppData\Local\Programs\Python\Python311\Lib\encodings\cp1251.py", line 19, in encode
    return codecs.charmap_encode(input,self.errors,encoding_table)[0]
           ^^^^^^^^^^^^^^^^^^^^^^^^^^^^^^^^^^^^^^^^^^^^^^^^^^^^^^^
UnicodeEncodeError: 'charmap' codec can't encode character '\U0001f981' in position 130: character maps to <undefined>
Call stack:
  File "C:\Projects\Сайт анализ ниш1\scripts\run_discovery_worker.py", line 117, in <module>
    raise SystemExit(main())
  File "C:\Projects\Сайт анализ ниш1\scripts\run_discovery_worker.py", line 99, in main
    run_discovery_worker(
  File "C:\Projects\Сайт анализ ниш1\app\services\discovery_worker_runtime.py", line 118, in run_discovery_worker
    summary = run_discovery_cycle(
  File "C:\Projects\Сайт анализ ниш1\app\services\discovery_cycle.py", line 491, in run_discovery_cycle
    return asyncio.run(
  File "C:\Users\dayta\AppData\Local\Programs\Python\Python311\Lib\asyncio\runners.py", line 190, in run
    return runner.run(main)
  File "C:\Users\dayta\AppData\Local\Programs\Python\Python311\Lib\asyncio\runners.py", line 118, in run
    return self._loop.run_until_complete(task)
  File "C:\Users\dayta\AppData\Local\Programs\Python\Python311\Lib\asyncio\base_events.py", line 640, in run_until_complete
    self.run_forever()
  File "C:\Users\dayta\AppData\Local\Programs\Python\Python311\Lib\asyncio\windows_events.py", line 321, in run_forever
    super().run_forever()
  File "C:\Users\dayta\AppData\Local\Programs\Python\Python311\Lib\asyncio\base_events.py", line 607, in run_forever
    self._run_once()
  File "C:\Users\dayta\AppData\Local\Programs\Python\Python311\Lib\asyncio\base_events.py", line 1922, in _run_once
    handle._run()
  File "C:\Users\dayta\AppData\Local\Programs\Python\Python311\Lib\asyncio\events.py", line 80, in _run
    self._context.run(self._callback, *self._args)
  File "C:\Projects\Сайт анализ ниш1\app\services\discovery_cycle.py", line 322, in run_discovery_cycle_async
    persist_results, kw_duplicates_from_batch = batch_persist_discovered_videos(
  File "C:\Projects\Сайт анализ ниш1\app\services\discovered_video_batch.py", line 63, in batch_persist_discovered_videos
    outcome = persist_discovered_video(
  File "C:\Projects\Сайт анализ ниш1\app\services\discovered_video_persistence.py", line 202, in persist_discovered_video
    _upsert_discovered_channel(
  File "C:\Projects\Сайт анализ ниш1\app\services\discovered_video_persistence.py", line 150, in _upsert_discovered_channel
    session.execute(
  File "C:\Users\dayta\AppData\Local\Programs\Python\Python311\Lib\site-packages\sqlalchemy\orm\session.py", line 2373, in execute
    return self._execute_internal(
  File "C:\Users\dayta\AppData\Local\Programs\Python\Python311\Lib\site-packages\sqlalchemy\orm\session.py", line 2271, in _execute_internal
    result: Result[Any] = compile_state_cls.orm_execute_statement(
  File "C:\Users\dayta\AppData\Local\Programs\Python\Python311\Lib\site-packages\sqlalchemy\orm\bulk_persistence.py", line 1306, in orm_execute_statement
    result = conn.execute(
  File "C:\Users\dayta\AppData\Local\Programs\Python\Python311\Lib\site-packages\sqlalchemy\engine\base.py", line 1421, in execute
    return meth(
  File "C:\Users\dayta\AppData\Local\Programs\Python\Python311\Lib\site-packages\sqlalchemy\sql\elements.py", line 526, in _execute_on_connection
    return connection._execute_clauseelement(
  File "C:\Users\dayta\AppData\Local\Programs\Python\Python311\Lib\site-packages\sqlalchemy\engine\base.py", line 1643, in _execute_clauseelement
    ret = self._execute_context(
  File "C:\Users\dayta\AppData\Local\Programs\Python\Python311\Lib\site-packages\sqlalchemy\engine\base.py", line 1848, in _execute_context
    return self._exec_single_context(
  File "C:\Users\dayta\AppData\Local\Programs\Python\Python311\Lib\site-packages\sqlalchemy\engine\base.py", line 1906, in _exec_single_context
    self._log_info(
  File "C:\Users\dayta\AppData\Local\Programs\Python\Python311\Lib\site-packages\sqlalchemy\engine\base.py", line 188, in _log_info
    self.engine.logger.info(message, *arg, **kw)
  File "C:\Users\dayta\AppData\Local\Programs\Python\Python311\Lib\site-packages\sqlalchemy\log.py", line 159, in info
    self.log(logging.INFO, msg, *args, **kwargs)
  File "C:\Users\dayta\AppData\Local\Programs\Python\Python311\Lib\site-packages\sqlalchemy\log.py", line 210, in log
    self.logger._log(level, msg, args, **kwargs)
Message: '[%s] %r'
Arguments: ('no key 0.00032s', {'id': 'UCKBKbmj6wgx5eYtcVehI8_g', 'title': 'Onyango Tate \U0001f981', 'subscribers_count': 0, 'topic': None, 'custom_url': None, 'created_at': datetime.datetime(2026, 10, 6, 15, 52, 11, 811956, tzinfo=datetime.timezone.utc), 'param_1': 'Onyango Tate \U0001f981', 'param_2': datetime.datetime(2026, 10, 6, 15, 52, 11, 811956, tzinfo=datetime.timezone.utc)})
--- Logging error ---
Traceback (most recent call last):
  File "C:\Users\dayta\AppData\Local\Programs\Python\Python311\Lib\logging\__init__.py", line 1113, in emit
    stream.write(msg + self.terminator)
  File "C:\Users\dayta\AppData\Local\Programs\Python\Python311\Lib\encodings\cp1251.py", line 19, in encode
    return codecs.charmap_encode(input,self.errors,encoding_table)[0]
           ^^^^^^^^^^^^^^^^^^^^^^^^^^^^^^^^^^^^^^^^^^^^^^^^^^^^^^^
UnicodeEncodeError: 'charmap' codec can't encode character '\U0001f43b' in position 123: character maps to <undefined>
Call stack:
  File "C:\Projects\Сайт анализ ниш1\scripts\run_discovery_worker.py", line 117, in <module>
    raise SystemExit(main())
  File "C:\Projects\Сайт анализ ниш1\scripts\run_discovery_worker.py", line 99, in main
    run_discovery_worker(
  File "C:\Projects\Сайт анализ ниш1\app\services\discovery_worker_runtime.py", line 118, in run_discovery_worker
    summary = run_discovery_cycle(
  File "C:\Projects\Сайт анализ ниш1\app\services\discovery_cycle.py", line 491, in run_discovery_cycle
    return asyncio.run(
  File "C:\Users\dayta\AppData\Local\Programs\Python\Python311\Lib\asyncio\runners.py", line 190, in run
    return runner.run(main)
  File "C:\Users\dayta\AppData\Local\Programs\Python\Python311\Lib\asyncio\runners.py", line 118, in run
    return self._loop.run_until_complete(task)
  File "C:\Users\dayta\AppData\Local\Programs\Python\Python311\Lib\asyncio\base_events.py", line 640, in run_until_complete
    self.run_forever()
  File "C:\Users\dayta\AppData\Local\Programs\Python\Python311\Lib\asyncio\windows_events.py", line 321, in run_forever
    super().run_forever()
  File "C:\Users\dayta\AppData\Local\Programs\Python\Python311\Lib\asyncio\base_events.py", line 607, in run_forever
    self._run_once()
  File "C:\Users\dayta\AppData\Local\Programs\Python\Python311\Lib\asyncio\base_events.py", line 1922, in _run_once
    handle._run()
  File "C:\Users\dayta\AppData\Local\Programs\Python\Python311\Lib\asyncio\events.py", line 80, in _run
    self._context.run(self._callback, *self._args)
  File "C:\Projects\Сайт анализ ниш1\app\services\discovery_cycle.py", line 322, in run_discovery_cycle_async
    persist_results, kw_duplicates_from_batch = batch_persist_discovered_videos(
  File "C:\Projects\Сайт анализ ниш1\app\services\discovered_video_batch.py", line 63, in batch_persist_discovered_videos
    outcome = persist_discovered_video(
  File "C:\Projects\Сайт анализ ниш1\app\services\discovered_video_persistence.py", line 202, in persist_discovered_video
    _upsert_discovered_channel(
  File "C:\Projects\Сайт анализ ниш1\app\services\discovered_video_persistence.py", line 150, in _upsert_discovered_channel
    session.execute(
  File "C:\Users\dayta\AppData\Local\Programs\Python\Python311\Lib\site-packages\sqlalchemy\orm\session.py", line 2373, in execute
    return self._execute_internal(
  File "C:\Users\dayta\AppData\Local\Programs\Python\Python311\Lib\site-packages\sqlalchemy\orm\session.py", line 2271, in _execute_internal
    result: Result[Any] = compile_state_cls.orm_execute_statement(
  File "C:\Users\dayta\AppData\Local\Programs\Python\Python311\Lib\site-packages\sqlalchemy\orm\bulk_persistence.py", line 1306, in orm_execute_statement
    result = conn.execute(
  File "C:\Users\dayta\AppData\Local\Programs\Python\Python311\Lib\site-packages\sqlalchemy\engine\base.py", line 1421, in execute
    return meth(
  File "C:\Users\dayta\AppData\Local\Programs\Python\Python311\Lib\site-packages\sqlalchemy\sql\elements.py", line 526, in _execute_on_connection
    return connection._execute_clauseelement(
  File "C:\Users\dayta\AppData\Local\Programs\Python\Python311\Lib\site-packages\sqlalchemy\engine\base.py", line 1643, in _execute_clauseelement
    ret = self._execute_context(
  File "C:\Users\dayta\AppData\Local\Programs\Python\Python311\Lib\site-packages\sqlalchemy\engine\base.py", line 1848, in _execute_context
    return self._exec_single_context(
  File "C:\Users\dayta\AppData\Local\Programs\Python\Python311\Lib\site-packages\sqlalchemy\engine\base.py", line 1906, in _exec_single_context
    self._log_info(
  File "C:\Users\dayta\AppData\Local\Programs\Python\Python311\Lib\site-packages\sqlalchemy\engine\base.py", line 188, in _log_info
    self.engine.logger.info(message, *arg, **kw)
  File "C:\Users\dayta\AppData\Local\Programs\Python\Python311\Lib\site-packages\sqlalchemy\log.py", line 159, in info
    self.log(logging.INFO, msg, *args, **kwargs)
  File "C:\Users\dayta\AppData\Local\Programs\Python\Python311\Lib\site-packages\sqlalchemy\log.py", line 210, in log
    self.logger._log(level, msg, args, **kwargs)
Message: '[%s] %r'
Arguments: ('no key 0.00032s', {'id': 'UCsGAqds1jk8PdHZu8Z1hUdQ', 'title': 'Super \U0001f43b Bear', 'subscribers_count': 0, 'topic': None, 'custom_url': None, 'created_at': datetime.datetime(2026, 10, 6, 15, 52, 11, 837496, tzinfo=datetime.timezone.utc), 'param_1': 'Super \U0001f43b Bear', 'param_2': datetime.datetime(2026, 10, 6, 15, 52, 11, 837496, tzinfo=datetime.timezone.utc)})
--- Logging error ---
Traceback (most recent call last):
  File "C:\Users\dayta\AppData\Local\Programs\Python\Python311\Lib\logging\__init__.py", line 1113, in emit
    stream.write(msg + self.terminator)
  File "C:\Users\dayta\AppData\Local\Programs\Python\Python311\Lib\encodings\cp1251.py", line 19, in encode
    return codecs.charmap_encode(input,self.errors,encoding_table)[0]
           ^^^^^^^^^^^^^^^^^^^^^^^^^^^^^^^^^^^^^^^^^^^^^^^^^^^^^^^
UnicodeEncodeError: 'charmap' codec can't encode characters in position 117-122: character maps to <undefined>
Call stack:
  File "C:\Projects\Сайт анализ ниш1\scripts\run_discovery_worker.py", line 117, in <module>
    raise SystemExit(main())
  File "C:\Projects\Сайт анализ ниш1\scripts\run_discovery_worker.py", line 99, in main
    run_discovery_worker(
  File "C:\Projects\Сайт анализ ниш1\app\services\discovery_worker_runtime.py", line 118, in run_discovery_worker
    summary = run_discovery_cycle(
  File "C:\Projects\Сайт анализ ниш1\app\services\discovery_cycle.py", line 491, in run_discovery_cycle
    return asyncio.run(
  File "C:\Users\dayta\AppData\Local\Programs\Python\Python311\Lib\asyncio\runners.py", line 190, in run
    return runner.run(main)
  File "C:\Users\dayta\AppData\Local\Programs\Python\Python311\Lib\asyncio\runners.py", line 118, in run
    return self._loop.run_until_complete(task)
  File "C:\Users\dayta\AppData\Local\Programs\Python\Python311\Lib\asyncio\base_events.py", line 640, in run_until_complete
    self.run_forever()
  File "C:\Users\dayta\AppData\Local\Programs\Python\Python311\Lib\asyncio\windows_events.py", line 321, in run_forever
    super().run_forever()
  File "C:\Users\dayta\AppData\Local\Programs\Python\Python311\Lib\asyncio\base_events.py", line 607, in run_forever
    self._run_once()
  File "C:\Users\dayta\AppData\Local\Programs\Python\Python311\Lib\asyncio\base_events.py", line 1922, in _run_once
    handle._run()
  File "C:\Users\dayta\AppData\Local\Programs\Python\Python311\Lib\asyncio\events.py", line 80, in _run
    self._context.run(self._callback, *self._args)
  File "C:\Projects\Сайт анализ ниш1\app\services\discovery_cycle.py", line 322, in run_discovery_cycle_async
    persist_results, kw_duplicates_from_batch = batch_persist_discovered_videos(
  File "C:\Projects\Сайт анализ ниш1\app\services\discovered_video_batch.py", line 63, in batch_persist_discovered_videos
    outcome = persist_discovered_video(
  File "C:\Projects\Сайт анализ ниш1\app\services\discovered_video_persistence.py", line 202, in persist_discovered_video
    _upsert_discovered_channel(
  File "C:\Projects\Сайт анализ ниш1\app\services\discovered_video_persistence.py", line 150, in _upsert_discovered_channel
    session.execute(
  File "C:\Users\dayta\AppData\Local\Programs\Python\Python311\Lib\site-packages\sqlalchemy\orm\session.py", line 2373, in execute
    return self._execute_internal(
  File "C:\Users\dayta\AppData\Local\Programs\Python\Python311\Lib\site-packages\sqlalchemy\orm\session.py", line 2271, in _execute_internal
    result: Result[Any] = compile_state_cls.orm_execute_statement(
  File "C:\Users\dayta\AppData\Local\Programs\Python\Python311\Lib\site-packages\sqlalchemy\orm\bulk_persistence.py", line 1306, in orm_execute_statement
    result = conn.execute(
  File "C:\Users\dayta\AppData\Local\Programs\Python\Python311\Lib\site-packages\sqlalchemy\engine\base.py", line 1421, in execute
    return meth(
  File "C:\Users\dayta\AppData\Local\Programs\Python\Python311\Lib\site-packages\sqlalchemy\sql\elements.py", line 526, in _execute_on_connection
    return connection._execute_clauseelement(
  File "C:\Users\dayta\AppData\Local\Programs\Python\Python311\Lib\site-packages\sqlalchemy\engine\base.py", line 1643, in _execute_clauseelement
    ret = self._execute_context(
  File "C:\Users\dayta\AppData\Local\Programs\Python\Python311\Lib\site-packages\sqlalchemy\engine\base.py", line 1848, in _execute_context
    return self._exec_single_context(
  File "C:\Users\dayta\AppData\Local\Programs\Python\Python311\Lib\site-packages\sqlalchemy\engine\base.py", line 1906, in _exec_single_context
    self._log_info(
  File "C:\Users\dayta\AppData\Local\Programs\Python\Python311\Lib\site-packages\sqlalchemy\engine\base.py", line 188, in _log_info
    self.engine.logger.info(message, *arg, **kw)
  File "C:\Users\dayta\AppData\Local\Programs\Python\Python311\Lib\site-packages\sqlalchemy\log.py", line 159, in info
    self.log(logging.INFO, msg, *args, **kwargs)
  File "C:\Users\dayta\AppData\Local\Programs\Python\Python311\Lib\site-packages\sqlalchemy\log.py", line 210, in log
    self.logger._log(level, msg, args, **kwargs)
Message: '[%s] %r'
Arguments: ('no key 0.00032s', {'id': 'UCpnLavhB3xuKlSps4NlizyA', 'title': '\u9752\u7a7a\u30e0\u30fc\u30d3\u30fc Blue Sky MOVIE \u3010Driving in JAPAN\u3011', 'subscribers_count': 0, 'topic': None, 'custom_url': None, 'created_at': datetime.datetime(2026, 10, 6, 15, 52, 11, 881307, tzinfo=datetime.timezone.utc), 'param_1': '\u9752\u7a7a\u30e0\u30fc\u30d3\u30fc Blue Sky MOVIE \u3010Driving in JAPAN\u3011', 'param_2': datetime.datetime(2026, 10, 6, 15, 52, 11, 881307, tzinfo=datetime.timezone.utc)})
--- Logging error ---
Traceback (most recent call last):
  File "C:\Users\dayta\AppData\Local\Programs\Python\Python311\Lib\logging\__init__.py", line 1113, in emit
    stream.write(msg + self.terminator)
  File "C:\Users\dayta\AppData\Local\Programs\Python\Python311\Lib\encodings\cp1251.py", line 19, in encode
    return codecs.charmap_encode(input,self.errors,encoding_table)[0]
           ^^^^^^^^^^^^^^^^^^^^^^^^^^^^^^^^^^^^^^^^^^^^^^^^^^^^^^^
UnicodeEncodeError: 'charmap' codec can't encode characters in position 132-133: character maps to <undefined>
Call stack:
  File "C:\Projects\Сайт анализ ниш1\scripts\run_discovery_worker.py", line 117, in <module>
    raise SystemExit(main())
  File "C:\Projects\Сайт анализ ниш1\scripts\run_discovery_worker.py", line 99, in main
    run_discovery_worker(
  File "C:\Projects\Сайт анализ ниш1\app\services\discovery_worker_runtime.py", line 118, in run_discovery_worker
    summary = run_discovery_cycle(
  File "C:\Projects\Сайт анализ ниш1\app\services\discovery_cycle.py", line 491, in run_discovery_cycle
    return asyncio.run(
  File "C:\Users\dayta\AppData\Local\Programs\Python\Python311\Lib\asyncio\runners.py", line 190, in run
    return runner.run(main)
  File "C:\Users\dayta\AppData\Local\Programs\Python\Python311\Lib\asyncio\runners.py", line 118, in run
    return self._loop.run_until_complete(task)
  File "C:\Users\dayta\AppData\Local\Programs\Python\Python311\Lib\asyncio\base_events.py", line 640, in run_until_complete
    self.run_forever()
  File "C:\Users\dayta\AppData\Local\Programs\Python\Python311\Lib\asyncio\windows_events.py", line 321, in run_forever
    super().run_forever()
  File "C:\Users\dayta\AppData\Local\Programs\Python\Python311\Lib\asyncio\base_events.py", line 607, in run_forever
    self._run_once()
  File "C:\Users\dayta\AppData\Local\Programs\Python\Python311\Lib\asyncio\base_events.py", line 1922, in _run_once
    handle._run()
  File "C:\Users\dayta\AppData\Local\Programs\Python\Python311\Lib\asyncio\events.py", line 80, in _run
    self._context.run(self._callback, *self._args)
  File "C:\Projects\Сайт анализ ниш1\app\services\discovery_cycle.py", line 322, in run_discovery_cycle_async
    persist_results, kw_duplicates_from_batch = batch_persist_discovered_videos(
  File "C:\Projects\Сайт анализ ниш1\app\services\discovered_video_batch.py", line 63, in batch_persist_discovered_videos
    outcome = persist_discovered_video(
  File "C:\Projects\Сайт анализ ниш1\app\services\discovered_video_persistence.py", line 202, in persist_discovered_video
    _upsert_discovered_channel(
  File "C:\Projects\Сайт анализ ниш1\app\services\discovered_video_persistence.py", line 150, in _upsert_discovered_channel
    session.execute(
  File "C:\Users\dayta\AppData\Local\Programs\Python\Python311\Lib\site-packages\sqlalchemy\orm\session.py", line 2373, in execute
    return self._execute_internal(
  File "C:\Users\dayta\AppData\Local\Programs\Python\Python311\Lib\site-packages\sqlalchemy\orm\session.py", line 2271, in _execute_internal
    result: Result[Any] = compile_state_cls.orm_execute_statement(
  File "C:\Users\dayta\AppData\Local\Programs\Python\Python311\Lib\site-packages\sqlalchemy\orm\bulk_persistence.py", line 1306, in orm_execute_statement
    result = conn.execute(
  File "C:\Users\dayta\AppData\Local\Programs\Python\Python311\Lib\site-packages\sqlalchemy\engine\base.py", line 1421, in execute
    return meth(
  File "C:\Users\dayta\AppData\Local\Programs\Python\Python311\Lib\site-packages\sqlalchemy\sql\elements.py", line 526, in _execute_on_connection
    return connection._execute_clauseelement(
  File "C:\Users\dayta\AppData\Local\Programs\Python\Python311\Lib\site-packages\sqlalchemy\engine\base.py", line 1643, in _execute_clauseelement
    ret = self._execute_context(
  File "C:\Users\dayta\AppData\Local\Programs\Python\Python311\Lib\site-packages\sqlalchemy\engine\base.py", line 1848, in _execute_context
    return self._exec_single_context(
  File "C:\Users\dayta\AppData\Local\Programs\Python\Python311\Lib\site-packages\sqlalchemy\engine\base.py", line 1906, in _exec_single_context
    self._log_info(
  File "C:\Users\dayta\AppData\Local\Programs\Python\Python311\Lib\site-packages\sqlalchemy\engine\base.py", line 188, in _log_info
    self.engine.logger.info(message, *arg, **kw)
  File "C:\Users\dayta\AppData\Local\Programs\Python\Python311\Lib\site-packages\sqlalchemy\log.py", line 159, in info
    self.log(logging.INFO, msg, *args, **kwargs)
  File "C:\Users\dayta\AppData\Local\Programs\Python\Python311\Lib\site-packages\sqlalchemy\log.py", line 210, in log
    self.logger._log(level, msg, args, **kwargs)
Message: '[%s] %r'
Arguments: ('no key 0.00029s', {'id': 'UCWU86M7bUhEAcosmIO53c2g', 'title': 'POV MARKET WALK\U0001f1f0\U0001f1ed', 'subscribers_count': 0, 'topic': None, 'custom_url': None, 'created_at': datetime.datetime(2026, 10, 6, 15, 52, 11, 930057, tzinfo=datetime.timezone.utc), 'param_1': 'POV MARKET WALK\U0001f1f0\U0001f1ed', 'param_2': datetime.datetime(2026, 10, 6, 15, 52, 11, 930057, tzinfo=datetime.timezone.utc)})
--- Logging error ---
Traceback (most recent call last):
  File "C:\Users\dayta\AppData\Local\Programs\Python\Python311\Lib\logging\__init__.py", line 1113, in emit
    stream.write(msg + self.terminator)
  File "C:\Users\dayta\AppData\Local\Programs\Python\Python311\Lib\encodings\cp1251.py", line 19, in encode
    return codecs.charmap_encode(input,self.errors,encoding_table)[0]
           ^^^^^^^^^^^^^^^^^^^^^^^^^^^^^^^^^^^^^^^^^^^^^^^^^^^^^^^
UnicodeEncodeError: 'charmap' codec can't encode character '\xf3' in position 120: character maps to <undefined>
Call stack:
  File "C:\Projects\Сайт анализ ниш1\scripts\run_discovery_worker.py", line 117, in <module>
    raise SystemExit(main())
  File "C:\Projects\Сайт анализ ниш1\scripts\run_discovery_worker.py", line 99, in main
    run_discovery_worker(
  File "C:\Projects\Сайт анализ ниш1\app\services\discovery_worker_runtime.py", line 118, in run_discovery_worker
    summary = run_discovery_cycle(
  File "C:\Projects\Сайт анализ ниш1\app\services\discovery_cycle.py", line 491, in run_discovery_cycle
    return asyncio.run(
  File "C:\Users\dayta\AppData\Local\Programs\Python\Python311\Lib\asyncio\runners.py", line 190, in run
    return runner.run(main)
  File "C:\Users\dayta\AppData\Local\Programs\Python\Python311\Lib\asyncio\runners.py", line 118, in run
    return self._loop.run_until_complete(task)
  File "C:\Users\dayta\AppData\Local\Programs\Python\Python311\Lib\asyncio\base_events.py", line 640, in run_until_complete
    self.run_forever()
  File "C:\Users\dayta\AppData\Local\Programs\Python\Python311\Lib\asyncio\windows_events.py", line 321, in run_forever
    super().run_forever()
  File "C:\Users\dayta\AppData\Local\Programs\Python\Python311\Lib\asyncio\base_events.py", line 607, in run_forever
    self._run_once()
  File "C:\Users\dayta\AppData\Local\Programs\Python\Python311\Lib\asyncio\base_events.py", line 1922, in _run_once
    handle._run()
  File "C:\Users\dayta\AppData\Local\Programs\Python\Python311\Lib\asyncio\events.py", line 80, in _run
    self._context.run(self._callback, *self._args)
  File "C:\Projects\Сайт анализ ниш1\app\services\discovery_cycle.py", line 322, in run_discovery_cycle_async
    persist_results, kw_duplicates_from_batch = batch_persist_discovered_videos(
  File "C:\Projects\Сайт анализ ниш1\app\services\discovered_video_batch.py", line 63, in batch_persist_discovered_videos
    outcome = persist_discovered_video(
  File "C:\Projects\Сайт анализ ниш1\app\services\discovered_video_persistence.py", line 202, in persist_discovered_video
    _upsert_discovered_channel(
  File "C:\Projects\Сайт анализ ниш1\app\services\discovered_video_persistence.py", line 150, in _upsert_discovered_channel
    session.execute(
  File "C:\Users\dayta\AppData\Local\Programs\Python\Python311\Lib\site-packages\sqlalchemy\orm\session.py", line 2373, in execute
    return self._execute_internal(
  File "C:\Users\dayta\AppData\Local\Programs\Python\Python311\Lib\site-packages\sqlalchemy\orm\session.py", line 2271, in _execute_internal
    result: Result[Any] = compile_state_cls.orm_execute_statement(
  File "C:\Users\dayta\AppData\Local\Programs\Python\Python311\Lib\site-packages\sqlalchemy\orm\bulk_persistence.py", line 1306, in orm_execute_statement
    result = conn.execute(
  File "C:\Users\dayta\AppData\Local\Programs\Python\Python311\Lib\site-packages\sqlalchemy\engine\base.py", line 1421, in execute
    return meth(
  File "C:\Users\dayta\AppData\Local\Programs\Python\Python311\Lib\site-packages\sqlalchemy\sql\elements.py", line 526, in _execute_on_connection
    return connection._execute_clauseelement(
  File "C:\Users\dayta\AppData\Local\Programs\Python\Python311\Lib\site-packages\sqlalchemy\engine\base.py", line 1643, in _execute_clauseelement
    ret = self._execute_context(
  File "C:\Users\dayta\AppData\Local\Programs\Python\Python311\Lib\site-packages\sqlalchemy\engine\base.py", line 1848, in _execute_context
    return self._exec_single_context(
  File "C:\Users\dayta\AppData\Local\Programs\Python\Python311\Lib\site-packages\sqlalchemy\engine\base.py", line 1906, in _exec_single_context
    self._log_info(
  File "C:\Users\dayta\AppData\Local\Programs\Python\Python311\Lib\site-packages\sqlalchemy\engine\base.py", line 188, in _log_info
    self.engine.logger.info(message, *arg, **kw)
  File "C:\Users\dayta\AppData\Local\Programs\Python\Python311\Lib\site-packages\sqlalchemy\log.py", line 159, in info
    self.log(logging.INFO, msg, *args, **kwargs)
  File "C:\Users\dayta\AppData\Local\Programs\Python\Python311\Lib\site-packages\sqlalchemy\log.py", line 210, in log
    self.logger._log(level, msg, args, **kwargs)
Message: '[%s] %r'
Arguments: ('no key 0.00028s', {'id': 'UCrbjlGOPZRff-DZ64HLa-lw', 'title': 'Mem\xf3ria Sobrenatural INC', 'subscribers_count': 0, 'topic': None, 'custom_url': None, 'created_at': datetime.datetime(2026, 10, 6, 15, 52, 11, 991516, tzinfo=datetime.timezone.utc), 'param_1': 'Mem\xf3ria Sobrenatural INC', 'param_2': datetime.datetime(2026, 10, 6, 15, 52, 11, 991516, tzinfo=datetime.timezone.utc)})
--- Logging error ---
Traceback (most recent call last):
  File "C:\Users\dayta\AppData\Local\Programs\Python\Python311\Lib\logging\__init__.py", line 1113, in emit
    stream.write(msg + self.terminator)
  File "C:\Users\dayta\AppData\Local\Programs\Python\Python311\Lib\encodings\cp1251.py", line 19, in encode
    return codecs.charmap_encode(input,self.errors,encoding_table)[0]
           ^^^^^^^^^^^^^^^^^^^^^^^^^^^^^^^^^^^^^^^^^^^^^^^^^^^^^^^
UnicodeEncodeError: 'charmap' codec can't encode characters in position 137-138: character maps to <undefined>
Call stack:
  File "C:\Projects\Сайт анализ ниш1\scripts\run_discovery_worker.py", line 117, in <module>
    raise SystemExit(main())
  File "C:\Projects\Сайт анализ ниш1\scripts\run_discovery_worker.py", line 99, in main
    run_discovery_worker(
  File "C:\Projects\Сайт анализ ниш1\app\services\discovery_worker_runtime.py", line 118, in run_discovery_worker
    summary = run_discovery_cycle(
  File "C:\Projects\Сайт анализ ниш1\app\services\discovery_cycle.py", line 491, in run_discovery_cycle
    return asyncio.run(
  File "C:\Users\dayta\AppData\Local\Programs\Python\Python311\Lib\asyncio\runners.py", line 190, in run
    return runner.run(main)
  File "C:\Users\dayta\AppData\Local\Programs\Python\Python311\Lib\asyncio\runners.py", line 118, in run
    return self._loop.run_until_complete(task)
  File "C:\Users\dayta\AppData\Local\Programs\Python\Python311\Lib\asyncio\base_events.py", line 640, in run_until_complete
    self.run_forever()
  File "C:\Users\dayta\AppData\Local\Programs\Python\Python311\Lib\asyncio\windows_events.py", line 321, in run_forever
    super().run_forever()
  File "C:\Users\dayta\AppData\Local\Programs\Python\Python311\Lib\asyncio\base_events.py", line 607, in run_forever
    self._run_once()
  File "C:\Users\dayta\AppData\Local\Programs\Python\Python311\Lib\asyncio\base_events.py", line 1922, in _run_once
    handle._run()
  File "C:\Users\dayta\AppData\Local\Programs\Python\Python311\Lib\asyncio\events.py", line 80, in _run
    self._context.run(self._callback, *self._args)
  File "C:\Projects\Сайт анализ ниш1\app\services\discovery_cycle.py", line 322, in run_discovery_cycle_async
    persist_results, kw_duplicates_from_batch = batch_persist_discovered_videos(
  File "C:\Projects\Сайт анализ ниш1\app\services\discovered_video_batch.py", line 63, in batch_persist_discovered_videos
    outcome = persist_discovered_video(
  File "C:\Projects\Сайт анализ ниш1\app\services\discovered_video_persistence.py", line 202, in persist_discovered_video
    _upsert_discovered_channel(
  File "C:\Projects\Сайт анализ ниш1\app\services\discovered_video_persistence.py", line 150, in _upsert_discovered_channel
    session.execute(
  File "C:\Users\dayta\AppData\Local\Programs\Python\Python311\Lib\site-packages\sqlalchemy\orm\session.py", line 2373, in execute
    return self._execute_internal(
  File "C:\Users\dayta\AppData\Local\Programs\Python\Python311\Lib\site-packages\sqlalchemy\orm\session.py", line 2271, in _execute_internal
    result: Result[Any] = compile_state_cls.orm_execute_statement(
  File "C:\Users\dayta\AppData\Local\Programs\Python\Python311\Lib\site-packages\sqlalchemy\orm\bulk_persistence.py", line 1306, in orm_execute_statement
    result = conn.execute(
  File "C:\Users\dayta\AppData\Local\Programs\Python\Python311\Lib\site-packages\sqlalchemy\engine\base.py", line 1421, in execute
    return meth(
  File "C:\Users\dayta\AppData\Local\Programs\Python\Python311\Lib\site-packages\sqlalchemy\sql\elements.py", line 526, in _execute_on_connection
    return connection._execute_clauseelement(
  File "C:\Users\dayta\AppData\Local\Programs\Python\Python311\Lib\site-packages\sqlalchemy\engine\base.py", line 1643, in _execute_clauseelement
    ret = self._execute_context(
  File "C:\Users\dayta\AppData\Local\Programs\Python\Python311\Lib\site-packages\sqlalchemy\engine\base.py", line 1848, in _execute_context
    return self._exec_single_context(
  File "C:\Users\dayta\AppData\Local\Programs\Python\Python311\Lib\site-packages\sqlalchemy\engine\base.py", line 1906, in _exec_single_context
    self._log_info(
  File "C:\Users\dayta\AppData\Local\Programs\Python\Python311\Lib\site-packages\sqlalchemy\engine\base.py", line 188, in _log_info
    self.engine.logger.info(message, *arg, **kw)
  File "C:\Users\dayta\AppData\Local\Programs\Python\Python311\Lib\site-packages\sqlalchemy\log.py", line 159, in info
    self.log(logging.INFO, msg, *args, **kwargs)
  File "C:\Users\dayta\AppData\Local\Programs\Python\Python311\Lib\site-packages\sqlalchemy\log.py", line 210, in log
    self.logger._log(level, msg, args, **kwargs)
Message: '[%s] %r'
Arguments: ('no key 0.00037s', {'id': 'UCFCtZJTuJhE18k8IXwmXTYQ', 'title': 'EBSDocumentary (EBS \ub2e4\ud050)', 'subscribers_count': 0, 'topic': None, 'custom_url': None, 'created_at': datetime.datetime(2026, 10, 6, 15, 52, 12, 508, tzinfo=datetime.timezone.utc), 'param_1': 'EBSDocumentary (EBS \ub2e4\ud050)', 'param_2': datetime.datetime(2026, 10, 6, 15, 52, 12, 508, tzinfo=datetime.timezone.utc)})
--- Logging error ---
Traceback (most recent call last):
  File "C:\Users\dayta\AppData\Local\Programs\Python\Python311\Lib\logging\__init__.py", line 1113, in emit
    stream.write(msg + self.terminator)
  File "C:\Users\dayta\AppData\Local\Programs\Python\Python311\Lib\encodings\cp1251.py", line 19, in encode
    return codecs.charmap_encode(input,self.errors,encoding_table)[0]
           ^^^^^^^^^^^^^^^^^^^^^^^^^^^^^^^^^^^^^^^^^^^^^^^^^^^^^^^
UnicodeEncodeError: 'charmap' codec can't encode characters in position 117-119: character maps to <undefined>
Call stack:
  File "C:\Projects\Сайт анализ ниш1\scripts\run_discovery_worker.py", line 117, in <module>
    raise SystemExit(main())
  File "C:\Projects\Сайт анализ ниш1\scripts\run_discovery_worker.py", line 99, in main
    run_discovery_worker(
  File "C:\Projects\Сайт анализ ниш1\app\services\discovery_worker_runtime.py", line 118, in run_discovery_worker
    summary = run_discovery_cycle(
  File "C:\Projects\Сайт анализ ниш1\app\services\discovery_cycle.py", line 491, in run_discovery_cycle
    return asyncio.run(
  File "C:\Users\dayta\AppData\Local\Programs\Python\Python311\Lib\asyncio\runners.py", line 190, in run
    return runner.run(main)
  File "C:\Users\dayta\AppData\Local\Programs\Python\Python311\Lib\asyncio\runners.py", line 118, in run
    return self._loop.run_until_complete(task)
  File "C:\Users\dayta\AppData\Local\Programs\Python\Python311\Lib\asyncio\base_events.py", line 640, in run_until_complete
    self.run_forever()
  File "C:\Users\dayta\AppData\Local\Programs\Python\Python311\Lib\asyncio\windows_events.py", line 321, in run_forever
    super().run_forever()
  File "C:\Users\dayta\AppData\Local\Programs\Python\Python311\Lib\asyncio\base_events.py", line 607, in run_forever
    self._run_once()
  File "C:\Users\dayta\AppData\Local\Programs\Python\Python311\Lib\asyncio\base_events.py", line 1922, in _run_once
    handle._run()
  File "C:\Users\dayta\AppData\Local\Programs\Python\Python311\Lib\asyncio\events.py", line 80, in _run
    self._context.run(self._callback, *self._args)
  File "C:\Projects\Сайт анализ ниш1\app\services\discovery_cycle.py", line 322, in run_discovery_cycle_async
    persist_results, kw_duplicates_from_batch = batch_persist_discovered_videos(
  File "C:\Projects\Сайт анализ ниш1\app\services\discovered_video_batch.py", line 63, in batch_persist_discovered_videos
    outcome = persist_discovered_video(
  File "C:\Projects\Сайт анализ ниш1\app\services\discovered_video_persistence.py", line 202, in persist_discovered_video
    _upsert_discovered_channel(
  File "C:\Projects\Сайт анализ ниш1\app\services\discovered_video_persistence.py", line 150, in _upsert_discovered_channel
    session.execute(
  File "C:\Users\dayta\AppData\Local\Programs\Python\Python311\Lib\site-packages\sqlalchemy\orm\session.py", line 2373, in execute
    return self._execute_internal(
  File "C:\Users\dayta\AppData\Local\Programs\Python\Python311\Lib\site-packages\sqlalchemy\orm\session.py", line 2271, in _execute_internal
    result: Result[Any] = compile_state_cls.orm_execute_statement(
  File "C:\Users\dayta\AppData\Local\Programs\Python\Python311\Lib\site-packages\sqlalchemy\orm\bulk_persistence.py", line 1306, in orm_execute_statement
    result = conn.execute(
  File "C:\Users\dayta\AppData\Local\Programs\Python\Python311\Lib\site-packages\sqlalchemy\engine\base.py", line 1421, in execute
    return meth(
  File "C:\Users\dayta\AppData\Local\Programs\Python\Python311\Lib\site-packages\sqlalchemy\sql\elements.py", line 526, in _execute_on_connection
    return connection._execute_clauseelement(
  File "C:\Users\dayta\AppData\Local\Programs\Python\Python311\Lib\site-packages\sqlalchemy\engine\base.py", line 1643, in _execute_clauseelement
    ret = self._execute_context(
  File "C:\Users\dayta\AppData\Local\Programs\Python\Python311\Lib\site-packages\sqlalchemy\engine\base.py", line 1848, in _execute_context
    return self._exec_single_context(
  File "C:\Users\dayta\AppData\Local\Programs\Python\Python311\Lib\site-packages\sqlalchemy\engine\base.py", line 1906, in _exec_single_context
    self._log_info(
  File "C:\Users\dayta\AppData\Local\Programs\Python\Python311\Lib\site-packages\sqlalchemy\engine\base.py", line 188, in _log_info
    self.engine.logger.info(message, *arg, **kw)
  File "C:\Users\dayta\AppData\Local\Programs\Python\Python311\Lib\site-packages\sqlalchemy\log.py", line 159, in info
    self.log(logging.INFO, msg, *args, **kwargs)
  File "C:\Users\dayta\AppData\Local\Programs\Python\Python311\Lib\site-packages\sqlalchemy\log.py", line 210, in log
    self.logger._log(level, msg, args, **kwargs)
Message: '[%s] %r'
Arguments: ('no key 0.00027s', {'id': 'UCCwPeoiRTO8hRMqAVrvXvzw', 'title': '\uc5b8\ub9ac\uc5bc \uc6d4\ub4dc', 'subscribers_count': 0, 'topic': None, 'custom_url': None, 'created_at': datetime.datetime(2026, 10, 6, 15, 52, 12, 18165, tzinfo=datetime.timezone.utc), 'param_1': '\uc5b8\ub9ac\uc5bc \uc6d4\ub4dc', 'param_2': datetime.datetime(2026, 10, 6, 15, 52, 12, 18165, tzinfo=datetime.timezone.utc)})
--- Logging error ---
Traceback (most recent call last):
  File "C:\Users\dayta\AppData\Local\Programs\Python\Python311\Lib\logging\__init__.py", line 1113, in emit
    stream.write(msg + self.terminator)
  File "C:\Users\dayta\AppData\Local\Programs\Python\Python311\Lib\encodings\cp1251.py", line 19, in encode
    return codecs.charmap_encode(input,self.errors,encoding_table)[0]
           ^^^^^^^^^^^^^^^^^^^^^^^^^^^^^^^^^^^^^^^^^^^^^^^^^^^^^^^
UnicodeEncodeError: 'charmap' codec can't encode character '\U0001f30d' in position 132: character maps to <undefined>
Call stack:
  File "C:\Projects\Сайт анализ ниш1\scripts\run_discovery_worker.py", line 117, in <module>
    raise SystemExit(main())
  File "C:\Projects\Сайт анализ ниш1\scripts\run_discovery_worker.py", line 99, in main
    run_discovery_worker(
  File "C:\Projects\Сайт анализ ниш1\app\services\discovery_worker_runtime.py", line 118, in run_discovery_worker
    summary = run_discovery_cycle(
  File "C:\Projects\Сайт анализ ниш1\app\services\discovery_cycle.py", line 491, in run_discovery_cycle
    return asyncio.run(
  File "C:\Users\dayta\AppData\Local\Programs\Python\Python311\Lib\asyncio\runners.py", line 190, in run
    return runner.run(main)
  File "C:\Users\dayta\AppData\Local\Programs\Python\Python311\Lib\asyncio\runners.py", line 118, in run
    return self._loop.run_until_complete(task)
  File "C:\Users\dayta\AppData\Local\Programs\Python\Python311\Lib\asyncio\base_events.py", line 640, in run_until_complete
    self.run_forever()
  File "C:\Users\dayta\AppData\Local\Programs\Python\Python311\Lib\asyncio\windows_events.py", line 321, in run_forever
    super().run_forever()
  File "C:\Users\dayta\AppData\Local\Programs\Python\Python311\Lib\asyncio\base_events.py", line 607, in run_forever
    self._run_once()
  File "C:\Users\dayta\AppData\Local\Programs\Python\Python311\Lib\asyncio\base_events.py", line 1922, in _run_once
    handle._run()
  File "C:\Users\dayta\AppData\Local\Programs\Python\Python311\Lib\asyncio\events.py", line 80, in _run
    self._context.run(self._callback, *self._args)
  File "C:\Projects\Сайт анализ ниш1\app\services\discovery_cycle.py", line 322, in run_discovery_cycle_async
    persist_results, kw_duplicates_from_batch = batch_persist_discovered_videos(
  File "C:\Projects\Сайт анализ ниш1\app\services\discovered_video_batch.py", line 63, in batch_persist_discovered_videos
    outcome = persist_discovered_video(
  File "C:\Projects\Сайт анализ ниш1\app\services\discovered_video_persistence.py", line 202, in persist_discovered_video
    _upsert_discovered_channel(
  File "C:\Projects\Сайт анализ ниш1\app\services\discovered_video_persistence.py", line 150, in _upsert_discovered_channel
    session.execute(
  File "C:\Users\dayta\AppData\Local\Programs\Python\Python311\Lib\site-packages\sqlalchemy\orm\session.py", line 2373, in execute
    return self._execute_internal(
  File "C:\Users\dayta\AppData\Local\Programs\Python\Python311\Lib\site-packages\sqlalchemy\orm\session.py", line 2271, in _execute_internal
    result: Result[Any] = compile_state_cls.orm_execute_statement(
  File "C:\Users\dayta\AppData\Local\Programs\Python\Python311\Lib\site-packages\sqlalchemy\orm\bulk_persistence.py", line 1306, in orm_execute_statement
    result = conn.execute(
  File "C:\Users\dayta\AppData\Local\Programs\Python\Python311\Lib\site-packages\sqlalchemy\engine\base.py", line 1421, in execute
    return meth(
  File "C:\Users\dayta\AppData\Local\Programs\Python\Python311\Lib\site-packages\sqlalchemy\sql\elements.py", line 526, in _execute_on_connection
    return connection._execute_clauseelement(
  File "C:\Users\dayta\AppData\Local\Programs\Python\Python311\Lib\site-packages\sqlalchemy\engine\base.py", line 1643, in _execute_clauseelement
    ret = self._execute_context(
  File "C:\Users\dayta\AppData\Local\Programs\Python\Python311\Lib\site-packages\sqlalchemy\engine\base.py", line 1848, in _execute_context
    return self._exec_single_context(
  File "C:\Users\dayta\AppData\Local\Programs\Python\Python311\Lib\site-packages\sqlalchemy\engine\base.py", line 1906, in _exec_single_context
    self._log_info(
  File "C:\Users\dayta\AppData\Local\Programs\Python\Python311\Lib\site-packages\sqlalchemy\engine\base.py", line 188, in _log_info
    self.engine.logger.info(message, *arg, **kw)
  File "C:\Users\dayta\AppData\Local\Programs\Python\Python311\Lib\site-packages\sqlalchemy\log.py", line 159, in info
    self.log(logging.INFO, msg, *args, **kwargs)
  File "C:\Users\dayta\AppData\Local\Programs\Python\Python311\Lib\site-packages\sqlalchemy\log.py", line 210, in log
    self.logger._log(level, msg, args, **kwargs)
Message: '[%s] %r'
Arguments: ('no key 0.00041s', {'id': 'UCKBSqeqBS5hxlpsYP4EKctQ', 'title': 'World In Focus \U0001f30d', 'subscribers_count': 0, 'topic': None, 'custom_url': None, 'created_at': datetime.datetime(2026, 10, 6, 15, 52, 12, 282111, tzinfo=datetime.timezone.utc), 'param_1': 'World In Focus \U0001f30d', 'param_2': datetime.datetime(2026, 10, 6, 15, 52, 12, 282111, tzinfo=datetime.timezone.utc)})
--- Logging error ---
Traceback (most recent call last):
  File "C:\Users\dayta\AppData\Local\Programs\Python\Python311\Lib\logging\__init__.py", line 1113, in emit
    stream.write(msg + self.terminator)
  File "C:\Users\dayta\AppData\Local\Programs\Python\Python311\Lib\encodings\cp1251.py", line 19, in encode
    return codecs.charmap_encode(input,self.errors,encoding_table)[0]
           ^^^^^^^^^^^^^^^^^^^^^^^^^^^^^^^^^^^^^^^^^^^^^^^^^^^^^^^
UnicodeEncodeError: 'charmap' codec can't encode character '\U0001f480' in position 132: character maps to <undefined>
Call stack:
  File "C:\Projects\Сайт анализ ниш1\scripts\run_discovery_worker.py", line 117, in <module>
    raise SystemExit(main())
  File "C:\Projects\Сайт анализ ниш1\scripts\run_discovery_worker.py", line 99, in main
    run_discovery_worker(
  File "C:\Projects\Сайт анализ ниш1\app\services\discovery_worker_runtime.py", line 118, in run_discovery_worker
    summary = run_discovery_cycle(
  File "C:\Projects\Сайт анализ ниш1\app\services\discovery_cycle.py", line 491, in run_discovery_cycle
    return asyncio.run(
  File "C:\Users\dayta\AppData\Local\Programs\Python\Python311\Lib\asyncio\runners.py", line 190, in run
    return runner.run(main)
  File "C:\Users\dayta\AppData\Local\Programs\Python\Python311\Lib\asyncio\runners.py", line 118, in run
    return self._loop.run_until_complete(task)
  File "C:\Users\dayta\AppData\Local\Programs\Python\Python311\Lib\asyncio\base_events.py", line 640, in run_until_complete
    self.run_forever()
  File "C:\Users\dayta\AppData\Local\Programs\Python\Python311\Lib\asyncio\windows_events.py", line 321, in run_forever
    super().run_forever()
  File "C:\Users\dayta\AppData\Local\Programs\Python\Python311\Lib\asyncio\base_events.py", line 607, in run_forever
    self._run_once()
  File "C:\Users\dayta\AppData\Local\Programs\Python\Python311\Lib\asyncio\base_events.py", line 1922, in _run_once
    handle._run()
  File "C:\Users\dayta\AppData\Local\Programs\Python\Python311\Lib\asyncio\events.py", line 80, in _run
    self._context.run(self._callback, *self._args)
  File "C:\Projects\Сайт анализ ниш1\app\services\discovery_cycle.py", line 322, in run_discovery_cycle_async
    persist_results, kw_duplicates_from_batch = batch_persist_discovered_videos(
  File "C:\Projects\Сайт анализ ниш1\app\services\discovered_video_batch.py", line 63, in batch_persist_discovered_videos
    outcome = persist_discovered_video(
  File "C:\Projects\Сайт анализ ниш1\app\services\discovered_video_persistence.py", line 202, in persist_discovered_video
    _upsert_discovered_channel(
  File "C:\Projects\Сайт анализ ниш1\app\services\discovered_video_persistence.py", line 150, in _upsert_discovered_channel
    session.execute(
  File "C:\Users\dayta\AppData\Local\Programs\Python\Python311\Lib\site-packages\sqlalchemy\orm\session.py", line 2373, in execute
    return self._execute_internal(
  File "C:\Users\dayta\AppData\Local\Programs\Python\Python311\Lib\site-packages\sqlalchemy\orm\session.py", line 2271, in _execute_internal
    result: Result[Any] = compile_state_cls.orm_execute_statement(
  File "C:\Users\dayta\AppData\Local\Programs\Python\Python311\Lib\site-packages\sqlalchemy\orm\bulk_persistence.py", line 1306, in orm_execute_statement
    result = conn.execute(
  File "C:\Users\dayta\AppData\Local\Programs\Python\Python311\Lib\site-packages\sqlalchemy\engine\base.py", line 1421, in execute
    return meth(
  File "C:\Users\dayta\AppData\Local\Programs\Python\Python311\Lib\site-packages\sqlalchemy\sql\elements.py", line 526, in _execute_on_connection
    return connection._execute_clauseelement(
  File "C:\Users\dayta\AppData\Local\Programs\Python\Python311\Lib\site-packages\sqlalchemy\engine\base.py", line 1643, in _execute_clauseelement
    ret = self._execute_context(
  File "C:\Users\dayta\AppData\Local\Programs\Python\Python311\Lib\site-packages\sqlalchemy\engine\base.py", line 1848, in _execute_context
    return self._exec_single_context(
  File "C:\Users\dayta\AppData\Local\Programs\Python\Python311\Lib\site-packages\sqlalchemy\engine\base.py", line 1906, in _exec_single_context
    self._log_info(
  File "C:\Users\dayta\AppData\Local\Programs\Python\Python311\Lib\site-packages\sqlalchemy\engine\base.py", line 188, in _log_info
    self.engine.logger.info(message, *arg, **kw)
  File "C:\Users\dayta\AppData\Local\Programs\Python\Python311\Lib\site-packages\sqlalchemy\log.py", line 159, in info
    self.log(logging.INFO, msg, *args, **kwargs)
  File "C:\Users\dayta\AppData\Local\Programs\Python\Python311\Lib\site-packages\sqlalchemy\log.py", line 210, in log
    self.logger._log(level, msg, args, **kwargs)
Message: '[%s] %r'
Arguments: ('no key 0.00036s', {'id': 'UCGjCWlCjEmsOlt0KvN9xtrw', 'title': 'Allrounder mahi\U0001f480', 'subscribers_count': 0, 'topic': None, 'custom_url': None, 'created_at': datetime.datetime(2026, 10, 6, 15, 52, 12, 399768, tzinfo=datetime.timezone.utc), 'param_1': 'Allrounder mahi\U0001f480', 'param_2': datetime.datetime(2026, 10, 6, 15, 52, 12, 399768, tzinfo=datetime.timezone.utc)})
--- Logging error ---
Traceback (most recent call last):
  File "C:\Users\dayta\AppData\Local\Programs\Python\Python311\Lib\logging\__init__.py", line 1113, in emit
    stream.write(msg + self.terminator)
  File "C:\Users\dayta\AppData\Local\Programs\Python\Python311\Lib\encodings\cp1251.py", line 19, in encode
    return codecs.charmap_encode(input,self.errors,encoding_table)[0]
           ^^^^^^^^^^^^^^^^^^^^^^^^^^^^^^^^^^^^^^^^^^^^^^^^^^^^^^^
UnicodeEncodeError: 'charmap' codec can't encode characters in position 1220-1221: character maps to <undefined>
Call stack:
  File "C:\Projects\Сайт анализ ниш1\scripts\run_discovery_worker.py", line 117, in <module>
    raise SystemExit(main())
  File "C:\Projects\Сайт анализ ниш1\scripts\run_discovery_worker.py", line 99, in main
    run_discovery_worker(
  File "C:\Projects\Сайт анализ ниш1\app\services\discovery_worker_runtime.py", line 118, in run_discovery_worker
    summary = run_discovery_cycle(
  File "C:\Projects\Сайт анализ ниш1\app\services\discovery_cycle.py", line 491, in run_discovery_cycle
    return asyncio.run(
  File "C:\Users\dayta\AppData\Local\Programs\Python\Python311\Lib\asyncio\runners.py", line 190, in run
    return runner.run(main)
  File "C:\Users\dayta\AppData\Local\Programs\Python\Python311\Lib\asyncio\runners.py", line 118, in run
    return self._loop.run_until_complete(task)
  File "C:\Users\dayta\AppData\Local\Programs\Python\Python311\Lib\asyncio\base_events.py", line 640, in run_until_complete
    self.run_forever()
  File "C:\Users\dayta\AppData\Local\Programs\Python\Python311\Lib\asyncio\windows_events.py", line 321, in run_forever
    super().run_forever()
  File "C:\Users\dayta\AppData\Local\Programs\Python\Python311\Lib\asyncio\base_events.py", line 607, in run_forever
    self._run_once()
  File "C:\Users\dayta\AppData\Local\Programs\Python\Python311\Lib\asyncio\base_events.py", line 1922, in _run_once
    handle._run()
  File "C:\Users\dayta\AppData\Local\Programs\Python\Python311\Lib\asyncio\events.py", line 80, in _run
    self._context.run(self._callback, *self._args)
  File "C:\Projects\Сайт анализ ниш1\app\services\discovery_cycle.py", line 348, in run_discovery_cycle_async
    mark_hits_persisted_for_monitoring(
  File "C:\Projects\Сайт анализ ниш1\app\services\keyword_discovery_metrics_storage.py", line 154, in mark_hits_persisted_for_monitoring
    session.flush()
  File "C:\Users\dayta\AppData\Local\Programs\Python\Python311\Lib\site-packages\sqlalchemy\orm\session.py", line 4353, in flush
    self._flush(objects)
  File "C:\Users\dayta\AppData\Local\Programs\Python\Python311\Lib\site-packages\sqlalchemy\orm\session.py", line 4449, in _flush
    flush_context.execute()
  File "C:\Users\dayta\AppData\Local\Programs\Python\Python311\Lib\site-packages\sqlalchemy\orm\unitofwork.py", line 465, in execute
    rec.execute(self)
  File "C:\Users\dayta\AppData\Local\Programs\Python\Python311\Lib\site-packages\sqlalchemy\orm\unitofwork.py", line 641, in execute
    util.preloaded.orm_persistence.save_obj(
  File "C:\Users\dayta\AppData\Local\Programs\Python\Python311\Lib\site-packages\sqlalchemy\orm\persistence.py", line 94, in save_obj
    _emit_insert_statements(
  File "C:\Users\dayta\AppData\Local\Programs\Python\Python311\Lib\site-packages\sqlalchemy\orm\persistence.py", line 1144, in _emit_insert_statements
    result = connection.execute(
  File "C:\Users\dayta\AppData\Local\Programs\Python\Python311\Lib\site-packages\sqlalchemy\engine\base.py", line 1421, in execute
    return meth(
  File "C:\Users\dayta\AppData\Local\Programs\Python\Python311\Lib\site-packages\sqlalchemy\sql\elements.py", line 526, in _execute_on_connection
    return connection._execute_clauseelement(
  File "C:\Users\dayta\AppData\Local\Programs\Python\Python311\Lib\site-packages\sqlalchemy\engine\base.py", line 1643, in _execute_clauseelement
    ret = self._execute_context(
  File "C:\Users\dayta\AppData\Local\Programs\Python\Python311\Lib\site-packages\sqlalchemy\engine\base.py", line 1846, in _execute_context
    return self._exec_insertmany_context(dialect, context)
  File "C:\Users\dayta\AppData\Local\Programs\Python\Python311\Lib\site-packages\sqlalchemy\engine\base.py", line 2101, in _exec_insertmany_context
    self._log_info(
  File "C:\Users\dayta\AppData\Local\Programs\Python\Python311\Lib\site-packages\sqlalchemy\engine\base.py", line 188, in _log_info
    self.engine.logger.info(message, *arg, **kw)
  File "C:\Users\dayta\AppData\Local\Programs\Python\Python311\Lib\site-packages\sqlalchemy\log.py", line 159, in info
    self.log(logging.INFO, msg, *args, **kwargs)
  File "C:\Users\dayta\AppData\Local\Programs\Python\Python311\Lib\site-packages\sqlalchemy\log.py", line 210, in log
    self.logger._log(level, msg, args, **kwargs)
Message: '[%s] %r'
Arguments: ('cached since 1021s ago (insertmanyvalues) 1/1 (ordered)', {'duration_seconds__0': 365, 'id__0': '7cT7WaP-Rh8', 'content_format__0': 'MEDIUM', 'topic__0': 'hidden places', 'title__0': 'factory top 7 hidden places for br Ranked new season', 'published_at__0': datetime.datetime(2026, 10, 6, 15, 27, 11, 536559, tzinfo=datetime.timezone.utc), 'tags__0': '[]', 'views_count__0': 2, 'likes_count__0': 0, 'channel_id__0': 'UCqiy_eEWDX83Dhs_Y1uu4lg', 'published_at_source__0': 'innertube_relative', 'comments_count__0': 0, 'duration_seconds__1': 1899, 'id__1': 'B3ACc6R4e3Y', 'content_format__1': 'MEDIUM', 'topic__1': 'hidden places', 'title__1': 'This Safe Was Hidden for Nearly 100 Years: Opened a Stash in an Abandoned Building EPISODE 4', 'published_at__1': datetime.datetime(2026, 10, 5, 15, 52, 11, 538711, tzinfo=datetime.timezone.utc), 'tags__1': '[]', 'views_count__1': 47590, 'likes_count__1': 0, 'channel_id__1': 'UCf9iZMkNmNJ8n0qw8mPbNGg', 'published_at_source__1': 'innertube_relative', 'comments_count__1': 0, 'duration_seconds__2': 67, 'id__2': 'MGM0vZVKWBk', 'content_format__2': 'MEDIUM', 'topic__2': 'hidden places', 'title__2': 'Pacitan: The Hidden Gem \U0001f334\U0001f30a', 'published_at__2': datetime.datetime(2026, 10, 6, 11, 52, 11, 541333, tzinfo=datetime.timezone.utc), 'tags__2': '[]', 'views_count__2': 2, 'likes_count__2': 0, 'channel_id__2': 'UCbEcYz2Es4wmpMi6wNeV3VQ', 'published_at_source__2': 'innertube_relative', 'comments_count__2': 0, 'duration_seconds__3': 4820, 'id__3': 'M1qXv5U_mIY', 'content_format__3': 'MEDIUM', 'topic__3': 'hidden places', 'title__3': 'Bangkok’s 15 Most Incredible Places \U0001f1f9\U0001f1ed The Ultimate 4K Walking Tour', 'published_at__3': datetime.datetime(2026, 10, 6, 14, 52, 11, 542913, tzinfo=datetime.timezone.utc), 'tags__3': '[]', 'views_count__3': 125, 'likes_count__3': 0, 'channel_id__3': 'UCQ0bHz1RgIuzCPDR54GOcHg', 'published_at_source__3': 'innertube_relative', 'comments_count__3': 0, 'duration_seconds__4': 1308, 'id__4': '7zrNU2Iike0' ... 4760 parameters truncated ... 'published_at_source__400': 'innertube_relative', 'comments_count__400': 0, 'duration_seconds__401': 2567, 'id__401': 'lKpocoOOuGU', 'content_format__401': 'MEDIUM', 'topic__401': 'hidden places', 'title__401': "Left to Die on a Mountain Trail, She Found an Outlaw's Untouched Gold Stash Whose Was It", 'published_at__401': datetime.datetime(2026, 10, 5, 17, 52, 12, 526301, tzinfo=datetime.timezone.utc), 'tags__401': '[]', 'views_count__401': 0, 'likes_count__401': 0, 'channel_id__401': 'UCnW6AEYfNVlBFaRuaOaUczA', 'published_at_source__401': 'innertube_relative', 'comments_count__401': 0, 'duration_seconds__402': 196, 'id__402': 'kX4L1JsRIyA', 'content_format__402': 'MEDIUM', 'topic__402': 'hidden places', 'title__402': 'Hidden away — When “I’m Okay” Hides Everything', 'published_at__402': datetime.datetime(2026, 10, 6, 7, 52, 12, 531510, tzinfo=datetime.timezone.utc), 'tags__402': '[]', 'views_count__402': 4, 'likes_count__402': 0, 'channel_id__402': 'UCjgbsgUp5l1eClhoFZe5pIA', 'published_at_source__402': 'innertube_relative', 'comments_count__402': 0, 'duration_seconds__403': 1173, 'id__403': 'nfeha4AI_C8', 'content_format__403': 'MEDIUM', 'topic__403': 'hidden places', 'title__403': 'Vatican City \u0915\u0947 \u0928\u0940\u091a\u0947 1600 \u0938\u093e\u0932 \u092a\u0941\u0930\u093e\u0928\u093e \u0915\u094d\u092f\u093e \u0926\u092b\u0928 \u0939\u0948? \U0001f631 | Hidden Mystery Revealed', 'published_at__403': datetime.datetime(2026, 10, 6, 2, 52, 12, 533528, tzinfo=datetime.timezone.utc), 'tags__403': '[]', 'views_count__403': 0, 'likes_count__403': 0, 'channel_id__403': 'UCd4MC2ZGySvGnlC0jKOs2UA', 'published_at_source__403': 'innertube_relative', 'comments_count__403': 0, 'duration_seconds__404': 1347, 'id__404': 'Z7DzAqxG5W8', 'content_format__404': 'MEDIUM', 'topic__404': 'hidden places', 'title__404': 'One Night of EUROPE NIGHTLIFE Could Seriously Test a Relationship! \U0001f494\U0001f37e', 'published_at__404': datetime.datetime(2026, 10, 5, 23, 52, 12, 535371, tzinfo=datetime.timezone.utc), 'tags__404': '[]', 'views_count__404': 2, 'likes_count__404': 0, 'channel_id__404': 'UCmkqrBR0UBwsLIXIszGOfiA', 'published_at_source__404': 'innertube_relative', 'comments_count__404': 0})
--- Logging error ---
Traceback (most recent call last):
  File "C:\Users\dayta\AppData\Local\Programs\Python\Python311\Lib\logging\__init__.py", line 1113, in emit
    stream.write(msg + self.terminator)
  File "C:\Users\dayta\AppData\Local\Programs\Python\Python311\Lib\encodings\cp1251.py", line 19, in encode
    return codecs.charmap_encode(input,self.errors,encoding_table)[0]
           ^^^^^^^^^^^^^^^^^^^^^^^^^^^^^^^^^^^^^^^^^^^^^^^^^^^^^^^
UnicodeEncodeError: 'charmap' codec can't encode character '\U0001f3ac' in position 135: character maps to <undefined>
Call stack:
  File "C:\Projects\Сайт анализ ниш1\scripts\run_discovery_worker.py", line 117, in <module>
    raise SystemExit(main())
  File "C:\Projects\Сайт анализ ниш1\scripts\run_discovery_worker.py", line 99, in main
    run_discovery_worker(
  File "C:\Projects\Сайт анализ ниш1\app\services\discovery_worker_runtime.py", line 118, in run_discovery_worker
    summary = run_discovery_cycle(
  File "C:\Projects\Сайт анализ ниш1\app\services\discovery_cycle.py", line 491, in run_discovery_cycle
    return asyncio.run(
  File "C:\Users\dayta\AppData\Local\Programs\Python\Python311\Lib\asyncio\runners.py", line 190, in run
    return runner.run(main)
  File "C:\Users\dayta\AppData\Local\Programs\Python\Python311\Lib\asyncio\runners.py", line 118, in run
    return self._loop.run_until_complete(task)
  File "C:\Users\dayta\AppData\Local\Programs\Python\Python311\Lib\asyncio\base_events.py", line 640, in run_until_complete
    self.run_forever()
  File "C:\Users\dayta\AppData\Local\Programs\Python\Python311\Lib\asyncio\windows_events.py", line 321, in run_forever
    super().run_forever()
  File "C:\Users\dayta\AppData\Local\Programs\Python\Python311\Lib\asyncio\base_events.py", line 607, in run_forever
    self._run_once()
  File "C:\Users\dayta\AppData\Local\Programs\Python\Python311\Lib\asyncio\base_events.py", line 1922, in _run_once
    handle._run()
  File "C:\Users\dayta\AppData\Local\Programs\Python\Python311\Lib\asyncio\events.py", line 80, in _run
    self._context.run(self._callback, *self._args)
  File "C:\Projects\Сайт анализ ниш1\app\services\discovery_cycle.py", line 322, in run_discovery_cycle_async
    persist_results, kw_duplicates_from_batch = batch_persist_discovered_videos(
  File "C:\Projects\Сайт анализ ниш1\app\services\discovered_video_batch.py", line 63, in batch_persist_discovered_videos
    outcome = persist_discovered_video(
  File "C:\Projects\Сайт анализ ниш1\app\services\discovered_video_persistence.py", line 202, in persist_discovered_video
    _upsert_discovered_channel(
  File "C:\Projects\Сайт анализ ниш1\app\services\discovered_video_persistence.py", line 150, in _upsert_discovered_channel
    session.execute(
  File "C:\Users\dayta\AppData\Local\Programs\Python\Python311\Lib\site-packages\sqlalchemy\orm\session.py", line 2373, in execute
    return self._execute_internal(
  File "C:\Users\dayta\AppData\Local\Programs\Python\Python311\Lib\site-packages\sqlalchemy\orm\session.py", line 2271, in _execute_internal
    result: Result[Any] = compile_state_cls.orm_execute_statement(
  File "C:\Users\dayta\AppData\Local\Programs\Python\Python311\Lib\site-packages\sqlalchemy\orm\bulk_persistence.py", line 1306, in orm_execute_statement
    result = conn.execute(
  File "C:\Users\dayta\AppData\Local\Programs\Python\Python311\Lib\site-packages\sqlalchemy\engine\base.py", line 1421, in execute
    return meth(
  File "C:\Users\dayta\AppData\Local\Programs\Python\Python311\Lib\site-packages\sqlalchemy\sql\elements.py", line 526, in _execute_on_connection
    return connection._execute_clauseelement(
  File "C:\Users\dayta\AppData\Local\Programs\Python\Python311\Lib\site-packages\sqlalchemy\engine\base.py", line 1643, in _execute_clauseelement
    ret = self._execute_context(
  File "C:\Users\dayta\AppData\Local\Programs\Python\Python311\Lib\site-packages\sqlalchemy\engine\base.py", line 1848, in _execute_context
    return self._exec_single_context(
  File "C:\Users\dayta\AppData\Local\Programs\Python\Python311\Lib\site-packages\sqlalchemy\engine\base.py", line 1906, in _exec_single_context
    self._log_info(
  File "C:\Users\dayta\AppData\Local\Programs\Python\Python311\Lib\site-packages\sqlalchemy\engine\base.py", line 188, in _log_info
    self.engine.logger.info(message, *arg, **kw)
  File "C:\Users\dayta\AppData\Local\Programs\Python\Python311\Lib\site-packages\sqlalchemy\log.py", line 159, in info
    self.log(logging.INFO, msg, *args, **kwargs)
  File "C:\Users\dayta\AppData\Local\Programs\Python\Python311\Lib\site-packages\sqlalchemy\log.py", line 210, in log
    self.logger._log(level, msg, args, **kwargs)
Message: '[%s] %r'
Arguments: ('no key 0.00031s', {'id': 'UCatpW3vrYd0mjQe7_-atEIA', 'title': 'AI Drama World TV \U0001f3ac', 'subscribers_count': 0, 'topic': None, 'custom_url': None, 'created_at': datetime.datetime(2026, 10, 6, 15, 53, 19, 557683, tzinfo=datetime.timezone.utc), 'param_1': 'AI Drama World TV \U0001f3ac', 'param_2': datetime.datetime(2026, 10, 6, 15, 53, 19, 557683, tzinfo=datetime.timezone.utc)})
--- Logging error ---
Traceback (most recent call last):
  File "C:\Users\dayta\AppData\Local\Programs\Python\Python311\Lib\logging\__init__.py", line 1113, in emit
    stream.write(msg + self.terminator)
  File "C:\Users\dayta\AppData\Local\Programs\Python\Python311\Lib\encodings\cp1251.py", line 19, in encode
    return codecs.charmap_encode(input,self.errors,encoding_table)[0]
           ^^^^^^^^^^^^^^^^^^^^^^^^^^^^^^^^^^^^^^^^^^^^^^^^^^^^^^^
UnicodeEncodeError: 'charmap' codec can't encode character '\U0001f37f' in position 129: character maps to <undefined>
Call stack:
  File "C:\Projects\Сайт анализ ниш1\scripts\run_discovery_worker.py", line 117, in <module>
    raise SystemExit(main())
  File "C:\Projects\Сайт анализ ниш1\scripts\run_discovery_worker.py", line 99, in main
    run_discovery_worker(
  File "C:\Projects\Сайт анализ ниш1\app\services\discovery_worker_runtime.py", line 118, in run_discovery_worker
    summary = run_discovery_cycle(
  File "C:\Projects\Сайт анализ ниш1\app\services\discovery_cycle.py", line 491, in run_discovery_cycle
    return asyncio.run(
  File "C:\Users\dayta\AppData\Local\Programs\Python\Python311\Lib\asyncio\runners.py", line 190, in run
    return runner.run(main)
  File "C:\Users\dayta\AppData\Local\Programs\Python\Python311\Lib\asyncio\runners.py", line 118, in run
    return self._loop.run_until_complete(task)
  File "C:\Users\dayta\AppData\Local\Programs\Python\Python311\Lib\asyncio\base_events.py", line 640, in run_until_complete
    self.run_forever()
  File "C:\Users\dayta\AppData\Local\Programs\Python\Python311\Lib\asyncio\windows_events.py", line 321, in run_forever
    super().run_forever()
  File "C:\Users\dayta\AppData\Local\Programs\Python\Python311\Lib\asyncio\base_events.py", line 607, in run_forever
    self._run_once()
  File "C:\Users\dayta\AppData\Local\Programs\Python\Python311\Lib\asyncio\base_events.py", line 1922, in _run_once
    handle._run()
  File "C:\Users\dayta\AppData\Local\Programs\Python\Python311\Lib\asyncio\events.py", line 80, in _run
    self._context.run(self._callback, *self._args)
  File "C:\Projects\Сайт анализ ниш1\app\services\discovery_cycle.py", line 322, in run_discovery_cycle_async
    persist_results, kw_duplicates_from_batch = batch_persist_discovered_videos(
  File "C:\Projects\Сайт анализ ниш1\app\services\discovered_video_batch.py", line 63, in batch_persist_discovered_videos
    outcome = persist_discovered_video(
  File "C:\Projects\Сайт анализ ниш1\app\services\discovered_video_persistence.py", line 202, in persist_discovered_video
    _upsert_discovered_channel(
  File "C:\Projects\Сайт анализ ниш1\app\services\discovered_video_persistence.py", line 150, in _upsert_discovered_channel
    session.execute(
  File "C:\Users\dayta\AppData\Local\Programs\Python\Python311\Lib\site-packages\sqlalchemy\orm\session.py", line 2373, in execute
    return self._execute_internal(
  File "C:\Users\dayta\AppData\Local\Programs\Python\Python311\Lib\site-packages\sqlalchemy\orm\session.py", line 2271, in _execute_internal
    result: Result[Any] = compile_state_cls.orm_execute_statement(
  File "C:\Users\dayta\AppData\Local\Programs\Python\Python311\Lib\site-packages\sqlalchemy\orm\bulk_persistence.py", line 1306, in orm_execute_statement
    result = conn.execute(
  File "C:\Users\dayta\AppData\Local\Programs\Python\Python311\Lib\site-packages\sqlalchemy\engine\base.py", line 1421, in execute
    return meth(
  File "C:\Users\dayta\AppData\Local\Programs\Python\Python311\Lib\site-packages\sqlalchemy\sql\elements.py", line 526, in _execute_on_connection
    return connection._execute_clauseelement(
  File "C:\Users\dayta\AppData\Local\Programs\Python\Python311\Lib\site-packages\sqlalchemy\engine\base.py", line 1643, in _execute_clauseelement
    ret = self._execute_context(
  File "C:\Users\dayta\AppData\Local\Programs\Python\Python311\Lib\site-packages\sqlalchemy\engine\base.py", line 1848, in _execute_context
    return self._exec_single_context(
  File "C:\Users\dayta\AppData\Local\Programs\Python\Python311\Lib\site-packages\sqlalchemy\engine\base.py", line 1906, in _exec_single_context
    self._log_info(
  File "C:\Users\dayta\AppData\Local\Programs\Python\Python311\Lib\site-packages\sqlalchemy\engine\base.py", line 188, in _log_info
    self.engine.logger.info(message, *arg, **kw)
  File "C:\Users\dayta\AppData\Local\Programs\Python\Python311\Lib\site-packages\sqlalchemy\log.py", line 159, in info
    self.log(logging.INFO, msg, *args, **kwargs)
  File "C:\Users\dayta\AppData\Local\Programs\Python\Python311\Lib\site-packages\sqlalchemy\log.py", line 210, in log
    self.logger._log(level, msg, args, **kwargs)
Message: '[%s] %r'
Arguments: ('no key 0.00037s', {'id': 'UCRvi5oPNYkhw5MySvvLZFxA', 'title': 'Pocon Recaps\U0001f37f', 'subscribers_count': 0, 'topic': None, 'custom_url': None, 'created_at': datetime.datetime(2026, 10, 6, 15, 53, 19, 633978, tzinfo=datetime.timezone.utc), 'param_1': 'Pocon Recaps\U0001f37f', 'param_2': datetime.datetime(2026, 10, 6, 15, 53, 19, 633978, tzinfo=datetime.timezone.utc)})
--- Logging error ---
Traceback (most recent call last):
  File "C:\Users\dayta\AppData\Local\Programs\Python\Python311\Lib\logging\__init__.py", line 1113, in emit
    stream.write(msg + self.terminator)
  File "C:\Users\dayta\AppData\Local\Programs\Python\Python311\Lib\encodings\cp1251.py", line 19, in encode
    return codecs.charmap_encode(input,self.errors,encoding_table)[0]
           ^^^^^^^^^^^^^^^^^^^^^^^^^^^^^^^^^^^^^^^^^^^^^^^^^^^^^^^
UnicodeEncodeError: 'charmap' codec can't encode characters in position 117-120: character maps to <undefined>
Call stack:
  File "C:\Projects\Сайт анализ ниш1\scripts\run_discovery_worker.py", line 117, in <module>
    raise SystemExit(main())
  File "C:\Projects\Сайт анализ ниш1\scripts\run_discovery_worker.py", line 99, in main
    run_discovery_worker(
  File "C:\Projects\Сайт анализ ниш1\app\services\discovery_worker_runtime.py", line 118, in run_discovery_worker
    summary = run_discovery_cycle(
  File "C:\Projects\Сайт анализ ниш1\app\services\discovery_cycle.py", line 491, in run_discovery_cycle
    return asyncio.run(
  File "C:\Users\dayta\AppData\Local\Programs\Python\Python311\Lib\asyncio\runners.py", line 190, in run
    return runner.run(main)
  File "C:\Users\dayta\AppData\Local\Programs\Python\Python311\Lib\asyncio\runners.py", line 118, in run
    return self._loop.run_until_complete(task)
  File "C:\Users\dayta\AppData\Local\Programs\Python\Python311\Lib\asyncio\base_events.py", line 640, in run_until_complete
    self.run_forever()
  File "C:\Users\dayta\AppData\Local\Programs\Python\Python311\Lib\asyncio\windows_events.py", line 321, in run_forever
    super().run_forever()
  File "C:\Users\dayta\AppData\Local\Programs\Python\Python311\Lib\asyncio\base_events.py", line 607, in run_forever
    self._run_once()
  File "C:\Users\dayta\AppData\Local\Programs\Python\Python311\Lib\asyncio\base_events.py", line 1922, in _run_once
    handle._run()
  File "C:\Users\dayta\AppData\Local\Programs\Python\Python311\Lib\asyncio\events.py", line 80, in _run
    self._context.run(self._callback, *self._args)
  File "C:\Projects\Сайт анализ ниш1\app\services\discovery_cycle.py", line 322, in run_discovery_cycle_async
    persist_results, kw_duplicates_from_batch = batch_persist_discovered_videos(
  File "C:\Projects\Сайт анализ ниш1\app\services\discovered_video_batch.py", line 63, in batch_persist_discovered_videos
    outcome = persist_discovered_video(
  File "C:\Projects\Сайт анализ ниш1\app\services\discovered_video_persistence.py", line 202, in persist_discovered_video
    _upsert_discovered_channel(
  File "C:\Projects\Сайт анализ ниш1\app\services\discovered_video_persistence.py", line 150, in _upsert_discovered_channel
    session.execute(
  File "C:\Users\dayta\AppData\Local\Programs\Python\Python311\Lib\site-packages\sqlalchemy\orm\session.py", line 2373, in execute
    return self._execute_internal(
  File "C:\Users\dayta\AppData\Local\Programs\Python\Python311\Lib\site-packages\sqlalchemy\orm\session.py", line 2271, in _execute_internal
    result: Result[Any] = compile_state_cls.orm_execute_statement(
  File "C:\Users\dayta\AppData\Local\Programs\Python\Python311\Lib\site-packages\sqlalchemy\orm\bulk_persistence.py", line 1306, in orm_execute_statement
    result = conn.execute(
  File "C:\Users\dayta\AppData\Local\Programs\Python\Python311\Lib\site-packages\sqlalchemy\engine\base.py", line 1421, in execute
    return meth(
  File "C:\Users\dayta\AppData\Local\Programs\Python\Python311\Lib\site-packages\sqlalchemy\sql\elements.py", line 526, in _execute_on_connection
    return connection._execute_clauseelement(
  File "C:\Users\dayta\AppData\Local\Programs\Python\Python311\Lib\site-packages\sqlalchemy\engine\base.py", line 1643, in _execute_clauseelement
    ret = self._execute_context(
  File "C:\Users\dayta\AppData\Local\Programs\Python\Python311\Lib\site-packages\sqlalchemy\engine\base.py", line 1848, in _execute_context
    return self._exec_single_context(
  File "C:\Users\dayta\AppData\Local\Programs\Python\Python311\Lib\site-packages\sqlalchemy\engine\base.py", line 1906, in _exec_single_context
    self._log_info(
  File "C:\Users\dayta\AppData\Local\Programs\Python\Python311\Lib\site-packages\sqlalchemy\engine\base.py", line 188, in _log_info
    self.engine.logger.info(message, *arg, **kw)
  File "C:\Users\dayta\AppData\Local\Programs\Python\Python311\Lib\site-packages\sqlalchemy\log.py", line 159, in info
    self.log(logging.INFO, msg, *args, **kwargs)
  File "C:\Users\dayta\AppData\Local\Programs\Python\Python311\Lib\site-packages\sqlalchemy\log.py", line 210, in log
    self.logger._log(level, msg, args, **kwargs)
Message: '[%s] %r'
Arguments: ('no key 0.00038s', {'id': 'UCrfGFbVIagCryExG2RWypLw', 'title': '\U0001d5dd\U0001d602\U0001d600\U0001d601 \U0001d5db\U0001d5fc\U0001d5fd\U0001d5f2 & \U0001d5d5\U0001d5f2\U0001d5f9\U0001d5f6\U0001d5f2\U0001d603\U0001d5f2', 'subscribers_count': 0, 'topic': None, 'custom_url': None, 'created_at': datetime.datetime(2026, 10, 6, 15, 53, 19, 918324, tzinfo=datetime.timezone.utc), 'param_1': '\U0001d5dd\U0001d602\U0001d600\U0001d601 \U0001d5db\U0001d5fc\U0001d5fd\U0001d5f2 & \U0001d5d5\U0001d5f2\U0001d5f9\U0001d5f6\U0001d5f2\U0001d603\U0001d5f2', 'param_2': datetime.datetime(2026, 10, 6, 15, 53, 19, 918324, tzinfo=datetime.timezone.utc)})
--- Logging error ---
Traceback (most recent call last):
  File "C:\Users\dayta\AppData\Local\Programs\Python\Python311\Lib\logging\__init__.py", line 1113, in emit
    stream.write(msg + self.terminator)
  File "C:\Users\dayta\AppData\Local\Programs\Python\Python311\Lib\encodings\cp1251.py", line 19, in encode
    return codecs.charmap_encode(input,self.errors,encoding_table)[0]
           ^^^^^^^^^^^^^^^^^^^^^^^^^^^^^^^^^^^^^^^^^^^^^^^^^^^^^^^
UnicodeEncodeError: 'charmap' codec can't encode character '\xe9' in position 124: character maps to <undefined>
Call stack:
  File "C:\Projects\Сайт анализ ниш1\scripts\run_discovery_worker.py", line 117, in <module>
    raise SystemExit(main())
  File "C:\Projects\Сайт анализ ниш1\scripts\run_discovery_worker.py", line 99, in main
    run_discovery_worker(
  File "C:\Projects\Сайт анализ ниш1\app\services\discovery_worker_runtime.py", line 118, in run_discovery_worker
    summary = run_discovery_cycle(
  File "C:\Projects\Сайт анализ ниш1\app\services\discovery_cycle.py", line 491, in run_discovery_cycle
    return asyncio.run(
  File "C:\Users\dayta\AppData\Local\Programs\Python\Python311\Lib\asyncio\runners.py", line 190, in run
    return runner.run(main)
  File "C:\Users\dayta\AppData\Local\Programs\Python\Python311\Lib\asyncio\runners.py", line 118, in run
    return self._loop.run_until_complete(task)
  File "C:\Users\dayta\AppData\Local\Programs\Python\Python311\Lib\asyncio\base_events.py", line 640, in run_until_complete
    self.run_forever()
  File "C:\Users\dayta\AppData\Local\Programs\Python\Python311\Lib\asyncio\windows_events.py", line 321, in run_forever
    super().run_forever()
  File "C:\Users\dayta\AppData\Local\Programs\Python\Python311\Lib\asyncio\base_events.py", line 607, in run_forever
    self._run_once()
  File "C:\Users\dayta\AppData\Local\Programs\Python\Python311\Lib\asyncio\base_events.py", line 1922, in _run_once
    handle._run()
  File "C:\Users\dayta\AppData\Local\Programs\Python\Python311\Lib\asyncio\events.py", line 80, in _run
    self._context.run(self._callback, *self._args)
  File "C:\Projects\Сайт анализ ниш1\app\services\discovery_cycle.py", line 322, in run_discovery_cycle_async
    persist_results, kw_duplicates_from_batch = batch_persist_discovered_videos(
  File "C:\Projects\Сайт анализ ниш1\app\services\discovered_video_batch.py", line 63, in batch_persist_discovered_videos
    outcome = persist_discovered_video(
  File "C:\Projects\Сайт анализ ниш1\app\services\discovered_video_persistence.py", line 202, in persist_discovered_video
    _upsert_discovered_channel(
  File "C:\Projects\Сайт анализ ниш1\app\services\discovered_video_persistence.py", line 150, in _upsert_discovered_channel
    session.execute(
  File "C:\Users\dayta\AppData\Local\Programs\Python\Python311\Lib\site-packages\sqlalchemy\orm\session.py", line 2373, in execute
    return self._execute_internal(
  File "C:\Users\dayta\AppData\Local\Programs\Python\Python311\Lib\site-packages\sqlalchemy\orm\session.py", line 2271, in _execute_internal
    result: Result[Any] = compile_state_cls.orm_execute_statement(
  File "C:\Users\dayta\AppData\Local\Programs\Python\Python311\Lib\site-packages\sqlalchemy\orm\bulk_persistence.py", line 1306, in orm_execute_statement
    result = conn.execute(
  File "C:\Users\dayta\AppData\Local\Programs\Python\Python311\Lib\site-packages\sqlalchemy\engine\base.py", line 1421, in execute
    return meth(
  File "C:\Users\dayta\AppData\Local\Programs\Python\Python311\Lib\site-packages\sqlalchemy\sql\elements.py", line 526, in _execute_on_connection
    return connection._execute_clauseelement(
  File "C:\Users\dayta\AppData\Local\Programs\Python\Python311\Lib\site-packages\sqlalchemy\engine\base.py", line 1643, in _execute_clauseelement
    ret = self._execute_context(
  File "C:\Users\dayta\AppData\Local\Programs\Python\Python311\Lib\site-packages\sqlalchemy\engine\base.py", line 1848, in _execute_context
    return self._exec_single_context(
  File "C:\Users\dayta\AppData\Local\Programs\Python\Python311\Lib\site-packages\sqlalchemy\engine\base.py", line 1906, in _exec_single_context
    self._log_info(
  File "C:\Users\dayta\AppData\Local\Programs\Python\Python311\Lib\site-packages\sqlalchemy\engine\base.py", line 188, in _log_info
    self.engine.logger.info(message, *arg, **kw)
  File "C:\Users\dayta\AppData\Local\Programs\Python\Python311\Lib\site-packages\sqlalchemy\log.py", line 159, in info
    self.log(logging.INFO, msg, *args, **kwargs)
  File "C:\Users\dayta\AppData\Local\Programs\Python\Python311\Lib\site-packages\sqlalchemy\log.py", line 210, in log
    self.logger._log(level, msg, args, **kwargs)
Message: '[%s] %r'
Arguments: ('no key 0.00040s', {'id': 'UCl_jylbMCt2Fhfb7TtKphVA', 'title': 'Kim DiR\xe9', 'subscribers_count': 0, 'topic': None, 'custom_url': None, 'created_at': datetime.datetime(2026, 10, 6, 15, 53, 19, 943319, tzinfo=datetime.timezone.utc), 'param_1': 'Kim DiR\xe9', 'param_2': datetime.datetime(2026, 10, 6, 15, 53, 19, 943319, tzinfo=datetime.timezone.utc)})
--- Logging error ---
Traceback (most recent call last):
  File "C:\Users\dayta\AppData\Local\Programs\Python\Python311\Lib\logging\__init__.py", line 1113, in emit
    stream.write(msg + self.terminator)
  File "C:\Users\dayta\AppData\Local\Programs\Python\Python311\Lib\encodings\cp1251.py", line 19, in encode
    return codecs.charmap_encode(input,self.errors,encoding_table)[0]
           ^^^^^^^^^^^^^^^^^^^^^^^^^^^^^^^^^^^^^^^^^^^^^^^^^^^^^^^
UnicodeEncodeError: 'charmap' codec can't encode character '\xed' in position 128: character maps to <undefined>
Call stack:
  File "C:\Projects\Сайт анализ ниш1\scripts\run_discovery_worker.py", line 117, in <module>
    raise SystemExit(main())
  File "C:\Projects\Сайт анализ ниш1\scripts\run_discovery_worker.py", line 99, in main
    run_discovery_worker(
  File "C:\Projects\Сайт анализ ниш1\app\services\discovery_worker_runtime.py", line 118, in run_discovery_worker
    summary = run_discovery_cycle(
  File "C:\Projects\Сайт анализ ниш1\app\services\discovery_cycle.py", line 491, in run_discovery_cycle
    return asyncio.run(
  File "C:\Users\dayta\AppData\Local\Programs\Python\Python311\Lib\asyncio\runners.py", line 190, in run
    return runner.run(main)
  File "C:\Users\dayta\AppData\Local\Programs\Python\Python311\Lib\asyncio\runners.py", line 118, in run
    return self._loop.run_until_complete(task)
  File "C:\Users\dayta\AppData\Local\Programs\Python\Python311\Lib\asyncio\base_events.py", line 640, in run_until_complete
    self.run_forever()
  File "C:\Users\dayta\AppData\Local\Programs\Python\Python311\Lib\asyncio\windows_events.py", line 321, in run_forever
    super().run_forever()
  File "C:\Users\dayta\AppData\Local\Programs\Python\Python311\Lib\asyncio\base_events.py", line 607, in run_forever
    self._run_once()
  File "C:\Users\dayta\AppData\Local\Programs\Python\Python311\Lib\asyncio\base_events.py", line 1922, in _run_once
    handle._run()
  File "C:\Users\dayta\AppData\Local\Programs\Python\Python311\Lib\asyncio\events.py", line 80, in _run
    self._context.run(self._callback, *self._args)
  File "C:\Projects\Сайт анализ ниш1\app\services\discovery_cycle.py", line 322, in run_discovery_cycle_async
    persist_results, kw_duplicates_from_batch = batch_persist_discovered_videos(
  File "C:\Projects\Сайт анализ ниш1\app\services\discovered_video_batch.py", line 63, in batch_persist_discovered_videos
    outcome = persist_discovered_video(
  File "C:\Projects\Сайт анализ ниш1\app\services\discovered_video_persistence.py", line 202, in persist_discovered_video
    _upsert_discovered_channel(
  File "C:\Projects\Сайт анализ ниш1\app\services\discovered_video_persistence.py", line 150, in _upsert_discovered_channel
    session.execute(
  File "C:\Users\dayta\AppData\Local\Programs\Python\Python311\Lib\site-packages\sqlalchemy\orm\session.py", line 2373, in execute
    return self._execute_internal(
  File "C:\Users\dayta\AppData\Local\Programs\Python\Python311\Lib\site-packages\sqlalchemy\orm\session.py", line 2271, in _execute_internal
    result: Result[Any] = compile_state_cls.orm_execute_statement(
  File "C:\Users\dayta\AppData\Local\Programs\Python\Python311\Lib\site-packages\sqlalchemy\orm\bulk_persistence.py", line 1306, in orm_execute_statement
    result = conn.execute(
  File "C:\Users\dayta\AppData\Local\Programs\Python\Python311\Lib\site-packages\sqlalchemy\engine\base.py", line 1421, in execute
    return meth(
  File "C:\Users\dayta\AppData\Local\Programs\Python\Python311\Lib\site-packages\sqlalchemy\sql\elements.py", line 526, in _execute_on_connection
    return connection._execute_clauseelement(
  File "C:\Users\dayta\AppData\Local\Programs\Python\Python311\Lib\site-packages\sqlalchemy\engine\base.py", line 1643, in _execute_clauseelement
    ret = self._execute_context(
  File "C:\Users\dayta\AppData\Local\Programs\Python\Python311\Lib\site-packages\sqlalchemy\engine\base.py", line 1848, in _execute_context
    return self._exec_single_context(
  File "C:\Users\dayta\AppData\Local\Programs\Python\Python311\Lib\site-packages\sqlalchemy\engine\base.py", line 1906, in _exec_single_context
    self._log_info(
  File "C:\Users\dayta\AppData\Local\Programs\Python\Python311\Lib\site-packages\sqlalchemy\engine\base.py", line 188, in _log_info
    self.engine.logger.info(message, *arg, **kw)
  File "C:\Users\dayta\AppData\Local\Programs\Python\Python311\Lib\site-packages\sqlalchemy\log.py", line 159, in info
    self.log(logging.INFO, msg, *args, **kwargs)
  File "C:\Users\dayta\AppData\Local\Programs\Python\Python311\Lib\site-packages\sqlalchemy\log.py", line 210, in log
    self.logger._log(level, msg, args, **kwargs)
Message: '[%s] %r'
Arguments: ('no key 0.00038s', {'id': 'UCDBEb-FxIWSTTSOYILff8Cg', 'title': 'La Psicolog\xeda Extinta', 'subscribers_count': 0, 'topic': None, 'custom_url': None, 'created_at': datetime.datetime(2026, 10, 6, 15, 53, 20, 44085, tzinfo=datetime.timezone.utc), 'param_1': 'La Psicolog\xeda Extinta', 'param_2': datetime.datetime(2026, 10, 6, 15, 53, 20, 44085, tzinfo=datetime.timezone.utc)})
--- Logging error ---
Traceback (most recent call last):
  File "C:\Users\dayta\AppData\Local\Programs\Python\Python311\Lib\logging\__init__.py", line 1113, in emit
    stream.write(msg + self.terminator)
  File "C:\Users\dayta\AppData\Local\Programs\Python\Python311\Lib\encodings\cp1251.py", line 19, in encode
    return codecs.charmap_encode(input,self.errors,encoding_table)[0]
           ^^^^^^^^^^^^^^^^^^^^^^^^^^^^^^^^^^^^^^^^^^^^^^^^^^^^^^^
UnicodeEncodeError: 'charmap' codec can't encode characters in position 143-144: character maps to <undefined>
Call stack:
  File "C:\Projects\Сайт анализ ниш1\scripts\run_discovery_worker.py", line 117, in <module>
    raise SystemExit(main())
  File "C:\Projects\Сайт анализ ниш1\scripts\run_discovery_worker.py", line 99, in main
    run_discovery_worker(
  File "C:\Projects\Сайт анализ ниш1\app\services\discovery_worker_runtime.py", line 118, in run_discovery_worker
    summary = run_discovery_cycle(
  File "C:\Projects\Сайт анализ ниш1\app\services\discovery_cycle.py", line 491, in run_discovery_cycle
    return asyncio.run(
  File "C:\Users\dayta\AppData\Local\Programs\Python\Python311\Lib\asyncio\runners.py", line 190, in run
    return runner.run(main)
  File "C:\Users\dayta\AppData\Local\Programs\Python\Python311\Lib\asyncio\runners.py", line 118, in run
    return self._loop.run_until_complete(task)
  File "C:\Users\dayta\AppData\Local\Programs\Python\Python311\Lib\asyncio\base_events.py", line 640, in run_until_complete
    self.run_forever()
  File "C:\Users\dayta\AppData\Local\Programs\Python\Python311\Lib\asyncio\windows_events.py", line 321, in run_forever
    super().run_forever()
  File "C:\Users\dayta\AppData\Local\Programs\Python\Python311\Lib\asyncio\base_events.py", line 607, in run_forever
    self._run_once()
  File "C:\Users\dayta\AppData\Local\Programs\Python\Python311\Lib\asyncio\base_events.py", line 1922, in _run_once
    handle._run()
  File "C:\Users\dayta\AppData\Local\Programs\Python\Python311\Lib\asyncio\events.py", line 80, in _run
    self._context.run(self._callback, *self._args)
  File "C:\Projects\Сайт анализ ниш1\app\services\discovery_cycle.py", line 322, in run_discovery_cycle_async
    persist_results, kw_duplicates_from_batch = batch_persist_discovered_videos(
  File "C:\Projects\Сайт анализ ниш1\app\services\discovered_video_batch.py", line 63, in batch_persist_discovered_videos
    outcome = persist_discovered_video(
  File "C:\Projects\Сайт анализ ниш1\app\services\discovered_video_persistence.py", line 202, in persist_discovered_video
    _upsert_discovered_channel(
  File "C:\Projects\Сайт анализ ниш1\app\services\discovered_video_persistence.py", line 150, in _upsert_discovered_channel
    session.execute(
  File "C:\Users\dayta\AppData\Local\Programs\Python\Python311\Lib\site-packages\sqlalchemy\orm\session.py", line 2373, in execute
    return self._execute_internal(
  File "C:\Users\dayta\AppData\Local\Programs\Python\Python311\Lib\site-packages\sqlalchemy\orm\session.py", line 2271, in _execute_internal
    result: Result[Any] = compile_state_cls.orm_execute_statement(
  File "C:\Users\dayta\AppData\Local\Programs\Python\Python311\Lib\site-packages\sqlalchemy\orm\bulk_persistence.py", line 1306, in orm_execute_statement
    result = conn.execute(
  File "C:\Users\dayta\AppData\Local\Programs\Python\Python311\Lib\site-packages\sqlalchemy\engine\base.py", line 1421, in execute
    return meth(
  File "C:\Users\dayta\AppData\Local\Programs\Python\Python311\Lib\site-packages\sqlalchemy\sql\elements.py", line 526, in _execute_on_connection
    return connection._execute_clauseelement(
  File "C:\Users\dayta\AppData\Local\Programs\Python\Python311\Lib\site-packages\sqlalchemy\engine\base.py", line 1643, in _execute_clauseelement
    ret = self._execute_context(
  File "C:\Users\dayta\AppData\Local\Programs\Python\Python311\Lib\site-packages\sqlalchemy\engine\base.py", line 1848, in _execute_context
    return self._exec_single_context(
  File "C:\Users\dayta\AppData\Local\Programs\Python\Python311\Lib\site-packages\sqlalchemy\engine\base.py", line 1906, in _exec_single_context
    self._log_info(
  File "C:\Users\dayta\AppData\Local\Programs\Python\Python311\Lib\site-packages\sqlalchemy\engine\base.py", line 188, in _log_info
    self.engine.logger.info(message, *arg, **kw)
  File "C:\Users\dayta\AppData\Local\Programs\Python\Python311\Lib\site-packages\sqlalchemy\log.py", line 159, in info
    self.log(logging.INFO, msg, *args, **kwargs)
  File "C:\Users\dayta\AppData\Local\Programs\Python\Python311\Lib\site-packages\sqlalchemy\log.py", line 210, in log
    self.logger._log(level, msg, args, **kwargs)
Message: '[%s] %r'
Arguments: ('no key 0.00034s', {'id': 'UCjA82nlSZNvww6lkAViDj7g', 'title': "I'M AN1MEKUN and SOSUKE X \u5148\u8f29", 'subscribers_count': 61, 'topic': None, 'custom_url': None, 'created_at': datetime.datetime(2026, 10, 6, 15, 53, 20, 257165, tzinfo=datetime.timezone.utc), 'param_1': "I'M AN1MEKUN and SOSUKE X \u5148\u8f29", 'param_2': 61, 'param_3': datetime.datetime(2026, 10, 6, 15, 53, 20, 257165, tzinfo=datetime.timezone.utc)})
--- Logging error ---
Traceback (most recent call last):
  File "C:\Users\dayta\AppData\Local\Programs\Python\Python311\Lib\logging\__init__.py", line 1113, in emit
    stream.write(msg + self.terminator)
  File "C:\Users\dayta\AppData\Local\Programs\Python\Python311\Lib\encodings\cp1251.py", line 19, in encode
    return codecs.charmap_encode(input,self.errors,encoding_table)[0]
           ^^^^^^^^^^^^^^^^^^^^^^^^^^^^^^^^^^^^^^^^^^^^^^^^^^^^^^^
UnicodeEncodeError: 'charmap' codec can't encode character '\U0001f631' in position 231: character maps to <undefined>
Call stack:
  File "C:\Projects\Сайт анализ ниш1\scripts\run_discovery_worker.py", line 117, in <module>
    raise SystemExit(main())
  File "C:\Projects\Сайт анализ ниш1\scripts\run_discovery_worker.py", line 99, in main
    run_discovery_worker(
  File "C:\Projects\Сайт анализ ниш1\app\services\discovery_worker_runtime.py", line 118, in run_discovery_worker
    summary = run_discovery_cycle(
  File "C:\Projects\Сайт анализ ниш1\app\services\discovery_cycle.py", line 491, in run_discovery_cycle
    return asyncio.run(
  File "C:\Users\dayta\AppData\Local\Programs\Python\Python311\Lib\asyncio\runners.py", line 190, in run
    return runner.run(main)
  File "C:\Users\dayta\AppData\Local\Programs\Python\Python311\Lib\asyncio\runners.py", line 118, in run
    return self._loop.run_until_complete(task)
  File "C:\Users\dayta\AppData\Local\Programs\Python\Python311\Lib\asyncio\base_events.py", line 640, in run_until_complete
    self.run_forever()
  File "C:\Users\dayta\AppData\Local\Programs\Python\Python311\Lib\asyncio\windows_events.py", line 321, in run_forever
    super().run_forever()
  File "C:\Users\dayta\AppData\Local\Programs\Python\Python311\Lib\asyncio\base_events.py", line 607, in run_forever
    self._run_once()
  File "C:\Users\dayta\AppData\Local\Programs\Python\Python311\Lib\asyncio\base_events.py", line 1922, in _run_once
    handle._run()
  File "C:\Users\dayta\AppData\Local\Programs\Python\Python311\Lib\asyncio\events.py", line 80, in _run
    self._context.run(self._callback, *self._args)
  File "C:\Projects\Сайт анализ ниш1\app\services\discovery_cycle.py", line 219, in run_discovery_cycle_async
    scan = await scan_keyword_for_discovery(
  File "C:\Projects\Сайт анализ ниш1\app\services\discovery_keyword_scan.py", line 149, in scan_keyword_for_discovery
    process_result = await service.process_radar_videos(
  File "C:\Projects\Сайт анализ ниш1\app\services\explosive_channels_service.py", line 888, in process_radar_videos
    db.flush()
  File "C:\Users\dayta\AppData\Local\Programs\Python\Python311\Lib\site-packages\sqlalchemy\orm\session.py", line 4353, in flush
    self._flush(objects)
  File "C:\Users\dayta\AppData\Local\Programs\Python\Python311\Lib\site-packages\sqlalchemy\orm\session.py", line 4449, in _flush
    flush_context.execute()
  File "C:\Users\dayta\AppData\Local\Programs\Python\Python311\Lib\site-packages\sqlalchemy\orm\unitofwork.py", line 465, in execute
    rec.execute(self)
  File "C:\Users\dayta\AppData\Local\Programs\Python\Python311\Lib\site-packages\sqlalchemy\orm\unitofwork.py", line 641, in execute
    util.preloaded.orm_persistence.save_obj(
  File "C:\Users\dayta\AppData\Local\Programs\Python\Python311\Lib\site-packages\sqlalchemy\orm\persistence.py", line 86, in save_obj
    _emit_update_statements(
  File "C:\Users\dayta\AppData\Local\Programs\Python\Python311\Lib\site-packages\sqlalchemy\orm\persistence.py", line 913, in _emit_update_statements
    c = connection.execute(
  File "C:\Users\dayta\AppData\Local\Programs\Python\Python311\Lib\site-packages\sqlalchemy\engine\base.py", line 1421, in execute
    return meth(
  File "C:\Users\dayta\AppData\Local\Programs\Python\Python311\Lib\site-packages\sqlalchemy\sql\elements.py", line 526, in _execute_on_connection
    return connection._execute_clauseelement(
  File "C:\Users\dayta\AppData\Local\Programs\Python\Python311\Lib\site-packages\sqlalchemy\engine\base.py", line 1643, in _execute_clauseelement
    ret = self._execute_context(
  File "C:\Users\dayta\AppData\Local\Programs\Python\Python311\Lib\site-packages\sqlalchemy\engine\base.py", line 1848, in _execute_context
    return self._exec_single_context(
  File "C:\Users\dayta\AppData\Local\Programs\Python\Python311\Lib\site-packages\sqlalchemy\engine\base.py", line 1906, in _exec_single_context
    self._log_info(
  File "C:\Users\dayta\AppData\Local\Programs\Python\Python311\Lib\site-packages\sqlalchemy\engine\base.py", line 188, in _log_info
    self.engine.logger.info(message, *arg, **kw)
  File "C:\Users\dayta\AppData\Local\Programs\Python\Python311\Lib\site-packages\sqlalchemy\log.py", line 159, in info
    self.log(logging.INFO, msg, *args, **kwargs)
  File "C:\Users\dayta\AppData\Local\Programs\Python\Python311\Lib\site-packages\sqlalchemy\log.py", line 210, in log
    self.logger._log(level, msg, args, **kwargs)
Message: '[%s] %r'
Arguments: ('cached since 69.48s ago', {'subscribers': 25, 'viral_coefficient': 5799.72, 'representative_video_id': 'YQXjgosIhbU', 'representative_video_title': 'Uttarakhand Ka Bhootiya Ped \U0001f631| Subscriber Real Story | Real Horror Story #horror #horrorstory #evil', 'representative_video_thumbnail': 'https://i.ytimg.com/vi/YQXjgosIhbU/hq720.jpg?sqp=-oaymwEcCNAFEJQDSFXyq4qpAw4IARUAAIhCGAFwAcABBg==&rs=AOn4CLAdQLwSbop3hmLsFrlO5tgNdfbizw', 'representative_video_views': 144993, 'vph': 6041.37, 'updated_at': datetime.datetime(2026, 10, 6, 15, 53, 25, 625904, tzinfo=datetime.timezone.utc), 'explosive_channels_channel_id': 'UCVIq229U5A54UVzHQJqZCPQ'})
--- Logging error ---
Traceback (most recent call last):
  File "C:\Users\dayta\AppData\Local\Programs\Python\Python311\Lib\logging\__init__.py", line 1113, in emit
    stream.write(msg + self.terminator)
  File "C:\Users\dayta\AppData\Local\Programs\Python\Python311\Lib\encodings\cp1251.py", line 19, in encode
    return codecs.charmap_encode(input,self.errors,encoding_table)[0]
           ^^^^^^^^^^^^^^^^^^^^^^^^^^^^^^^^^^^^^^^^^^^^^^^^^^^^^^^
UnicodeEncodeError: 'charmap' codec can't encode character '\U0001f525' in position 476: character maps to <undefined>
Call stack:
  File "C:\Projects\Сайт анализ ниш1\scripts\run_discovery_worker.py", line 117, in <module>
    raise SystemExit(main())
  File "C:\Projects\Сайт анализ ниш1\scripts\run_discovery_worker.py", line 99, in main
    run_discovery_worker(
  File "C:\Projects\Сайт анализ ниш1\app\services\discovery_worker_runtime.py", line 118, in run_discovery_worker
    summary = run_discovery_cycle(
  File "C:\Projects\Сайт анализ ниш1\app\services\discovery_cycle.py", line 491, in run_discovery_cycle
    return asyncio.run(
  File "C:\Users\dayta\AppData\Local\Programs\Python\Python311\Lib\asyncio\runners.py", line 190, in run
    return runner.run(main)
  File "C:\Users\dayta\AppData\Local\Programs\Python\Python311\Lib\asyncio\runners.py", line 118, in run
    return self._loop.run_until_complete(task)
  File "C:\Users\dayta\AppData\Local\Programs\Python\Python311\Lib\asyncio\base_events.py", line 640, in run_until_complete
    self.run_forever()
  File "C:\Users\dayta\AppData\Local\Programs\Python\Python311\Lib\asyncio\windows_events.py", line 321, in run_forever
    super().run_forever()
  File "C:\Users\dayta\AppData\Local\Programs\Python\Python311\Lib\asyncio\base_events.py", line 607, in run_forever
    self._run_once()
  File "C:\Users\dayta\AppData\Local\Programs\Python\Python311\Lib\asyncio\base_events.py", line 1922, in _run_once
    handle._run()
  File "C:\Users\dayta\AppData\Local\Programs\Python\Python311\Lib\asyncio\events.py", line 80, in _run
    self._context.run(self._callback, *self._args)
  File "C:\Projects\Сайт анализ ниш1\app\services\discovery_cycle.py", line 219, in run_discovery_cycle_async
    scan = await scan_keyword_for_discovery(
  File "C:\Projects\Сайт анализ ниш1\app\services\discovery_keyword_scan.py", line 149, in scan_keyword_for_discovery
    process_result = await service.process_radar_videos(
  File "C:\Projects\Сайт анализ ниш1\app\services\explosive_channels_service.py", line 845, in process_radar_videos
    hit = self._register_channel_video(
  File "C:\Projects\Сайт анализ ниш1\app\services\explosive_channels_service.py", line 1066, in _register_channel_video
    db.flush()
  File "C:\Users\dayta\AppData\Local\Programs\Python\Python311\Lib\site-packages\sqlalchemy\orm\session.py", line 4353, in flush
    self._flush(objects)
  File "C:\Users\dayta\AppData\Local\Programs\Python\Python311\Lib\site-packages\sqlalchemy\orm\session.py", line 4449, in _flush
    flush_context.execute()
  File "C:\Users\dayta\AppData\Local\Programs\Python\Python311\Lib\site-packages\sqlalchemy\orm\unitofwork.py", line 465, in execute
    rec.execute(self)
  File "C:\Users\dayta\AppData\Local\Programs\Python\Python311\Lib\site-packages\sqlalchemy\orm\unitofwork.py", line 641, in execute
    util.preloaded.orm_persistence.save_obj(
  File "C:\Users\dayta\AppData\Local\Programs\Python\Python311\Lib\site-packages\sqlalchemy\orm\persistence.py", line 94, in save_obj
    _emit_insert_statements(
  File "C:\Users\dayta\AppData\Local\Programs\Python\Python311\Lib\site-packages\sqlalchemy\orm\persistence.py", line 1049, in _emit_insert_statements
    result = connection.execute(
  File "C:\Users\dayta\AppData\Local\Programs\Python\Python311\Lib\site-packages\sqlalchemy\engine\base.py", line 1421, in execute
    return meth(
  File "C:\Users\dayta\AppData\Local\Programs\Python\Python311\Lib\site-packages\sqlalchemy\sql\elements.py", line 526, in _execute_on_connection
    return connection._execute_clauseelement(
  File "C:\Users\dayta\AppData\Local\Programs\Python\Python311\Lib\site-packages\sqlalchemy\engine\base.py", line 1643, in _execute_clauseelement
    ret = self._execute_context(
  File "C:\Users\dayta\AppData\Local\Programs\Python\Python311\Lib\site-packages\sqlalchemy\engine\base.py", line 1848, in _execute_context
    return self._exec_single_context(
  File "C:\Users\dayta\AppData\Local\Programs\Python\Python311\Lib\site-packages\sqlalchemy\engine\base.py", line 1906, in _exec_single_context
    self._log_info(
  File "C:\Users\dayta\AppData\Local\Programs\Python\Python311\Lib\site-packages\sqlalchemy\engine\base.py", line 188, in _log_info
    self.engine.logger.info(message, *arg, **kw)
  File "C:\Users\dayta\AppData\Local\Programs\Python\Python311\Lib\site-packages\sqlalchemy\log.py", line 159, in info
    self.log(logging.INFO, msg, *args, **kwargs)
  File "C:\Users\dayta\AppData\Local\Programs\Python\Python311\Lib\site-packages\sqlalchemy\log.py", line 210, in log
    self.logger._log(level, msg, args, **kwargs)
Message: '[%s] %r'
Arguments: ('cached since 1097s ago', {'channel_id': 'UCPON6TYu-z1QWXeo7bPlQLw', 'channel_name': 'Raajveer Khanna - PROUD INDIAN', 'avatar_url': 'https://yt3.ggpht.com/_vf_zQwVhK3dG9OwBCjENwXOM2oRGzA4-YQz8-4Gmu7QiSlYjLOuNEODPVg9mIQuJ8InQvkjS1E=s68-c-k-c0x00ffffff-no-rj', 'subscribers': 15300, 'channel_age_days': 0, 'total_views': 0, 'viral_coefficient': 4.93, 'representative_video_id': 'O-ZferDsmXM', 'representative_video_title': '\U0001f525 TRUE HORROR STORY: Gurgaon Call Centre Ka Khauf | Raat Ki Woh Sachchi Kahani \U0001f4f1', 'representative_video_thumbnail': 'https://i.ytimg.com/vi/O-ZferDsmXM/hq720.jpg?sqp=-oaymwEcCNAFEJQDSFXyq4qpAw4IARUAAIhCGAFwAcABBg==&rs=AOn4CLAOHsiG1xzMd5Xv1ztZfEhvPhrVWw', 'representative_video_views': 75376, 'vph': 3768.8, 'updated_at': datetime.datetime(2026, 10, 6, 15, 53, 36, 701615, tzinfo=datetime.timezone.utc)})
--- Logging error ---
Traceback (most recent call last):
  File "C:\Users\dayta\AppData\Local\Programs\Python\Python311\Lib\logging\__init__.py", line 1113, in emit
    stream.write(msg + self.terminator)
  File "C:\Users\dayta\AppData\Local\Programs\Python\Python311\Lib\encodings\cp1251.py", line 19, in encode
    return codecs.charmap_encode(input,self.errors,encoding_table)[0]
           ^^^^^^^^^^^^^^^^^^^^^^^^^^^^^^^^^^^^^^^^^^^^^^^^^^^^^^^
UnicodeEncodeError: 'charmap' codec can't encode characters in position 117-122: character maps to <undefined>
Call stack:
  File "C:\Projects\Сайт анализ ниш1\scripts\run_discovery_worker.py", line 117, in <module>
    raise SystemExit(main())
  File "C:\Projects\Сайт анализ ниш1\scripts\run_discovery_worker.py", line 99, in main
    run_discovery_worker(
  File "C:\Projects\Сайт анализ ниш1\app\services\discovery_worker_runtime.py", line 118, in run_discovery_worker
    summary = run_discovery_cycle(
  File "C:\Projects\Сайт анализ ниш1\app\services\discovery_cycle.py", line 491, in run_discovery_cycle
    return asyncio.run(
  File "C:\Users\dayta\AppData\Local\Programs\Python\Python311\Lib\asyncio\runners.py", line 190, in run
    return runner.run(main)
  File "C:\Users\dayta\AppData\Local\Programs\Python\Python311\Lib\asyncio\runners.py", line 118, in run
    return self._loop.run_until_complete(task)
  File "C:\Users\dayta\AppData\Local\Programs\Python\Python311\Lib\asyncio\base_events.py", line 640, in run_until_complete
    self.run_forever()
  File "C:\Users\dayta\AppData\Local\Programs\Python\Python311\Lib\asyncio\windows_events.py", line 321, in run_forever
    super().run_forever()
  File "C:\Users\dayta\AppData\Local\Programs\Python\Python311\Lib\asyncio\base_events.py", line 607, in run_forever
    self._run_once()
  File "C:\Users\dayta\AppData\Local\Programs\Python\Python311\Lib\asyncio\base_events.py", line 1922, in _run_once
    handle._run()
  File "C:\Users\dayta\AppData\Local\Programs\Python\Python311\Lib\asyncio\events.py", line 80, in _run
    self._context.run(self._callback, *self._args)
  File "C:\Projects\Сайт анализ ниш1\app\services\discovery_cycle.py", line 322, in run_discovery_cycle_async
    persist_results, kw_duplicates_from_batch = batch_persist_discovered_videos(
  File "C:\Projects\Сайт анализ ниш1\app\services\discovered_video_batch.py", line 63, in batch_persist_discovered_videos
    outcome = persist_discovered_video(
  File "C:\Projects\Сайт анализ ниш1\app\services\discovered_video_persistence.py", line 202, in persist_discovered_video
    _upsert_discovered_channel(
  File "C:\Projects\Сайт анализ ниш1\app\services\discovered_video_persistence.py", line 150, in _upsert_discovered_channel
    session.execute(
  File "C:\Users\dayta\AppData\Local\Programs\Python\Python311\Lib\site-packages\sqlalchemy\orm\session.py", line 2373, in execute
    return self._execute_internal(
  File "C:\Users\dayta\AppData\Local\Programs\Python\Python311\Lib\site-packages\sqlalchemy\orm\session.py", line 2271, in _execute_internal
    result: Result[Any] = compile_state_cls.orm_execute_statement(
  File "C:\Users\dayta\AppData\Local\Programs\Python\Python311\Lib\site-packages\sqlalchemy\orm\bulk_persistence.py", line 1306, in orm_execute_statement
    result = conn.execute(
  File "C:\Users\dayta\AppData\Local\Programs\Python\Python311\Lib\site-packages\sqlalchemy\engine\base.py", line 1421, in execute
    return meth(
  File "C:\Users\dayta\AppData\Local\Programs\Python\Python311\Lib\site-packages\sqlalchemy\sql\elements.py", line 526, in _execute_on_connection
    return connection._execute_clauseelement(
  File "C:\Users\dayta\AppData\Local\Programs\Python\Python311\Lib\site-packages\sqlalchemy\engine\base.py", line 1643, in _execute_clauseelement
    ret = self._execute_context(
  File "C:\Users\dayta\AppData\Local\Programs\Python\Python311\Lib\site-packages\sqlalchemy\engine\base.py", line 1848, in _execute_context
    return self._exec_single_context(
  File "C:\Users\dayta\AppData\Local\Programs\Python\Python311\Lib\site-packages\sqlalchemy\engine\base.py", line 1906, in _exec_single_context
    self._log_info(
  File "C:\Users\dayta\AppData\Local\Programs\Python\Python311\Lib\site-packages\sqlalchemy\engine\base.py", line 188, in _log_info
    self.engine.logger.info(message, *arg, **kw)
  File "C:\Users\dayta\AppData\Local\Programs\Python\Python311\Lib\site-packages\sqlalchemy\log.py", line 159, in info
    self.log(logging.INFO, msg, *args, **kwargs)
  File "C:\Users\dayta\AppData\Local\Programs\Python\Python311\Lib\site-packages\sqlalchemy\log.py", line 210, in log
    self.logger._log(level, msg, args, **kwargs)
Message: '[%s] %r'
Arguments: ('no key 0.00039s', {'id': 'UCgMHUHq1iLwYxdNdLuBlsCg', 'title': '\u062d\u0643\u0627\u064a\u0627\u062a \u0627\u0633\u0643\u0631\u0628\u062a | \u064a\u0648\u0633\u0641 \u0639\u0644\u064a', 'subscribers_count': 0, 'topic': None, 'custom_url': None, 'created_at': datetime.datetime(2026, 10, 6, 15, 54, 31, 858584, tzinfo=datetime.timezone.utc), 'param_1': '\u062d\u0643\u0627\u064a\u0627\u062a \u0627\u0633\u0643\u0631\u0628\u062a | \u064a\u0648\u0633\u0641 \u0639\u0644\u064a', 'param_2': datetime.datetime(2026, 10, 6, 15, 54, 31, 858584, tzinfo=datetime.timezone.utc)})
--- Logging error ---
Traceback (most recent call last):
  File "C:\Users\dayta\AppData\Local\Programs\Python\Python311\Lib\logging\__init__.py", line 1113, in emit
    stream.write(msg + self.terminator)
  File "C:\Users\dayta\AppData\Local\Programs\Python\Python311\Lib\encodings\cp1251.py", line 19, in encode
    return codecs.charmap_encode(input,self.errors,encoding_table)[0]
           ^^^^^^^^^^^^^^^^^^^^^^^^^^^^^^^^^^^^^^^^^^^^^^^^^^^^^^^
UnicodeEncodeError: 'charmap' codec can't encode characters in position 117-126: character maps to <undefined>
Call stack:
  File "C:\Projects\Сайт анализ ниш1\scripts\run_discovery_worker.py", line 117, in <module>
    raise SystemExit(main())
  File "C:\Projects\Сайт анализ ниш1\scripts\run_discovery_worker.py", line 99, in main
    run_discovery_worker(
  File "C:\Projects\Сайт анализ ниш1\app\services\discovery_worker_runtime.py", line 118, in run_discovery_worker
    summary = run_discovery_cycle(
  File "C:\Projects\Сайт анализ ниш1\app\services\discovery_cycle.py", line 491, in run_discovery_cycle
    return asyncio.run(
  File "C:\Users\dayta\AppData\Local\Programs\Python\Python311\Lib\asyncio\runners.py", line 190, in run
    return runner.run(main)
  File "C:\Users\dayta\AppData\Local\Programs\Python\Python311\Lib\asyncio\runners.py", line 118, in run
    return self._loop.run_until_complete(task)
  File "C:\Users\dayta\AppData\Local\Programs\Python\Python311\Lib\asyncio\base_events.py", line 640, in run_until_complete
    self.run_forever()
  File "C:\Users\dayta\AppData\Local\Programs\Python\Python311\Lib\asyncio\windows_events.py", line 321, in run_forever
    super().run_forever()
  File "C:\Users\dayta\AppData\Local\Programs\Python\Python311\Lib\asyncio\base_events.py", line 607, in run_forever
    self._run_once()
  File "C:\Users\dayta\AppData\Local\Programs\Python\Python311\Lib\asyncio\base_events.py", line 1922, in _run_once
    handle._run()
  File "C:\Users\dayta\AppData\Local\Programs\Python\Python311\Lib\asyncio\events.py", line 80, in _run
    self._context.run(self._callback, *self._args)
  File "C:\Projects\Сайт анализ ниш1\app\services\discovery_cycle.py", line 322, in run_discovery_cycle_async
    persist_results, kw_duplicates_from_batch = batch_persist_discovered_videos(
  File "C:\Projects\Сайт анализ ниш1\app\services\discovered_video_batch.py", line 63, in batch_persist_discovered_videos
    outcome = persist_discovered_video(
  File "C:\Projects\Сайт анализ ниш1\app\services\discovered_video_persistence.py", line 202, in persist_discovered_video
    _upsert_discovered_channel(
  File "C:\Projects\Сайт анализ ниш1\app\services\discovered_video_persistence.py", line 150, in _upsert_discovered_channel
    session.execute(
  File "C:\Users\dayta\AppData\Local\Programs\Python\Python311\Lib\site-packages\sqlalchemy\orm\session.py", line 2373, in execute
    return self._execute_internal(
  File "C:\Users\dayta\AppData\Local\Programs\Python\Python311\Lib\site-packages\sqlalchemy\orm\session.py", line 2271, in _execute_internal
    result: Result[Any] = compile_state_cls.orm_execute_statement(
  File "C:\Users\dayta\AppData\Local\Programs\Python\Python311\Lib\site-packages\sqlalchemy\orm\bulk_persistence.py", line 1306, in orm_execute_statement
    result = conn.execute(
  File "C:\Users\dayta\AppData\Local\Programs\Python\Python311\Lib\site-packages\sqlalchemy\engine\base.py", line 1421, in execute
    return meth(
  File "C:\Users\dayta\AppData\Local\Programs\Python\Python311\Lib\site-packages\sqlalchemy\sql\elements.py", line 526, in _execute_on_connection
    return connection._execute_clauseelement(
  File "C:\Users\dayta\AppData\Local\Programs\Python\Python311\Lib\site-packages\sqlalchemy\engine\base.py", line 1643, in _execute_clauseelement
    ret = self._execute_context(
  File "C:\Users\dayta\AppData\Local\Programs\Python\Python311\Lib\site-packages\sqlalchemy\engine\base.py", line 1848, in _execute_context
    return self._exec_single_context(
  File "C:\Users\dayta\AppData\Local\Programs\Python\Python311\Lib\site-packages\sqlalchemy\engine\base.py", line 1906, in _exec_single_context
    self._log_info(
  File "C:\Users\dayta\AppData\Local\Programs\Python\Python311\Lib\site-packages\sqlalchemy\engine\base.py", line 188, in _log_info
    self.engine.logger.info(message, *arg, **kw)
  File "C:\Users\dayta\AppData\Local\Programs\Python\Python311\Lib\site-packages\sqlalchemy\log.py", line 159, in info
    self.log(logging.INFO, msg, *args, **kwargs)
  File "C:\Users\dayta\AppData\Local\Programs\Python\Python311\Lib\site-packages\sqlalchemy\log.py", line 210, in log
    self.logger._log(level, msg, args, **kwargs)
Message: '[%s] %r'
Arguments: ('no key 0.00028s', {'id': 'UC5D1Es69Ilcamh8sT9mmVVw', 'title': '\u0e2b\u0e21\u0e39\u0e48\u0e40\u0e1f\u0e34\u0e23\u0e4c\u0e2a \u0e14\u0e2d\u0e22\u0e40\u0e15\u0e48\u0e32.', 'subscribers_count': 0, 'topic': None, 'custom_url': None, 'created_at': datetime.datetime(2026, 10, 6, 15, 54, 31, 986667, tzinfo=datetime.timezone.utc), 'param_1': '\u0e2b\u0e21\u0e39\u0e48\u0e40\u0e1f\u0e34\u0e23\u0e4c\u0e2a \u0e14\u0e2d\u0e22\u0e40\u0e15\u0e48\u0e32.', 'param_2': datetime.datetime(2026, 10, 6, 15, 54, 31, 986667, tzinfo=datetime.timezone.utc)})
--- Logging error ---
Traceback (most recent call last):
  File "C:\Users\dayta\AppData\Local\Programs\Python\Python311\Lib\logging\__init__.py", line 1113, in emit
    stream.write(msg + self.terminator)
  File "C:\Users\dayta\AppData\Local\Programs\Python\Python311\Lib\encodings\cp1251.py", line 19, in encode
    return codecs.charmap_encode(input,self.errors,encoding_table)[0]
           ^^^^^^^^^^^^^^^^^^^^^^^^^^^^^^^^^^^^^^^^^^^^^^^^^^^^^^^
UnicodeEncodeError: 'charmap' codec can't encode character '\u011f' in position 121: character maps to <undefined>
Call stack:
  File "C:\Projects\Сайт анализ ниш1\scripts\run_discovery_worker.py", line 117, in <module>
    raise SystemExit(main())
  File "C:\Projects\Сайт анализ ниш1\scripts\run_discovery_worker.py", line 99, in main
    run_discovery_worker(
  File "C:\Projects\Сайт анализ ниш1\app\services\discovery_worker_runtime.py", line 118, in run_discovery_worker
    summary = run_discovery_cycle(
  File "C:\Projects\Сайт анализ ниш1\app\services\discovery_cycle.py", line 491, in run_discovery_cycle
    return asyncio.run(
  File "C:\Users\dayta\AppData\Local\Programs\Python\Python311\Lib\asyncio\runners.py", line 190, in run
    return runner.run(main)
  File "C:\Users\dayta\AppData\Local\Programs\Python\Python311\Lib\asyncio\runners.py", line 118, in run
    return self._loop.run_until_complete(task)
  File "C:\Users\dayta\AppData\Local\Programs\Python\Python311\Lib\asyncio\base_events.py", line 640, in run_until_complete
    self.run_forever()
  File "C:\Users\dayta\AppData\Local\Programs\Python\Python311\Lib\asyncio\windows_events.py", line 321, in run_forever
    super().run_forever()
  File "C:\Users\dayta\AppData\Local\Programs\Python\Python311\Lib\asyncio\base_events.py", line 607, in run_forever
    self._run_once()
  File "C:\Users\dayta\AppData\Local\Programs\Python\Python311\Lib\asyncio\base_events.py", line 1922, in _run_once
    handle._run()
  File "C:\Users\dayta\AppData\Local\Programs\Python\Python311\Lib\asyncio\events.py", line 80, in _run
    self._context.run(self._callback, *self._args)
  File "C:\Projects\Сайт анализ ниш1\app\services\discovery_cycle.py", line 322, in run_discovery_cycle_async
    persist_results, kw_duplicates_from_batch = batch_persist_discovered_videos(
  File "C:\Projects\Сайт анализ ниш1\app\services\discovered_video_batch.py", line 63, in batch_persist_discovered_videos
    outcome = persist_discovered_video(
  File "C:\Projects\Сайт анализ ниш1\app\services\discovered_video_persistence.py", line 202, in persist_discovered_video
    _upsert_discovered_channel(
  File "C:\Projects\Сайт анализ ниш1\app\services\discovered_video_persistence.py", line 150, in _upsert_discovered_channel
    session.execute(
  File "C:\Users\dayta\AppData\Local\Programs\Python\Python311\Lib\site-packages\sqlalchemy\orm\session.py", line 2373, in execute
    return self._execute_internal(
  File "C:\Users\dayta\AppData\Local\Programs\Python\Python311\Lib\site-packages\sqlalchemy\orm\session.py", line 2271, in _execute_internal
    result: Result[Any] = compile_state_cls.orm_execute_statement(
  File "C:\Users\dayta\AppData\Local\Programs\Python\Python311\Lib\site-packages\sqlalchemy\orm\bulk_persistence.py", line 1306, in orm_execute_statement
    result = conn.execute(
  File "C:\Users\dayta\AppData\Local\Programs\Python\Python311\Lib\site-packages\sqlalchemy\engine\base.py", line 1421, in execute
    return meth(
  File "C:\Users\dayta\AppData\Local\Programs\Python\Python311\Lib\site-packages\sqlalchemy\sql\elements.py", line 526, in _execute_on_connection
    return connection._execute_clauseelement(
  File "C:\Users\dayta\AppData\Local\Programs\Python\Python311\Lib\site-packages\sqlalchemy\engine\base.py", line 1643, in _execute_clauseelement
    ret = self._execute_context(
  File "C:\Users\dayta\AppData\Local\Programs\Python\Python311\Lib\site-packages\sqlalchemy\engine\base.py", line 1848, in _execute_context
    return self._exec_single_context(
  File "C:\Users\dayta\AppData\Local\Programs\Python\Python311\Lib\site-packages\sqlalchemy\engine\base.py", line 1906, in _exec_single_context
    self._log_info(
  File "C:\Users\dayta\AppData\Local\Programs\Python\Python311\Lib\site-packages\sqlalchemy\engine\base.py", line 188, in _log_info
    self.engine.logger.info(message, *arg, **kw)
  File "C:\Users\dayta\AppData\Local\Programs\Python\Python311\Lib\site-packages\sqlalchemy\log.py", line 159, in info
    self.log(logging.INFO, msg, *args, **kwargs)
  File "C:\Users\dayta\AppData\Local\Programs\Python\Python311\Lib\site-packages\sqlalchemy\log.py", line 210, in log
    self.logger._log(level, msg, args, **kwargs)
Message: '[%s] %r'
Arguments: ('no key 0.00040s', {'id': 'UCxhPbJr0dvaOpHVlSgP77kA', 'title': 'aytu\u011f \xfc\xe7\xfcnc\xfc', 'subscribers_count': 0, 'topic': None, 'custom_url': None, 'created_at': datetime.datetime(2026, 10, 6, 15, 54, 32, 181420, tzinfo=datetime.timezone.utc), 'param_1': 'aytu\u011f \xfc\xe7\xfcnc\xfc', 'param_2': datetime.datetime(2026, 10, 6, 15, 54, 32, 181420, tzinfo=datetime.timezone.utc)})
--- Logging error ---
Traceback (most recent call last):
  File "C:\Users\dayta\AppData\Local\Programs\Python\Python311\Lib\logging\__init__.py", line 1113, in emit
    stream.write(msg + self.terminator)
  File "C:\Users\dayta\AppData\Local\Programs\Python\Python311\Lib\encodings\cp1251.py", line 19, in encode
    return codecs.charmap_encode(input,self.errors,encoding_table)[0]
           ^^^^^^^^^^^^^^^^^^^^^^^^^^^^^^^^^^^^^^^^^^^^^^^^^^^^^^^
UnicodeEncodeError: 'charmap' codec can't encode character '\U0001faa6' in position 134: character maps to <undefined>
Call stack:
  File "C:\Projects\Сайт анализ ниш1\scripts\run_discovery_worker.py", line 117, in <module>
    raise SystemExit(main())
  File "C:\Projects\Сайт анализ ниш1\scripts\run_discovery_worker.py", line 99, in main
    run_discovery_worker(
  File "C:\Projects\Сайт анализ ниш1\app\services\discovery_worker_runtime.py", line 118, in run_discovery_worker
    summary = run_discovery_cycle(
  File "C:\Projects\Сайт анализ ниш1\app\services\discovery_cycle.py", line 491, in run_discovery_cycle
    return asyncio.run(
  File "C:\Users\dayta\AppData\Local\Programs\Python\Python311\Lib\asyncio\runners.py", line 190, in run
    return runner.run(main)
  File "C:\Users\dayta\AppData\Local\Programs\Python\Python311\Lib\asyncio\runners.py", line 118, in run
    return self._loop.run_until_complete(task)
  File "C:\Users\dayta\AppData\Local\Programs\Python\Python311\Lib\asyncio\base_events.py", line 640, in run_until_complete
    self.run_forever()
  File "C:\Users\dayta\AppData\Local\Programs\Python\Python311\Lib\asyncio\windows_events.py", line 321, in run_forever
    super().run_forever()
  File "C:\Users\dayta\AppData\Local\Programs\Python\Python311\Lib\asyncio\base_events.py", line 607, in run_forever
    self._run_once()
  File "C:\Users\dayta\AppData\Local\Programs\Python\Python311\Lib\asyncio\base_events.py", line 1922, in _run_once
    handle._run()
  File "C:\Users\dayta\AppData\Local\Programs\Python\Python311\Lib\asyncio\events.py", line 80, in _run
    self._context.run(self._callback, *self._args)
  File "C:\Projects\Сайт анализ ниш1\app\services\discovery_cycle.py", line 322, in run_discovery_cycle_async
    persist_results, kw_duplicates_from_batch = batch_persist_discovered_videos(
  File "C:\Projects\Сайт анализ ниш1\app\services\discovered_video_batch.py", line 63, in batch_persist_discovered_videos
    outcome = persist_discovered_video(
  File "C:\Projects\Сайт анализ ниш1\app\services\discovered_video_persistence.py", line 202, in persist_discovered_video
    _upsert_discovered_channel(
  File "C:\Projects\Сайт анализ ниш1\app\services\discovered_video_persistence.py", line 150, in _upsert_discovered_channel
    session.execute(
  File "C:\Users\dayta\AppData\Local\Programs\Python\Python311\Lib\site-packages\sqlalchemy\orm\session.py", line 2373, in execute
    return self._execute_internal(
  File "C:\Users\dayta\AppData\Local\Programs\Python\Python311\Lib\site-packages\sqlalchemy\orm\session.py", line 2271, in _execute_internal
    result: Result[Any] = compile_state_cls.orm_execute_statement(
  File "C:\Users\dayta\AppData\Local\Programs\Python\Python311\Lib\site-packages\sqlalchemy\orm\bulk_persistence.py", line 1306, in orm_execute_statement
    result = conn.execute(
  File "C:\Users\dayta\AppData\Local\Programs\Python\Python311\Lib\site-packages\sqlalchemy\engine\base.py", line 1421, in execute
    return meth(
  File "C:\Users\dayta\AppData\Local\Programs\Python\Python311\Lib\site-packages\sqlalchemy\sql\elements.py", line 526, in _execute_on_connection
    return connection._execute_clauseelement(
  File "C:\Users\dayta\AppData\Local\Programs\Python\Python311\Lib\site-packages\sqlalchemy\engine\base.py", line 1643, in _execute_clauseelement
    ret = self._execute_context(
  File "C:\Users\dayta\AppData\Local\Programs\Python\Python311\Lib\site-packages\sqlalchemy\engine\base.py", line 1848, in _execute_context
    return self._exec_single_context(
  File "C:\Users\dayta\AppData\Local\Programs\Python\Python311\Lib\site-packages\sqlalchemy\engine\base.py", line 1906, in _exec_single_context
    self._log_info(
  File "C:\Users\dayta\AppData\Local\Programs\Python\Python311\Lib\site-packages\sqlalchemy\engine\base.py", line 188, in _log_info
    self.engine.logger.info(message, *arg, **kw)
  File "C:\Users\dayta\AppData\Local\Programs\Python\Python311\Lib\site-packages\sqlalchemy\log.py", line 159, in info
    self.log(logging.INFO, msg, *args, **kwargs)
  File "C:\Users\dayta\AppData\Local\Programs\Python\Python311\Lib\site-packages\sqlalchemy\log.py", line 210, in log
    self.logger._log(level, msg, args, **kwargs)
Message: '[%s] %r'
Arguments: ('no key 0.00033s', {'id': 'UCmHic9cXe7Ok5pPx-Cy1TPw', 'title': 'Gravehush Horror \U0001faa6', 'subscribers_count': 0, 'topic': None, 'custom_url': None, 'created_at': datetime.datetime(2026, 10, 6, 15, 54, 32, 664544, tzinfo=datetime.timezone.utc), 'param_1': 'Gravehush Horror \U0001faa6', 'param_2': datetime.datetime(2026, 10, 6, 15, 54, 32, 664544, tzinfo=datetime.timezone.utc)})
